{
"type": "FeatureCollection",
"name": "pharmacies_ch",
"crs": { "type": "name", "properties": { "name": "urn:ogc:def:crs:EPSG::2056" } },
"features": [
{ "type": "Feature", "properties": { "osm_id": 75757805, "name": "Apotheke zum Rebstock", "postcode": "8712", "city": "Stäfa", "lat": 47.2409751, "lon": 8.7262277 }, "geometry": { "type": "Point", "coordinates": [ 2697486.195943125057966, 1233027.824057267978787 ] } },
{ "type": "Feature", "properties": { "osm_id": 132405322, "name": "Amavita", "postcode": "8180", "city": "Bülach", "lat": 47.520987, "lon": 8.540215 }, "geometry": { "type": "Point", "coordinates": [ 2682966.866224402096123, 1263942.747123862151057 ] } },
{ "type": "Feature", "properties": { "osm_id": 244444037, "name": "SunStore", "postcode": "", "city": "", "lat": 46.7879597, "lon": 6.620956 }, "geometry": { "type": "Point", "coordinates": [ 2537565.37398949963972, 1182192.047360541298985 ] } },
{ "type": "Feature", "properties": { "osm_id": 246249851, "name": "Medbase Apotheke Zentrum Töss", "postcode": "8406", "city": "Winterthur", "lat": 47.4917575, "lon": 8.7060655 }, "geometry": { "type": "Point", "coordinates": [ 2695509.445347567554563, 1260881.798596210312098 ] } },
{ "type": "Feature", "properties": { "osm_id": 246249855, "name": "Adler-Apotheke", "postcode": "8400", "city": "Winterthur", "lat": 47.4990282, "lon": 8.7242591 }, "geometry": { "type": "Point", "coordinates": [ 2696867.076149931177497, 1261712.398910688702017 ] } },
{ "type": "Feature", "properties": { "osm_id": 254290266, "name": "TopPharm Apotheke Seengen", "postcode": "5707", "city": "Seengen", "lat": 47.3249611, "lon": 8.2035223 }, "geometry": { "type": "Point", "coordinates": [ 2657822.068403700832278, 1241847.34159638104029 ] } },
{ "type": "Feature", "properties": { "osm_id": 262378047, "name": "Dropa Hottingen", "postcode": "8032", "city": "Zürich", "lat": 47.3697086, "lon": 8.5557788 }, "geometry": { "type": "Point", "coordinates": [ 2684378.43179786670953, 1247141.195646437816322 ] } },
{ "type": "Feature", "properties": { "osm_id": 264073295, "name": "Rotpunkt Apotheke Dr. Kunz", "postcode": "", "city": "", "lat": 47.4666519, "lon": 8.2915686 }, "geometry": { "type": "Point", "coordinates": [ 2664306.459993563126773, 1257668.581977071706206 ] } },
{ "type": "Feature", "properties": { "osm_id": 265064209, "name": "Pharmacie de Paudex", "postcode": "1094", "city": "Paudex", "lat": 46.5063909, "lon": 6.6710627 }, "geometry": { "type": "Point", "coordinates": [ 2541084.376246922649443, 1150853.810756973456591 ] } },
{ "type": "Feature", "properties": { "osm_id": 268127681, "name": "Bahnhof-Apotheke", "postcode": "", "city": "", "lat": 47.225295, "lon": 8.8160014 }, "geometry": { "type": "Point", "coordinates": [ 2704313.02838352881372, 1231400.245174634736031 ] } },
{ "type": "Feature", "properties": { "osm_id": 268603397, "name": "Bellevue Apotheke", "postcode": "8001", "city": "Zürich", "lat": 47.3668025, "lon": 8.5461401 }, "geometry": { "type": "Point", "coordinates": [ 2683655.0308553497307, 1246807.802618447924033 ] } },
{ "type": "Feature", "properties": { "osm_id": 269234979, "name": "Dropa Brunnen", "postcode": "8610", "city": "Uster", "lat": 47.350967, "lon": 8.7206281 }, "geometry": { "type": "Point", "coordinates": [ 2696862.482880375348032, 1245248.099855270469561 ] } },
{ "type": "Feature", "properties": { "osm_id": 270599000, "name": "Unbekannt", "postcode": "", "city": "", "lat": 47.224771, "lon": 8.984745 }, "geometry": { "type": "Point", "coordinates": [ 2717092.122112663462758, 1231580.093707308638841 ] } },
{ "type": "Feature", "properties": { "osm_id": 271126763, "name": "Pharmacie du Versoix", "postcode": "2300", "city": "La Chaux-de-Fonds", "lat": 47.1057348, "lon": 6.8308798 }, "geometry": { "type": "Point", "coordinates": [ 2553868.183089270722121, 1217372.398809159873053 ] } },
{ "type": "Feature", "properties": { "osm_id": 271126774, "name": "eco Pharma", "postcode": "", "city": "", "lat": 47.102792, "lon": 6.83138 }, "geometry": { "type": "Point", "coordinates": [ 2553903.612564900889993, 1217044.950716442894191 ] } },
{ "type": "Feature", "properties": { "osm_id": 271223620, "name": "Balgrist Apotheke", "postcode": "8008", "city": "Zürich", "lat": 47.3546412, "lon": 8.5753312 }, "geometry": { "type": "Point", "coordinates": [ 2685879.385362096130848, 1245487.361296358052641 ] } },
{ "type": "Feature", "properties": { "osm_id": 272354353, "name": "Odeon Apotheke", "postcode": "8001", "city": "Zürich", "lat": 47.3676704, "lon": 8.545276 }, "geometry": { "type": "Point", "coordinates": [ 2683588.405466388445348, 1246903.366913233650848 ] } },
{ "type": "Feature", "properties": { "osm_id": 274598851, "name": "Hornstein", "postcode": "", "city": "", "lat": 47.4929297, "lon": 7.593537 }, "geometry": { "type": "Point", "coordinates": [ 2611673.965874405577779, 1260252.673077051527798 ] } },
{ "type": "Feature", "properties": { "osm_id": 274627129, "name": "Blauen Apotheke", "postcode": "4107", "city": "Ettingen", "lat": 47.4847919, "lon": 7.5479418 }, "geometry": { "type": "Point", "coordinates": [ 2608239.275890053249896, 1259342.116037029307336 ] } },
{ "type": "Feature", "properties": { "osm_id": 277227366, "name": "TopPharm", "postcode": "8854", "city": "Siebnen", "lat": 47.1745757, "lon": 8.8973622 }, "geometry": { "type": "Point", "coordinates": [ 2710578.894023708533496, 1225873.781197531381622 ] } },
{ "type": "Feature", "properties": { "osm_id": 279148043, "name": "Pharmacie Fleury", "postcode": "1884", "city": "Villars-sur-Ollon", "lat": 46.2970263, "lon": 7.0550567 }, "geometry": { "type": "Point", "coordinates": [ 2570443.437044097110629, 1127363.299058268312365 ] } },
{ "type": "Feature", "properties": { "osm_id": 279852807, "name": "Bäumlihof Apotheke", "postcode": "", "city": "", "lat": 47.5656243, "lon": 7.6189179 }, "geometry": { "type": "Point", "coordinates": [ 2613568.117520071100444, 1268339.459046737523749 ] } },
{ "type": "Feature", "properties": { "osm_id": 282648994, "name": "Pharmacie de la Batelière", "postcode": "", "city": "", "lat": 46.5160768, "lon": 6.6135526 }, "geometry": { "type": "Point", "coordinates": [ 2536681.675100112799555, 1151975.376283440040424 ] } },
{ "type": "Feature", "properties": { "osm_id": 283663221, "name": "Schwarzbubenapotheke", "postcode": "", "city": "", "lat": 47.4082021, "lon": 7.5446125 }, "geometry": { "type": "Point", "coordinates": [ 2607999.75675771990791, 1250826.180404366459697 ] } },
{ "type": "Feature", "properties": { "osm_id": 286904882, "name": "Pharmacie des Diablerets", "postcode": "1865", "city": "Les Diablerets", "lat": 46.3525854, "lon": 7.1527338 }, "geometry": { "type": "Point", "coordinates": [ 2577992.315112920012325, 1133507.269331360468641 ] } },
{ "type": "Feature", "properties": { "osm_id": 287262549, "name": "Hofmatt Apotheke", "postcode": "6430", "city": "Schwyz", "lat": 47.0210267, "lon": 8.6523296 }, "geometry": { "type": "Point", "coordinates": [ 2692269.927570857107639, 1208488.832521703559905 ] } },
{ "type": "Feature", "properties": { "osm_id": 288661951, "name": "Benu", "postcode": "5737", "city": "Menziken", "lat": 47.2429527, "lon": 8.187045 }, "geometry": { "type": "Point", "coordinates": [ 2656663.433270388748497, 1232718.127846833784133 ] } },
{ "type": "Feature", "properties": { "osm_id": 290331749, "name": "Sun Store", "postcode": "1009", "city": "Pully", "lat": 46.5112226, "lon": 6.6598513 }, "geometry": { "type": "Point", "coordinates": [ 2540229.212138533126563, 1151399.398847604170442 ] } },
{ "type": "Feature", "properties": { "osm_id": 290408241, "name": "Pharmacie de la Place", "postcode": "", "city": "", "lat": 46.7787816, "lon": 6.6410318 }, "geometry": { "type": "Point", "coordinates": [ 2539087.833982512354851, 1181155.980593799147755 ] } },
{ "type": "Feature", "properties": { "osm_id": 291092160, "name": "Benu", "postcode": "1400", "city": "Yverdon-les-Bains", "lat": 46.7803649, "lon": 6.6371767 }, "geometry": { "type": "Point", "coordinates": [ 2538795.235567762516439, 1181334.989354157354683 ] } },
{ "type": "Feature", "properties": { "osm_id": 291544307, "name": "Unbekannt", "postcode": "", "city": "", "lat": 46.2614964, "lon": 7.3875345 }, "geometry": { "type": "Point", "coordinates": [ 2596059.234472767449915, 1123342.280476425075904 ] } },
{ "type": "Feature", "properties": { "osm_id": 291662317, "name": "Unbekannt", "postcode": "", "city": "", "lat": 46.7802297, "lon": 7.1503374 }, "geometry": { "type": "Point", "coordinates": [ 2577983.238637623842806, 1181047.137434881180525 ] } },
{ "type": "Feature", "properties": { "osm_id": 292058272, "name": "Holbein-Apotheke", "postcode": "4054", "city": "Basel", "lat": 47.5506784, "lon": 7.5793282 }, "geometry": { "type": "Point", "coordinates": [ 2610591.782098139170557, 1266671.582784714177251 ] } },
{ "type": "Feature", "properties": { "osm_id": 292360012, "name": "Apotheke Aemisegger", "postcode": "", "city": "", "lat": 47.5674526, "lon": 9.1102435 }, "geometry": { "type": "Point", "coordinates": [ 2725783.345008232630789, 1269866.746574523393065 ] } },
{ "type": "Feature", "properties": { "osm_id": 292591156, "name": "Pharmacie de Saint-Sulpice", "postcode": "", "city": "", "lat": 46.5105591, "lon": 6.5575081 }, "geometry": { "type": "Point", "coordinates": [ 2532374.020304582547396, 1151408.888382422970608 ] } },
{ "type": "Feature", "properties": { "osm_id": 292613626, "name": "TopPharm", "postcode": "5000", "city": "Aarau", "lat": 47.3923834, "lon": 8.0443151 }, "geometry": { "type": "Point", "coordinates": [ 2645729.311057278420776, 1249238.18238428235054 ] } },
{ "type": "Feature", "properties": { "osm_id": 299029320, "name": "Pharmacie de Montelly", "postcode": "", "city": "", "lat": 46.5207517, "lon": 6.6125267 }, "geometry": { "type": "Point", "coordinates": [ 2536608.43108773091808, 1152495.86474751192145 ] } },
{ "type": "Feature", "properties": { "osm_id": 299311870, "name": "Coop Vitality", "postcode": "3818", "city": "Grindelwald", "lat": 46.6242074, "lon": 8.035241 }, "geometry": { "type": "Point", "coordinates": [ 2645693.046643324662, 1163835.167970155598596 ] } },
{ "type": "Feature", "properties": { "osm_id": 301764730, "name": "Medbase Apotheke Solothurn", "postcode": "4500", "city": "Solothurn", "lat": 47.2051064, "lon": 7.5405056 }, "geometry": { "type": "Point", "coordinates": [ 2607718.842109327670187, 1228245.639937867643312 ] } },
{ "type": "Feature", "properties": { "osm_id": 301815427, "name": "Berg-Apotheke by Medbase", "postcode": "8004", "city": "Zürich", "lat": 47.3731732, "lon": 8.5293204 }, "geometry": { "type": "Point", "coordinates": [ 2682374.809418325778097, 1247498.246366981649771 ] } },
{ "type": "Feature", "properties": { "osm_id": 301815428, "name": "Olympia Apotheke", "postcode": "8004", "city": "Zürich", "lat": 47.373683, "lon": 8.53089 }, "geometry": { "type": "Point", "coordinates": [ 2682492.556969891767949, 1247556.570321736158803 ] } },
{ "type": "Feature", "properties": { "osm_id": 302828563, "name": "TopPharm Hirsch Apotheke", "postcode": "4500", "city": "Solothurn", "lat": 47.207909, "lon": 7.5374217 }, "geometry": { "type": "Point", "coordinates": [ 2607484.799411058891565, 1228556.927700165426359 ] } },
{ "type": "Feature", "properties": { "osm_id": 303396947, "name": "Pharmacie de Bagnes", "postcode": "", "city": "", "lat": 46.0810694, "lon": 7.2147276 }, "geometry": { "type": "Point", "coordinates": [ 2582677.670520543586463, 1103308.56702277623117 ] } },
{ "type": "Feature", "properties": { "osm_id": 305707117, "name": "Apotheke Rosengarten", "postcode": "", "city": "", "lat": 47.4429955, "lon": 8.6308615 }, "geometry": { "type": "Point", "coordinates": [ 2689925.192515619564801, 1255371.976845079101622 ] } },
{ "type": "Feature", "properties": { "osm_id": 305739612, "name": "Pharmacie de Bercher", "postcode": "", "city": "", "lat": 46.6921437, "lon": 6.7093683 }, "geometry": { "type": "Point", "coordinates": [ 2544216.763530862983316, 1171474.213370525976643 ] } },
{ "type": "Feature", "properties": { "osm_id": 306675570, "name": "Pharmacie de l'Hôtel de Ville", "postcode": "1040", "city": "Echallens", "lat": 46.6412598, "lon": 6.6316396 }, "geometry": { "type": "Point", "coordinates": [ 2538213.048905242234468, 1165876.247089886572212 ] } },
{ "type": "Feature", "properties": { "osm_id": 307364393, "name": "Bachtel Apotheke", "postcode": "8400", "city": "Winterthur", "lat": 47.5075362, "lon": 8.7115007 }, "geometry": { "type": "Point", "coordinates": [ 2695890.524995035491884, 1262642.578245503595099 ] } },
{ "type": "Feature", "properties": { "osm_id": 307494089, "name": "Paracelsus Apotheke", "postcode": "8805", "city": "Richterswil", "lat": 47.2082665, "lon": 8.70671 }, "geometry": { "type": "Point", "coordinates": [ 2696067.377444920595735, 1229367.776646780082956 ] } },
{ "type": "Feature", "properties": { "osm_id": 307681178, "name": "Dorfapotheke Ipsach", "postcode": "", "city": "", "lat": 47.1145025, "lon": 7.2331852 }, "geometry": { "type": "Point", "coordinates": [ 2584407.975549915805459, 1218188.398556266445667 ] } },
{ "type": "Feature", "properties": { "osm_id": 308131215, "name": "Sun Store", "postcode": "8820", "city": "Wädenswil", "lat": 47.2299189, "lon": 8.6734768 }, "geometry": { "type": "Point", "coordinates": [ 2693512.024161383509636, 1231734.576886097434908 ] } },
{ "type": "Feature", "properties": { "osm_id": 308131245, "name": "Amavita Wädenswil Bahnhof", "postcode": "8820", "city": "Wädenswil", "lat": 47.2289352, "lon": 8.6750569 }, "geometry": { "type": "Point", "coordinates": [ 2693633.394538481719792, 1231627.109435788821429 ] } },
{ "type": "Feature", "properties": { "osm_id": 309289261, "name": "Sun Store", "postcode": "1040", "city": "Echallens", "lat": 46.6389602, "lon": 6.6355587 }, "geometry": { "type": "Point", "coordinates": [ 2538510.478476317599416, 1165617.537852618144825 ] } },
{ "type": "Feature", "properties": { "osm_id": 309442894, "name": "toppharm Neuenhofer Apotheke", "postcode": "5432", "city": "Neuenhof", "lat": 47.4489447, "lon": 8.3285134 }, "geometry": { "type": "Point", "coordinates": [ 2667114.059747684281319, 1255730.858511250000447 ] } },
{ "type": "Feature", "properties": { "osm_id": 309966380, "name": "Pharmacie de Chavornay", "postcode": "", "city": "", "lat": 46.7093183, "lon": 6.5702624 }, "geometry": { "type": "Point", "coordinates": [ 2533597.842556918039918, 1173491.883060716325417 ] } },
{ "type": "Feature", "properties": { "osm_id": 310133210, "name": "Medbase Apotheke Seebach", "postcode": "8052", "city": "Zürich", "lat": 47.4205226, "lon": 8.5487362 }, "geometry": { "type": "Point", "coordinates": [ 2683766.619436294771731, 1252782.723516883328557 ] } },
{ "type": "Feature", "properties": { "osm_id": 310390416, "name": "Coop Vitality", "postcode": "", "city": "", "lat": 46.0096196, "lon": 8.9646802 }, "geometry": { "type": "Point", "coordinates": [ 2718200.239192160312086, 1096489.862355852965266 ] } },
{ "type": "Feature", "properties": { "osm_id": 312353273, "name": "Internationale", "postcode": "", "city": "", "lat": 46.0958455, "lon": 7.2291173 }, "geometry": { "type": "Point", "coordinates": [ 2583795.257417263928801, 1104948.077998019754887 ] } },
{ "type": "Feature", "properties": { "osm_id": 312353274, "name": "Pharmacie des Combins", "postcode": "", "city": "", "lat": 46.0968706, "lon": 7.2234867 }, "geometry": { "type": "Point", "coordinates": [ 2583360.110114993993193, 1105063.218935374403372 ] } },
{ "type": "Feature", "properties": { "osm_id": 313053471, "name": "Apotheke Utogrund", "postcode": "", "city": "", "lat": 47.3789003, "lon": 8.4943881 }, "geometry": { "type": "Point", "coordinates": [ 2679728.141217657830566, 1248098.858060745988041 ] } },
{ "type": "Feature", "properties": { "osm_id": 313130135, "name": "Gartenstadtapotheke", "postcode": "", "city": "", "lat": 47.5212109, "lon": 7.607618 }, "geometry": { "type": "Point", "coordinates": [ 2612728.334844766184688, 1263399.340530529851094 ] } },
{ "type": "Feature", "properties": { "osm_id": 313898344, "name": "Medbase Apotheke Helvetiaplatz", "postcode": "8004", "city": "Zürich", "lat": 47.376059, "lon": 8.5252233 }, "geometry": { "type": "Point", "coordinates": [ 2682060.95293890312314, 1247814.772082487586886 ] } },
{ "type": "Feature", "properties": { "osm_id": 314637086, "name": "Pharmacie de Bière-Capitole", "postcode": "", "city": "", "lat": 46.5378995, "lon": 6.3327977 }, "geometry": { "type": "Point", "coordinates": [ 2515171.665735226590186, 1154666.63716311333701 ] } },
{ "type": "Feature", "properties": { "osm_id": 314979529, "name": "Werd Apotheke", "postcode": "8004", "city": "Zürich", "lat": 47.3715926, "lon": 8.5256213 }, "geometry": { "type": "Point", "coordinates": [ 2682097.88678043615073, 1247318.652488251682371 ] } },
{ "type": "Feature", "properties": { "osm_id": 315923060, "name": "TopPharm", "postcode": "", "city": "", "lat": 47.0593562, "lon": 7.6230895 }, "geometry": { "type": "Point", "coordinates": [ 2614013.79004986025393, 1212053.275536176981404 ] } },
{ "type": "Feature", "properties": { "osm_id": 316855156, "name": "Apotheke am Hechtplatz", "postcode": "8320", "city": "Fehraltorf", "lat": 47.3870515, "lon": 8.7529678 }, "geometry": { "type": "Point", "coordinates": [ 2699238.500842155888677, 1249299.908105656504631 ] } },
{ "type": "Feature", "properties": { "osm_id": 318530558, "name": "Drogerie Schilliger", "postcode": "", "city": "", "lat": 47.1403056, "lon": 8.4274168 }, "geometry": { "type": "Point", "coordinates": [ 2675005.14845559746027, 1221508.488034880254418 ] } },
{ "type": "Feature", "properties": { "osm_id": 321490660, "name": "Drogerie Kropf", "postcode": "", "city": "", "lat": 47.1439083, "lon": 7.2758503 }, "geometry": { "type": "Point", "coordinates": [ 2587652.829862498212606, 1221449.930848048068583 ] } },
{ "type": "Feature", "properties": { "osm_id": 321679039, "name": "Anklin", "postcode": "", "city": "", "lat": 47.1792941, "lon": 8.4581358 }, "geometry": { "type": "Point", "coordinates": [ 2677278.920801830478013, 1225872.506123803323135 ] } },
{ "type": "Feature", "properties": { "osm_id": 321805125, "name": "Drogerie Kropf", "postcode": "", "city": "", "lat": 47.1392065, "lon": 7.3127105 }, "geometry": { "type": "Point", "coordinates": [ 2590447.919592574704438, 1220922.026759998872876 ] } },
{ "type": "Feature", "properties": { "osm_id": 321870081, "name": "Pharmacie de Veyrier", "postcode": "1255", "city": "Veyrier", "lat": 46.1682655, "lon": 6.1823143 }, "geometry": { "type": "Point", "coordinates": [ 2502970.222441363148391, 1113755.508171230554581 ] } },
{ "type": "Feature", "properties": { "osm_id": 323186524, "name": "Pharmacie du Bourg", "postcode": "", "city": "", "lat": 46.5634385, "lon": 6.6036727 }, "geometry": { "type": "Point", "coordinates": [ 2535979.639929172582924, 1157248.103514013113454 ] } },
{ "type": "Feature", "properties": { "osm_id": 323236511, "name": "TopPharm Damian Apotheke", "postcode": "5420", "city": "Ehrendingen", "lat": 47.4942297, "lon": 8.3409325 }, "geometry": { "type": "Point", "coordinates": [ 2667992.763342613354325, 1260776.25502704968676 ] } },
{ "type": "Feature", "properties": { "osm_id": 325804834, "name": "Pharma Leytron", "postcode": "", "city": "", "lat": 46.1853875, "lon": 7.2072688 }, "geometry": { "type": "Point", "coordinates": [ 2582135.026595202740282, 1114906.837558454601094 ] } },
{ "type": "Feature", "properties": { "osm_id": 331314395, "name": "West-Apotheke", "postcode": "8055", "city": "Zürich", "lat": 47.3612769, "lon": 8.5056635 }, "geometry": { "type": "Point", "coordinates": [ 2680606.216234766412526, 1246151.152452616253868 ] } },
{ "type": "Feature", "properties": { "osm_id": 331524754, "name": "Bahnhof Apotheke", "postcode": "", "city": "", "lat": 46.7559692, "lon": 7.6296707 }, "geometry": { "type": "Point", "coordinates": [ 2614595.551086166873574, 1178327.012992638396099 ] } },
{ "type": "Feature", "properties": { "osm_id": 336258353, "name": "BENU", "postcode": "8117", "city": "Fällanden", "lat": 47.3737003, "lon": 8.6409872 }, "geometry": { "type": "Point", "coordinates": [ 2690806.923324335832149, 1247680.068623656639829 ] } },
{ "type": "Feature", "properties": { "osm_id": 336457292, "name": "Sankt Georg Apotheke", "postcode": "", "city": "", "lat": 47.166062, "lon": 9.4770545 }, "geometry": { "type": "Point", "coordinates": [ 2754538.434048312250525, 1225907.001404316164553 ] } },
{ "type": "Feature", "properties": { "osm_id": 338997424, "name": "Amavita", "postcode": "", "city": "", "lat": 46.5365802, "lon": 6.5784858 }, "geometry": { "type": "Point", "coordinates": [ 2534015.74077906832099, 1154283.463733981829137 ] } },
{ "type": "Feature", "properties": { "osm_id": 343528034, "name": "Länggass Apotheke", "postcode": "", "city": "", "lat": 46.9531766, "lon": 7.4328144 }, "geometry": { "type": "Point", "coordinates": [ 2599557.11813424481079, 1200232.795443217037246 ] } },
{ "type": "Feature", "properties": { "osm_id": 352995446, "name": "Medbase Apotheke Altstadt", "postcode": "8400", "city": "Winterthur", "lat": 47.4996552, "lon": 8.7256243 }, "geometry": { "type": "Point", "coordinates": [ 2696968.78536647092551, 1261783.789879621006548 ] } },
{ "type": "Feature", "properties": { "osm_id": 354489329, "name": "Schloss", "postcode": "", "city": "", "lat": 47.357419, "lon": 8.7120427 }, "geometry": { "type": "Point", "coordinates": [ 2696202.223199200350791, 1245954.784716233843938 ] } },
{ "type": "Feature", "properties": { "osm_id": 354494336, "name": "Dropa Illuster", "postcode": "8610", "city": "Uster", "lat": 47.3500042, "lon": 8.7154192 }, "geometry": { "type": "Point", "coordinates": [ 2696470.697813357226551, 1245134.651370100444183 ] } },
{ "type": "Feature", "properties": { "osm_id": 355018410, "name": "Pharmacie du Serpent", "postcode": "", "city": "", "lat": 46.6179154, "lon": 7.0570322 }, "geometry": { "type": "Point", "coordinates": [ 2570769.709524128120393, 1163033.892985219368711 ] } },
{ "type": "Feature", "properties": { "osm_id": 355357538, "name": "Pharmacie du Levant - Gare", "postcode": "1630", "city": "Bulle", "lat": 46.6173227, "lon": 7.0556299 }, "geometry": { "type": "Point", "coordinates": [ 2570661.974233366083354, 1162968.530669934349135 ] } },
{ "type": "Feature", "properties": { "osm_id": 356681393, "name": "Coop Vitality", "postcode": "6423", "city": "Seewen", "lat": 47.0326529, "lon": 8.6277023 }, "geometry": { "type": "Point", "coordinates": [ 2690378.226933172903955, 1209752.530406755860895 ] } },
{ "type": "Feature", "properties": { "osm_id": 356906567, "name": "Pharmacie de la Gare", "postcode": "", "city": "", "lat": 46.9968161, "lon": 6.936207 }, "geometry": { "type": "Point", "coordinates": [ 2561785.278680672403425, 1205207.139527951367199 ] } },
{ "type": "Feature", "properties": { "osm_id": 357276939, "name": "Apotheke Oggier", "postcode": "", "city": "", "lat": 46.3146413, "lon": 7.7443671 }, "geometry": { "type": "Point", "coordinates": [ 2623549.340499145910144, 1129294.453784244600683 ] } },
{ "type": "Feature", "properties": { "osm_id": 357329280, "name": "Dorf Apotheke", "postcode": "", "city": "", "lat": 46.3254118, "lon": 7.989906 }, "geometry": { "type": "Point", "coordinates": [ 2642454.111867354251444, 1130594.876893416512758 ] } },
{ "type": "Feature", "properties": { "osm_id": 362070709, "name": "Gempen Apotheke", "postcode": "4053", "city": "Basel", "lat": 47.5452573, "lon": 7.5877995 }, "geometry": { "type": "Point", "coordinates": [ 2611230.60362151125446, 1266069.991584976669401 ] } },
{ "type": "Feature", "properties": { "osm_id": 362690129, "name": "Apotheke zum Meierhof", "postcode": "8049", "city": "Zürich", "lat": 47.4017494, "lon": 8.4996666 }, "geometry": { "type": "Point", "coordinates": [ 2680092.38609363976866, 1250644.424707512138411 ] } },
{ "type": "Feature", "properties": { "osm_id": 365927557, "name": "Bugnon", "postcode": "", "city": "", "lat": 46.989952, "lon": 6.9298051 }, "geometry": { "type": "Point", "coordinates": [ 2561293.391457340214401, 1204447.208727568387985 ] } },
{ "type": "Feature", "properties": { "osm_id": 365927562, "name": "Amavita", "postcode": "", "city": "", "lat": 46.9909613, "lon": 6.9292809 }, "geometry": { "type": "Point", "coordinates": [ 2561254.246257160324603, 1204559.671208855463192 ] } },
{ "type": "Feature", "properties": { "osm_id": 365929378, "name": "Pharmacie du Soleil", "postcode": "", "city": "", "lat": 46.9905289, "lon": 6.9290614 }, "geometry": { "type": "Point", "coordinates": [ 2561237.236360451206565, 1204511.710344849387184 ] } },
{ "type": "Feature", "properties": { "osm_id": 365929379, "name": "Pharmacie Centrale", "postcode": "", "city": "", "lat": 46.9917269, "lon": 6.9295713 }, "geometry": { "type": "Point", "coordinates": [ 2561276.890009054914117, 1204644.638625835068524 ] } },
{ "type": "Feature", "properties": { "osm_id": 365929381, "name": "Sun Store", "postcode": "", "city": "", "lat": 46.9919673, "lon": 6.9304939 }, "geometry": { "type": "Point", "coordinates": [ 2561347.242722894996405, 1204670.90760293463245 ] } },
{ "type": "Feature", "properties": { "osm_id": 365929385, "name": "Benu", "postcode": "", "city": "", "lat": 46.9911833, "lon": 6.9308572 }, "geometry": { "type": "Point", "coordinates": [ 2561374.312117578927428, 1204583.571542306803167 ] } },
{ "type": "Feature", "properties": { "osm_id": 366034679, "name": "Niesen-Apotheke", "postcode": "", "city": "", "lat": 46.6895732, "lon": 7.6762506 }, "geometry": { "type": "Point", "coordinates": [ 2618176.645696709863842, 1170955.675624795258045 ] } },
{ "type": "Feature", "properties": { "osm_id": 366036170, "name": "Dropa Drogerie-Apotheke", "postcode": "", "city": "", "lat": 46.6892919, "lon": 7.6770295 }, "geometry": { "type": "Point", "coordinates": [ 2618236.323469443712384, 1170924.584703852655366 ] } },
{ "type": "Feature", "properties": { "osm_id": 366139984, "name": "Anfos Apotheke", "postcode": "", "city": "", "lat": 47.5522974, "lon": 7.5934157 }, "geometry": { "type": "Point", "coordinates": [ 2611651.873602904845029, 1266853.582031562225893 ] } },
{ "type": "Feature", "properties": { "osm_id": 367032728, "name": "Dr. Migliore", "postcode": "6900", "city": "Lugano", "lat": 46.004439, "lon": 8.9543424 }, "geometry": { "type": "Point", "coordinates": [ 2717410.743664402514696, 1095898.533499723533168 ] } },
{ "type": "Feature", "properties": { "osm_id": 367084727, "name": "Farmacia Bozzoreda", "postcode": "", "city": "", "lat": 46.0221584, "lon": 8.9665371 }, "geometry": { "type": "Point", "coordinates": [ 2718316.900819189380854, 1097886.297780741471797 ] } },
{ "type": "Feature", "properties": { "osm_id": 367106397, "name": "Farmacia Semper Fidelis", "postcode": "", "city": "", "lat": 46.0118249, "lon": 8.9664235 }, "geometry": { "type": "Point", "coordinates": [ 2718330.476451378781348, 1096737.600784428417683 ] } },
{ "type": "Feature", "properties": { "osm_id": 368354955, "name": "Pharmacie plus de l'Orangerie", "postcode": "2000", "city": "", "lat": 46.9934258, "lon": 6.9342726 }, "geometry": { "type": "Point", "coordinates": [ 2561635.719915959052742, 1204831.188555865548551 ] } },
{ "type": "Feature", "properties": { "osm_id": 369455719, "name": "Farmacia Federale", "postcode": "", "city": "", "lat": 46.0126881, "lon": 8.9469704 }, "geometry": { "type": "Point", "coordinates": [ 2716822.123963912948966, 1096804.384912283392623 ] } },
{ "type": "Feature", "properties": { "osm_id": 370444596, "name": "Benu", "postcode": "1636", "city": "Broc", "lat": 46.6038514, "lon": 7.0998323 }, "geometry": { "type": "Point", "coordinates": [ 2574041.318054732400924, 1161455.366377665894106 ] } },
{ "type": "Feature", "properties": { "osm_id": 370588821, "name": "Medbase Apotheke Uster", "postcode": "8610", "city": "Uster", "lat": 47.3516449, "lon": 8.7164275 }, "geometry": { "type": "Point", "coordinates": [ 2696543.904654755722731, 1245318.282542135566473 ] } },
{ "type": "Feature", "properties": { "osm_id": 371407265, "name": "Pharmacie de la Tête Noire", "postcode": "1680", "city": "Romont FR", "lat": 46.6957827, "lon": 6.9172229 }, "geometry": { "type": "Point", "coordinates": [ 2560118.39536390081048, 1171751.736692246515304 ] } },
{ "type": "Feature", "properties": { "osm_id": 373004377, "name": "Farmacia Viganello", "postcode": "", "city": "", "lat": 46.0117351, "lon": 8.9639614 }, "geometry": { "type": "Point", "coordinates": [ 2718139.998410255648196, 1096723.908870445331559 ] } },
{ "type": "Feature", "properties": { "osm_id": 373006710, "name": "Farmacia Pelli", "postcode": "", "city": "", "lat": 46.0056999, "lon": 8.9533953 }, "geometry": { "type": "Point", "coordinates": [ 2717334.680870373733342, 1096037.260821620002389 ] } },
{ "type": "Feature", "properties": { "osm_id": 374252319, "name": "San Luca", "postcode": "", "city": "", "lat": 46.007242, "lon": 8.9540443 }, "geometry": { "type": "Point", "coordinates": [ 2717381.635568954981863, 1096209.630528148030862 ] } },
{ "type": "Feature", "properties": { "osm_id": 374255995, "name": "Farmacia Della Piazzetta", "postcode": "6900", "city": "Lugano", "lat": 46.00294, "lon": 8.9503163 }, "geometry": { "type": "Point", "coordinates": [ 2717102.118728491012007, 1095725.906935319071636 ] } },
{ "type": "Feature", "properties": { "osm_id": 379545789, "name": "Apotheke Willisau", "postcode": "", "city": "", "lat": 47.1212897, "lon": 7.992823 }, "geometry": { "type": "Point", "coordinates": [ 2642054.42803740920499, 1219070.462468764511868 ] } },
{ "type": "Feature", "properties": { "osm_id": 379712217, "name": "Volz", "postcode": "", "city": "", "lat": 46.9481155, "lon": 7.4480727 }, "geometry": { "type": "Point", "coordinates": [ 2600718.686753681395203, 1199670.161933230003342 ] } },
{ "type": "Feature", "properties": { "osm_id": 379714379, "name": "TopPharm", "postcode": "8038", "city": "Zürich", "lat": 47.3438585, "lon": 8.5298166 }, "geometry": { "type": "Point", "coordinates": [ 2682457.602303509134799, 1244239.82905169413425 ] } },
{ "type": "Feature", "properties": { "osm_id": 385468972, "name": "Pharmacie des Ponts-de-Martel", "postcode": "2316", "city": "Les Ponts-de-Martel", "lat": 46.9996157, "lon": 6.7320035 }, "geometry": { "type": "Point", "coordinates": [ 2546256.60455803014338, 1205638.308954644482583 ] } },
{ "type": "Feature", "properties": { "osm_id": 388398427, "name": "TopPharm", "postcode": "8712", "city": "Stäfa", "lat": 47.2409273, "lon": 8.7226189 }, "geometry": { "type": "Point", "coordinates": [ 2697213.079490501433611, 1233018.033033991465345 ] } },
{ "type": "Feature", "properties": { "osm_id": 388398434, "name": "Dropa", "postcode": "8712", "city": "Stäfa", "lat": 47.2408739, "lon": 8.7239364 }, "geometry": { "type": "Point", "coordinates": [ 2697312.91790000256151, 1233013.730097309919074 ] } },
{ "type": "Feature", "properties": { "osm_id": 391370666, "name": "Pharmacie Amavita La Harpe", "postcode": "", "city": "", "lat": 46.5120595, "lon": 6.6256358 }, "geometry": { "type": "Point", "coordinates": [ 2537604.286260320339352, 1151519.117266968823969 ] } },
{ "type": "Feature", "properties": { "osm_id": 393982230, "name": "Amavita", "postcode": "6300", "city": "Zug", "lat": 47.1716494, "lon": 8.5152952 }, "geometry": { "type": "Point", "coordinates": [ 2681623.013912911061198, 1225080.544264953583479 ] } },
{ "type": "Feature", "properties": { "osm_id": 394845480, "name": "Pharmacie du Vully", "postcode": "1786", "city": "Sugiez", "lat": 46.9605218, "lon": 7.1117105 }, "geometry": { "type": "Point", "coordinates": [ 2575117.210273288656026, 1201101.525527328718454 ] } },
{ "type": "Feature", "properties": { "osm_id": 403120923, "name": "Apotheke Giffers", "postcode": "", "city": "", "lat": 46.7625253, "lon": 7.2083841 }, "geometry": { "type": "Point", "coordinates": [ 2582410.334415312856436, 1179064.273801417788491 ] } },
{ "type": "Feature", "properties": { "osm_id": 404330466, "name": "TopPharm Hirschen Apotheke", "postcode": "4312", "city": "Magden", "lat": 47.5273059, "lon": 7.8137754 }, "geometry": { "type": "Point", "coordinates": [ 2628252.263778345659375, 1264130.713481502374634 ] } },
{ "type": "Feature", "properties": { "osm_id": 408437691, "name": "Pharmacie Moudonnoise", "postcode": "1510", "city": "Moudon", "lat": 46.6678819, "lon": 6.7999395 }, "geometry": { "type": "Point", "coordinates": [ 2551122.569279138464481, 1168716.675955159589648 ] } },
{ "type": "Feature", "properties": { "osm_id": 410725339, "name": "Nicolas Martinet pharmacien fph", "postcode": "1610", "city": "Oron-la-Ville", "lat": 46.5714215, "lon": 6.8275922 }, "geometry": { "type": "Point", "coordinates": [ 2553154.993644300382584, 1157976.979159905575216 ] } },
{ "type": "Feature", "properties": { "osm_id": 415254841, "name": "Farmacia Dr Beretta-Piccoli", "postcode": "", "city": "", "lat": 46.0284733, "lon": 8.9680209 }, "geometry": { "type": "Point", "coordinates": [ 2718418.103107284288853, 1098590.410919181536883 ] } },
{ "type": "Feature", "properties": { "osm_id": 415255089, "name": "Farmacia Pregassona", "postcode": "", "city": "", "lat": 46.0194498, "lon": 8.9650003 }, "geometry": { "type": "Point", "coordinates": [ 2718203.76761565124616, 1097582.931364316493273 ] } },
{ "type": "Feature", "properties": { "osm_id": 415400006, "name": "Gesundhaus Falken Apotheke", "postcode": "8052", "city": "Zürich", "lat": 47.4196446, "lon": 8.548453 }, "geometry": { "type": "Point", "coordinates": [ 2683746.631807010620832, 1252684.81175517803058 ] } },
{ "type": "Feature", "properties": { "osm_id": 415719038, "name": "Landhus Apotheke", "postcode": "8052", "city": "Zürich", "lat": 47.4214731, "lon": 8.550288 }, "geometry": { "type": "Point", "coordinates": [ 2683882.209984205197543, 1252890.050694963894784 ] } },
{ "type": "Feature", "properties": { "osm_id": 416670207, "name": "TopPharm", "postcode": "5620", "city": "Bremgarten", "lat": 47.3507634, "lon": 8.3426407 }, "geometry": { "type": "Point", "coordinates": [ 2668305.202329441905022, 1244827.67360604996793 ] } },
{ "type": "Feature", "properties": { "osm_id": 416744143, "name": "Sun Store", "postcode": "1095", "city": "Lutry", "lat": 46.5055324, "lon": 6.6884067 }, "geometry": { "type": "Point", "coordinates": [ 2542414.664003573358059, 1150745.477658945368603 ] } },
{ "type": "Feature", "properties": { "osm_id": 417162565, "name": "TopPharm", "postcode": "6300", "city": "Zug", "lat": 47.1656693, "lon": 8.5151189 }, "geometry": { "type": "Point", "coordinates": [ 2681618.769148802384734, 1224415.581019871635363 ] } },
{ "type": "Feature", "properties": { "osm_id": 418006027, "name": "Pharmacie de la Gare", "postcode": "", "city": "", "lat": 47.0988506, "lon": 6.8255623 }, "geometry": { "type": "Point", "coordinates": [ 2553458.567681391723454, 1216610.224926807684824 ] } },
{ "type": "Feature", "properties": { "osm_id": 418016498, "name": "Amavita", "postcode": "", "city": "", "lat": 46.5441802, "lon": 6.660624 }, "geometry": { "type": "Point", "coordinates": [ 2540324.91384812630713, 1155062.376935763517395 ] } },
{ "type": "Feature", "properties": { "osm_id": 419164198, "name": "Pharmacie de Prélaz", "postcode": "", "city": "", "lat": 46.5266421, "lon": 6.6127352 }, "geometry": { "type": "Point", "coordinates": [ 2536631.335296463221312, 1153150.468744895653799 ] } },
{ "type": "Feature", "properties": { "osm_id": 419248124, "name": "TopPharm", "postcode": "", "city": "Disentis/Mustér", "lat": 46.7048817, "lon": 8.8531002 }, "geometry": { "type": "Point", "coordinates": [ 2708165.30283739650622, 1173604.563599059358239 ] } },
{ "type": "Feature", "properties": { "osm_id": 425614083, "name": "Apotheke Drogerie Strättligen", "postcode": "3604", "city": "Thun", "lat": 46.7397465, "lon": 7.6227524 }, "geometry": { "type": "Point", "coordinates": [ 2614071.189645282924175, 1176522.32282370259054 ] } },
{ "type": "Feature", "properties": { "osm_id": 428805188, "name": "Aare-Apotheke", "postcode": "5022", "city": "Küttigen", "lat": 47.4019747, "lon": 8.0450641 }, "geometry": { "type": "Point", "coordinates": [ 2645777.623658726457506, 1250304.974676185054705 ] } },
{ "type": "Feature", "properties": { "osm_id": 428887442, "name": "City Apotheke Ruckstuhl", "postcode": "8953", "city": "Dietikon", "lat": 47.4053583, "lon": 8.402993 }, "geometry": { "type": "Point", "coordinates": [ 2672790.468083428684622, 1250951.474136771867052 ] } },
{ "type": "Feature", "properties": { "osm_id": 428891672, "name": "Amavita Dietikon", "postcode": "8953", "city": "Dietikon", "lat": 47.405637, "lon": 8.3982172 }, "geometry": { "type": "Point", "coordinates": [ 2672429.63015772588551, 1250978.04000855050981 ] } },
{ "type": "Feature", "properties": { "osm_id": 429360394, "name": "Pharmacie de Savigny", "postcode": "", "city": "", "lat": 46.5389389, "lon": 6.7313961 }, "geometry": { "type": "Point", "coordinates": [ 2545747.833075219765306, 1154428.26581041701138 ] } },
{ "type": "Feature", "properties": { "osm_id": 431038921, "name": "Benu", "postcode": "1095", "city": "Lutry", "lat": 46.5023433, "lon": 6.6849432 }, "geometry": { "type": "Point", "coordinates": [ 2542145.413660879246891, 1150393.529483116464689 ] } },
{ "type": "Feature", "properties": { "osm_id": 432385070, "name": "Sun Store", "postcode": "", "city": "", "lat": 46.6138024, "lon": 6.5066408 }, "geometry": { "type": "Point", "coordinates": [ 2528606.753837935160846, 1162930.379651984665543 ] } },
{ "type": "Feature", "properties": { "osm_id": 432385074, "name": "Pharmacie la Croisée", "postcode": "", "city": "", "lat": 46.6141636, "lon": 6.5070837 }, "geometry": { "type": "Point", "coordinates": [ 2528641.156988359056413, 1162970.1263873281423 ] } },
{ "type": "Feature", "properties": { "osm_id": 432629009, "name": "Pill Apotheke Sihltal", "postcode": "8134", "city": "Adliswil", "lat": 47.3125693, "lon": 8.5246397 }, "geometry": { "type": "Point", "coordinates": [ 2682114.56857322761789, 1240755.985118983080611 ] } },
{ "type": "Feature", "properties": { "osm_id": 434348271, "name": "Farmacia Nuova", "postcode": "6612", "city": "Ascona", "lat": 46.156265, "lon": 8.7681016 }, "geometry": { "type": "Point", "coordinates": [ 2702699.402699343860149, 1112512.434050747193396 ] } },
{ "type": "Feature", "properties": { "osm_id": 434348272, "name": "Amavita Centro", "postcode": "6612", "city": "Ascona", "lat": 46.1560169, "lon": 8.767642 }, "geometry": { "type": "Point", "coordinates": [ 2702664.369586389511824, 1112484.256260343128815 ] } },
{ "type": "Feature", "properties": { "osm_id": 441986102, "name": "Zum Mohrenkönig", "postcode": "8260", "city": "Stein am Rhein", "lat": 47.6596296, "lon": 8.8593281 }, "geometry": { "type": "Point", "coordinates": [ 2706719.532655169721693, 1279742.232617594301701 ] } },
{ "type": "Feature", "properties": { "osm_id": 443662303, "name": "Dr. Andres Apotheke Stadelhofen", "postcode": "8001", "city": "Zürich", "lat": 47.3660923, "lon": 8.5482317 }, "geometry": { "type": "Point", "coordinates": [ 2683814.123768964782357, 1246731.081067115301266 ] } },
{ "type": "Feature", "properties": { "osm_id": 443662304, "name": "Dr. Andres Apotheke Stadelhofen", "postcode": "8001", "city": "Zürich", "lat": 47.3659878, "lon": 8.5485376 }, "geometry": { "type": "Point", "coordinates": [ 2683837.392715821042657, 1246719.790504764067009 ] } },
{ "type": "Feature", "properties": { "osm_id": 444627832, "name": "TopPharm", "postcode": "8708", "city": "Männedorf", "lat": 47.2532533, "lon": 8.6895271 }, "geometry": { "type": "Point", "coordinates": [ 2694686.014428470283747, 1234347.768724372144789 ] } },
{ "type": "Feature", "properties": { "osm_id": 445356563, "name": "Löwen Apotheke", "postcode": "9000", "city": "St.Gallen", "lat": 47.4262283, "lon": 9.3752022 }, "geometry": { "type": "Point", "coordinates": [ 2746104.36336933542043, 1254627.774192897137254 ] } },
{ "type": "Feature", "properties": { "osm_id": 445423054, "name": "Amavita", "postcode": "", "city": "", "lat": 47.4237483, "lon": 9.3705323 }, "geometry": { "type": "Point", "coordinates": [ 2745758.905401616822928, 1254343.43439109204337 ] } },
{ "type": "Feature", "properties": { "osm_id": 445477485, "name": "Gallus-Apotheke", "postcode": "", "city": "", "lat": 47.4231537, "lon": 9.3740925 }, "geometry": { "type": "Point", "coordinates": [ 2746029.092742941807956, 1254283.965755648910999 ] } },
{ "type": "Feature", "properties": { "osm_id": 446784541, "name": "TopPharm", "postcode": "8005", "city": "Zürich", "lat": 47.3839118, "lon": 8.5323405 }, "geometry": { "type": "Point", "coordinates": [ 2682586.247710959520191, 1248695.246383289340883 ] } },
{ "type": "Feature", "properties": { "osm_id": 446865522, "name": "TopPharm", "postcode": "8906", "city": "Bonstetten", "lat": 47.3241321, "lon": 8.4692539 }, "geometry": { "type": "Point", "coordinates": [ 2677910.157323743216693, 1241984.951931616989896 ] } },
{ "type": "Feature", "properties": { "osm_id": 447547548, "name": "Pharmacie du Rhône", "postcode": "", "city": "", "lat": 46.3179624, "lon": 6.9664639 }, "geometry": { "type": "Point", "coordinates": [ 2563631.210441004950553, 1129727.960346393287182 ] } },
{ "type": "Feature", "properties": { "osm_id": 448167735, "name": "Pharmacie de la Fontaine", "postcode": "", "city": "", "lat": 46.2503775, "lon": 7.0147924 }, "geometry": { "type": "Point", "coordinates": [ 2567312.880683466326445, 1122193.660847133258358 ] } },
{ "type": "Feature", "properties": { "osm_id": 453140258, "name": "Bahnhof-Apotheke und Drogerie Blumenthal", "postcode": "5312", "city": "Döttingen", "lat": 47.5749015, "lon": 8.2553498 }, "geometry": { "type": "Point", "coordinates": [ 2661450.668905856087804, 1269674.875990985892713 ] } },
{ "type": "Feature", "properties": { "osm_id": 454099808, "name": "Farmacia Neuroni SA", "postcode": "6826", "city": "Riva San Vitale", "lat": 45.906073, "lon": 8.9714879 }, "geometry": { "type": "Point", "coordinates": [ 2718952.389897943008691, 1084991.303694039350376 ] } },
{ "type": "Feature", "properties": { "osm_id": 455231716, "name": "Farmacia dr. Merloni", "postcode": "", "city": "", "lat": 46.0355432, "lon": 8.965368 }, "geometry": { "type": "Point", "coordinates": [ 2718197.422261357773095, 1099372.198689296143129 ] } },
{ "type": "Feature", "properties": { "osm_id": 460448546, "name": "Pharmacie Populaire Pommier", "postcode": "1218", "city": "Le Grand-Saconnex", "lat": 46.229132, "lon": 6.1201777 }, "geometry": { "type": "Point", "coordinates": [ 2498285.563026439398527, 1120599.665188699262217 ] } },
{ "type": "Feature", "properties": { "osm_id": 461143916, "name": "Pharmacie Ursy", "postcode": "1670", "city": "Ursy", "lat": 46.634074, "lon": 6.8373835 }, "geometry": { "type": "Point", "coordinates": [ 2553959.109574715606868, 1164935.790063216118142 ] } },
{ "type": "Feature", "properties": { "osm_id": 461616849, "name": "Pharmacie Saint Denis", "postcode": "1618", "city": "Châtel-St-Denis", "lat": 46.5265797, "lon": 6.9008639 }, "geometry": { "type": "Point", "coordinates": [ 2558737.913801794406027, 1152951.006876946659759 ] } },
{ "type": "Feature", "properties": { "osm_id": 461616877, "name": "Droguerie de Châtel-St-Denis", "postcode": "1618", "city": "Châtel-St-Denis", "lat": 46.5275159, "lon": 6.8997849 }, "geometry": { "type": "Point", "coordinates": [ 2558655.842915248125792, 1153055.647001992445439 ] } },
{ "type": "Feature", "properties": { "osm_id": 465284110, "name": "Medbase Apotheke Industrie", "postcode": "8005", "city": "Zürich", "lat": 47.3863905, "lon": 8.5295503 }, "geometry": { "type": "Point", "coordinates": [ 2682371.742714840453118, 1248967.874923404073343 ] } },
{ "type": "Feature", "properties": { "osm_id": 467165632, "name": "Pharmacie Raboud", "postcode": "", "city": "", "lat": 46.2524102, "lon": 6.9486765 }, "geometry": { "type": "Point", "coordinates": [ 2562215.556486445944756, 1122449.399109773803502 ] } },
{ "type": "Feature", "properties": { "osm_id": 469696396, "name": "Farmacia di Cadro", "postcode": "", "city": "", "lat": 46.0441519, "lon": 8.9825287 }, "geometry": { "type": "Point", "coordinates": [ 2719506.982802888844162, 1100355.016289372928441 ] } },
{ "type": "Feature", "properties": { "osm_id": 469899896, "name": "Amavita", "postcode": "2502", "city": "Biel/Bienne", "lat": 47.134807, "lon": 7.2448703 }, "geometry": { "type": "Point", "coordinates": [ 2585300.410815656650811, 1220443.468594553647563 ] } },
{ "type": "Feature", "properties": { "osm_id": 470530770, "name": "Benu Biel", "postcode": "2502", "city": "Biel/Bienne", "lat": 47.1355679, "lon": 7.2454548 }, "geometry": { "type": "Point", "coordinates": [ 2585344.963502513244748, 1220527.951362712308764 ] } },
{ "type": "Feature", "properties": { "osm_id": 470530799, "name": "Amavita", "postcode": "", "city": "", "lat": 47.1402495, "lon": 7.2473919 }, "geometry": { "type": "Point", "coordinates": [ 2585493.19584209471941, 1221048.064532824791968 ] } },
{ "type": "Feature", "properties": { "osm_id": 470849066, "name": "Vindonissa Rotpunkt Apotheke", "postcode": "5210", "city": "Windisch", "lat": 47.4786941, "lon": 8.2172577 }, "geometry": { "type": "Point", "coordinates": [ 2658690.819034877698869, 1258949.207013274775818 ] } },
{ "type": "Feature", "properties": { "osm_id": 470921179, "name": "Benu", "postcode": "", "city": "", "lat": 46.4577112, "lon": 6.8572925 }, "geometry": { "type": "Point", "coordinates": [ 2555337.999093510210514, 1145319.326391771901399 ] } },
{ "type": "Feature", "properties": { "osm_id": 471042102, "name": "Benu", "postcode": "8307", "city": "", "lat": 47.4282784, "lon": 8.6853362 }, "geometry": { "type": "Point", "coordinates": [ 2694059.638582852203399, 1253799.731081024045125 ] } },
{ "type": "Feature", "properties": { "osm_id": 471127243, "name": "Bahnhof-Apotheke", "postcode": "3250", "city": "Lyss", "lat": 47.0752006, "lon": 7.3064999 }, "geometry": { "type": "Point", "coordinates": [ 2589964.710100908763707, 1213807.012645240640268 ] } },
{ "type": "Feature", "properties": { "osm_id": 471582383, "name": "Lindenapotheke", "postcode": "4303", "city": "Kaiseraugst", "lat": 47.5357398, "lon": 7.7326911 }, "geometry": { "type": "Point", "coordinates": [ 2622142.447286654729396, 1265042.46657948452048 ] } },
{ "type": "Feature", "properties": { "osm_id": 473477779, "name": "Amavita", "postcode": "", "city": "", "lat": 46.9919795, "lon": 6.9288997 }, "geometry": { "type": "Point", "coordinates": [ 2561225.986497997771949, 1204673.052512290654704 ] } },
{ "type": "Feature", "properties": { "osm_id": 476664661, "name": "Sun Store", "postcode": "", "city": "", "lat": 46.4652587, "lon": 6.8954919 }, "geometry": { "type": "Point", "coordinates": [ 2558278.434966339729726, 1146137.245006860466674 ] } },
{ "type": "Feature", "properties": { "osm_id": 479276397, "name": "Ryser", "postcode": "", "city": "Burgdorf", "lat": 47.0585944, "lon": 7.6228517 }, "geometry": { "type": "Point", "coordinates": [ 2613995.921817685011774, 1211968.541882825316861 ] } },
{ "type": "Feature", "properties": { "osm_id": 480274035, "name": "Medbase Apotheke Rotbuch", "postcode": "8037", "city": "Zürich", "lat": 47.3930599, "lon": 8.5285694 }, "geometry": { "type": "Point", "coordinates": [ 2682287.384281389415264, 1249708.295410176040605 ] } },
{ "type": "Feature", "properties": { "osm_id": 483415058, "name": "Daniela Sartori", "postcode": "", "city": "", "lat": 46.0157886, "lon": 8.955199 }, "geometry": { "type": "Point", "coordinates": [ 2717452.699627943802625, 1097161.281412971671671 ] } },
{ "type": "Feature", "properties": { "osm_id": 483417905, "name": "Farmacia Contrada dei Patrizi", "postcode": "", "city": "", "lat": 46.0125702, "lon": 8.9547338 }, "geometry": { "type": "Point", "coordinates": [ 2717423.590057337190956, 1096802.87202251306735 ] } },
{ "type": "Feature", "properties": { "osm_id": 489787442, "name": "Kirchenfeld Apotheke", "postcode": "3005", "city": "Bern", "lat": 46.9430736, "lon": 7.4519886 }, "geometry": { "type": "Point", "coordinates": [ 2601016.89362840494141, 1199109.690380379091948 ] } },
{ "type": "Feature", "properties": { "osm_id": 495166835, "name": "Benu", "postcode": "", "city": "", "lat": 46.7244454, "lon": 6.5319715 }, "geometry": { "type": "Point", "coordinates": [ 2530689.438904823735356, 1175206.58608118747361 ] } },
{ "type": "Feature", "properties": { "osm_id": 495166854, "name": "Pharmacie Centrale", "postcode": "", "city": "", "lat": 46.7234793, "lon": 6.5324781 }, "geometry": { "type": "Point", "coordinates": [ 2530726.921990597620606, 1175098.746462920447811 ] } },
{ "type": "Feature", "properties": { "osm_id": 499580144, "name": "Amavita", "postcode": "1530", "city": "Payerne", "lat": 46.8215789, "lon": 6.9385793 }, "geometry": { "type": "Point", "coordinates": [ 2561841.229660733602941, 1185725.259078338975087 ] } },
{ "type": "Feature", "properties": { "osm_id": 499580163, "name": "Capitole", "postcode": "", "city": "", "lat": 46.8215376, "lon": 6.9382968 }, "geometry": { "type": "Point", "coordinates": [ 2561819.643282468430698, 1185720.805704206228256 ] } },
{ "type": "Feature", "properties": { "osm_id": 501603856, "name": "Toppharm Rosenau", "postcode": "", "city": "", "lat": 47.5524998, "lon": 7.7947708 }, "geometry": { "type": "Point", "coordinates": [ 2626808.373711991123855, 1266925.288364063948393 ] } },
{ "type": "Feature", "properties": { "osm_id": 503524019, "name": "Amavita Domdidier", "postcode": "", "city": "", "lat": 46.8667477, "lon": 7.0128163 }, "geometry": { "type": "Point", "coordinates": [ 2567533.458827289287001, 1190713.031587365083396 ] } },
{ "type": "Feature", "properties": { "osm_id": 506072595, "name": "Unbekannt", "postcode": "", "city": "", "lat": 46.8482621, "lon": 9.5317133 }, "geometry": { "type": "Point", "coordinates": [ 2759623.856048485264182, 1190698.232119562337175 ] } },
{ "type": "Feature", "properties": { "osm_id": 506478285, "name": "Pill Apotheke Grischuna", "postcode": "", "city": "", "lat": 46.850961, "lon": 9.5317577 }, "geometry": { "type": "Point", "coordinates": [ 2759619.236698291264474, 1190998.249294362962246 ] } },
{ "type": "Feature", "properties": { "osm_id": 513635042, "name": "BENU Apotheke", "postcode": "8050", "city": "Zürich", "lat": 47.4110882, "lon": 8.5628577 }, "geometry": { "type": "Point", "coordinates": [ 2684847.152357425540686, 1251749.051950204418972 ] } },
{ "type": "Feature", "properties": { "osm_id": 515757779, "name": "Mühlen Apotheke", "postcode": "", "city": "", "lat": 47.0495301, "lon": 7.5063257 }, "geometry": { "type": "Point", "coordinates": [ 2605143.900228084530681, 1210946.722553668310866 ] } },
{ "type": "Feature", "properties": { "osm_id": 520679558, "name": "Pharmacie de la grand-rue", "postcode": "2034", "city": "Peseux", "lat": 46.98787, "lon": 6.8910624 }, "geometry": { "type": "Point", "coordinates": [ 2558344.648441658355296, 1204235.645942423259839 ] } },
{ "type": "Feature", "properties": { "osm_id": 529952255, "name": "Egghölzli Apotheke", "postcode": "3006", "city": "Bern", "lat": 46.9367745, "lon": 7.4760279 }, "geometry": { "type": "Point", "coordinates": [ 2602847.507251019589603, 1198409.98631560173817 ] } },
{ "type": "Feature", "properties": { "osm_id": 529952277, "name": "Egghölzli Apotheke", "postcode": "", "city": "", "lat": 46.936784, "lon": 7.4760789 }, "geometry": { "type": "Point", "coordinates": [ 2602851.390218511223793, 1198411.044241478201002 ] } },
{ "type": "Feature", "properties": { "osm_id": 537538884, "name": "Jupiter Apotheke", "postcode": "3015", "city": "Bern", "lat": 46.9397711, "lon": 7.4811539 }, "geometry": { "type": "Point", "coordinates": [ 2603237.656323784962296, 1198743.31400659144856 ] } },
{ "type": "Feature", "properties": { "osm_id": 537955672, "name": "Freudenberg-Apotheke", "postcode": "3006", "city": "", "lat": 46.9453968, "lon": 7.4726328 }, "geometry": { "type": "Point", "coordinates": [ 2602588.579029544722289, 1199368.417575988685712 ] } },
{ "type": "Feature", "properties": { "osm_id": 538779680, "name": "Büli Apotheke Parfumerie", "postcode": "8180", "city": "Bülach", "lat": 47.5210012, "lon": 8.5392963 }, "geometry": { "type": "Point", "coordinates": [ 2682897.656358916312456, 1263943.354891534429044 ] } },
{ "type": "Feature", "properties": { "osm_id": 540599350, "name": "Breitfeld", "postcode": "", "city": "", "lat": 46.9605349, "lon": 7.4541359 }, "geometry": { "type": "Point", "coordinates": [ 2601180.023013570811599, 1201050.904579524649307 ] } },
{ "type": "Feature", "properties": { "osm_id": 544896995, "name": "Apotheke am Bach", "postcode": "", "city": "", "lat": 47.3746838, "lon": 8.0772625 }, "geometry": { "type": "Point", "coordinates": [ 2648232.774113406427205, 1247290.073861434357241 ] } },
{ "type": "Feature", "properties": { "osm_id": 544986284, "name": "Pharmacie Dr A Marca", "postcode": "", "city": "", "lat": 46.8027202, "lon": 7.1515284 }, "geometry": { "type": "Point", "coordinates": [ 2578083.378431220538914, 1183547.011392927262932 ] } },
{ "type": "Feature", "properties": { "osm_id": 556051611, "name": "Feelgood's", "postcode": "1228", "city": "Plan-les-Ouates", "lat": 46.1689554, "lon": 6.1211233 }, "geometry": { "type": "Point", "coordinates": [ 2498246.011686173267663, 1113909.823191164527088 ] } },
{ "type": "Feature", "properties": { "osm_id": 568000492, "name": "Nature First", "postcode": "8400", "city": "Winterthur", "lat": 47.4996622, "lon": 8.7296567 }, "geometry": { "type": "Point", "coordinates": [ 2697272.565433972049505, 1261789.559449803084135 ] } },
{ "type": "Feature", "properties": { "osm_id": 568021146, "name": "Sternen Apotheke", "postcode": "8400", "city": "Winterthur", "lat": 47.4997116, "lon": 8.7286733 }, "geometry": { "type": "Point", "coordinates": [ 2697198.387792124412954, 1261793.832617771578953 ] } },
{ "type": "Feature", "properties": { "osm_id": 569039446, "name": "Pharmacie du Lac", "postcode": "", "city": "", "lat": 46.4578553, "lon": 6.8523528 }, "geometry": { "type": "Point", "coordinates": [ 2554958.634580047335476, 1145338.175304654287174 ] } },
{ "type": "Feature", "properties": { "osm_id": 569039970, "name": "Trois-Couronnes", "postcode": "1800", "city": "Vevey", "lat": 46.458714, "lon": 6.8479598 }, "geometry": { "type": "Point", "coordinates": [ 2554621.870803990401328, 1145436.167449781205505 ] } },
{ "type": "Feature", "properties": { "osm_id": 569040072, "name": "Pharmacie de l'Hôtel-de-Ville", "postcode": "", "city": "", "lat": 46.4592465, "lon": 6.8466172 }, "geometry": { "type": "Point", "coordinates": [ 2554519.177408459130675, 1145496.140455736313015 ] } },
{ "type": "Feature", "properties": { "osm_id": 569040275, "name": "Pharmacie Plus Rouvinez", "postcode": "", "city": "", "lat": 46.4603639, "lon": 6.8451688 }, "geometry": { "type": "Point", "coordinates": [ 2554408.85141628747806, 1145621.195512628881261 ] } },
{ "type": "Feature", "properties": { "osm_id": 569040685, "name": "Pharmacie du Marché", "postcode": "", "city": "", "lat": 46.4598701, "lon": 6.8430664 }, "geometry": { "type": "Point", "coordinates": [ 2554246.928346345666796, 1145567.530372940236703 ] } },
{ "type": "Feature", "properties": { "osm_id": 569041957, "name": "Pharmacie Saint-Martin", "postcode": "", "city": "", "lat": 46.4612184, "lon": 6.8431974 }, "geometry": { "type": "Point", "coordinates": [ 2554258.131926978006959, 1145717.333576980046928 ] } },
{ "type": "Feature", "properties": { "osm_id": 569043298, "name": "Pharmacie Schoen", "postcode": "", "city": "", "lat": 46.4616296, "lon": 6.842051 }, "geometry": { "type": "Point", "coordinates": [ 2554170.415779538452625, 1145763.713946568313986 ] } },
{ "type": "Feature", "properties": { "osm_id": 569043513, "name": "Pharmacie Saba", "postcode": "1800", "city": "Vevey", "lat": 46.4630046, "lon": 6.8406676 }, "geometry": { "type": "Point", "coordinates": [ 2554065.313766003586352, 1145917.372587208636105 ] } },
{ "type": "Feature", "properties": { "osm_id": 569043635, "name": "Sun Store", "postcode": "", "city": "", "lat": 46.4634579, "lon": 6.8401565 }, "geometry": { "type": "Point", "coordinates": [ 2554026.438489674124867, 1145968.062372050015256 ] } },
{ "type": "Feature", "properties": { "osm_id": 569043713, "name": "Pharmacie de Plan-Soleil", "postcode": "", "city": "", "lat": 46.464373, "lon": 6.8401596 }, "geometry": { "type": "Point", "coordinates": [ 2554027.454370803199708, 1146069.784903905820101 ] } },
{ "type": "Feature", "properties": { "osm_id": 569043960, "name": "Pharmacie de Copet", "postcode": "1800", "city": "Vevey", "lat": 46.4664154, "lon": 6.84507 }, "geometry": { "type": "Point", "coordinates": [ 2554406.362753512803465, 1146293.950259842211381 ] } },
{ "type": "Feature", "properties": { "osm_id": 569044769, "name": "Pharmacie de la Tour", "postcode": "", "city": "", "lat": 46.4527077, "lon": 6.8573707 }, "geometry": { "type": "Point", "coordinates": [ 2555339.876246187835932, 1144763.081875414820388 ] } },
{ "type": "Feature", "properties": { "osm_id": 569044906, "name": "Pharmacie du Centre", "postcode": "", "city": "", "lat": 46.452364, "lon": 6.8578213 }, "geometry": { "type": "Point", "coordinates": [ 2555374.212562927510589, 1144724.618446217849851 ] } },
{ "type": "Feature", "properties": { "osm_id": 569316813, "name": "Amavita Central Basel", "postcode": "4051", "city": "Basel", "lat": 47.5485029, "lon": 7.5899229 }, "geometry": { "type": "Point", "coordinates": [ 2611389.768123387359083, 1266431.168142958777025 ] } },
{ "type": "Feature", "properties": { "osm_id": 574322712, "name": "TopPharm Apotheke Küttigen", "postcode": "5024", "city": "Küttigen", "lat": 47.4156453, "lon": 8.0479409 }, "geometry": { "type": "Point", "coordinates": [ 2645982.983226013369858, 1251826.551159357884899 ] } },
{ "type": "Feature", "properties": { "osm_id": 582823196, "name": "PharmaciePlus du Rondeau", "postcode": "", "city": "Carouge GE", "lat": 46.180453, "lon": 6.1396979 }, "geometry": { "type": "Point", "coordinates": [ 2499701.609140275046229, 1115163.830430493922904 ] } },
{ "type": "Feature", "properties": { "osm_id": 582950403, "name": "Amavita", "postcode": "4051", "city": "Basel", "lat": 47.5586841, "lon": 7.5869109 }, "geometry": { "type": "Point", "coordinates": [ 2611160.901608283165842, 1267562.769112821668386 ] } },
{ "type": "Feature", "properties": { "osm_id": 585023412, "name": "Klybeck Apotheke", "postcode": "4057", "city": "Basel", "lat": 47.5656841, "lon": 7.591063 }, "geometry": { "type": "Point", "coordinates": [ 2611471.902413076721132, 1268341.685771259479225 ] } },
{ "type": "Feature", "properties": { "osm_id": 586282496, "name": "Coop Vitality", "postcode": "4058", "city": "Basel", "lat": 47.5629845, "lon": 7.5973118 }, "geometry": { "type": "Point", "coordinates": [ 2611942.75523054972291, 1268042.447759695583954 ] } },
{ "type": "Feature", "properties": { "osm_id": 595033022, "name": "Farmacia di Comano", "postcode": "", "city": "", "lat": 46.0331388, "lon": 8.9541011 }, "geometry": { "type": "Point", "coordinates": [ 2717330.4219422172755, 1099088.045395755209029 ] } },
{ "type": "Feature", "properties": { "osm_id": 599228229, "name": "Pharmacie du Centre", "postcode": "", "city": "", "lat": 46.3182934, "lon": 6.96894 }, "geometry": { "type": "Point", "coordinates": [ 2563822.146215509623289, 1129763.607449827715755 ] } },
{ "type": "Feature", "properties": { "osm_id": 601509935, "name": "Jura", "postcode": "", "city": "", "lat": 46.9589286, "lon": 7.4545518 }, "geometry": { "type": "Point", "coordinates": [ 2601211.712325361091644, 1200872.336689030285925 ] } },
{ "type": "Feature", "properties": { "osm_id": 602257100, "name": "Saner Apotheke", "postcode": "", "city": "", "lat": 47.3486797, "lon": 7.9111482 }, "geometry": { "type": "Point", "coordinates": [ 2635704.645811386406422, 1244310.199715645983815 ] } },
{ "type": "Feature", "properties": { "osm_id": 602689053, "name": "Santé Sälipark Apotheke & Drogerie", "postcode": "4600", "city": "Olten", "lat": 47.3463717, "lon": 7.9092591 }, "geometry": { "type": "Point", "coordinates": [ 2635563.441070802509785, 1244052.741447319509462 ] } },
{ "type": "Feature", "properties": { "osm_id": 606970715, "name": "TopPharm", "postcode": "", "city": "", "lat": 46.957984, "lon": 7.447145 }, "geometry": { "type": "Point", "coordinates": [ 2600647.954971709754318, 1200767.243657260201871 ] } },
{ "type": "Feature", "properties": { "osm_id": 613667859, "name": "Bären-Apotheke", "postcode": "8003", "city": "Zürich", "lat": 47.3705169, "lon": 8.5143437 }, "geometry": { "type": "Point", "coordinates": [ 2681247.813058442436159, 1247187.327946759527549 ] } },
{ "type": "Feature", "properties": { "osm_id": 613704433, "name": "Apotheke Altstetten AA1", "postcode": "8048", "city": "Zürich", "lat": 47.3877883, "lon": 8.4855758 }, "geometry": { "type": "Point", "coordinates": [ 2679049.518468917347491, 1249078.043341382173821 ] } },
{ "type": "Feature", "properties": { "osm_id": 613704525, "name": "Apotheke Schafroth", "postcode": "8048", "city": "Zürich", "lat": 47.3879571, "lon": 8.4863203 }, "geometry": { "type": "Point", "coordinates": [ 2679105.477688420563936, 1249097.559496396454051 ] } },
{ "type": "Feature", "properties": { "osm_id": 614262854, "name": "Leimen-Apotheke", "postcode": "4106", "city": "Therwil", "lat": 47.4992093, "lon": 7.556722 }, "geometry": { "type": "Point", "coordinates": [ 2608898.636491920799017, 1260946.081999404588714 ] } },
{ "type": "Feature", "properties": { "osm_id": 614862177, "name": "Coop Vitality", "postcode": "3014", "city": "Bern", "lat": 46.9636219, "lon": 7.463928 }, "geometry": { "type": "Point", "coordinates": [ 2601925.218370278831571, 1201394.274222841719165 ] } },
{ "type": "Feature", "properties": { "osm_id": 616269373, "name": "Stern Apotheke", "postcode": "", "city": "", "lat": 47.4244997, "lon": 9.3794478 }, "geometry": { "type": "Point", "coordinates": [ 2746429.360619843471795, 1254443.556349645135924 ] } },
{ "type": "Feature", "properties": { "osm_id": 617864303, "name": "Unitobler", "postcode": "", "city": "", "lat": 46.9550919, "lon": 7.4301283 }, "geometry": { "type": "Point", "coordinates": [ 2599352.669800272677094, 1200445.742056067567319 ] } },
{ "type": "Feature", "properties": { "osm_id": 618770859, "name": "Zentrum Apotheke", "postcode": "", "city": "", "lat": 47.1660762, "lon": 9.4728205 }, "geometry": { "type": "Point", "coordinates": [ 2754217.47425884893164, 1225900.247349303914234 ] } },
{ "type": "Feature", "properties": { "osm_id": 628810745, "name": "Pharmacie du Petit-Lancy", "postcode": "", "city": "", "lat": 46.1903339, "lon": 6.1184488 }, "geometry": { "type": "Point", "coordinates": [ 2498079.522383955307305, 1116289.516570682171732 ] } },
{ "type": "Feature", "properties": { "osm_id": 629038860, "name": "Horsch", "postcode": "9410", "city": "Heiden", "lat": 47.4444804, "lon": 9.5355431 }, "geometry": { "type": "Point", "coordinates": [ 2758144.224613546393812, 1256967.394004463916644 ] } },
{ "type": "Feature", "properties": { "osm_id": 630621072, "name": "Pharmacie du Grand-Lancy", "postcode": "1212", "city": "Grand-Lancy", "lat": 46.1822582, "lon": 6.1198087 }, "geometry": { "type": "Point", "coordinates": [ 2498169.386206711176783, 1115390.135907890740782 ] } },
{ "type": "Feature", "properties": { "osm_id": 639146393, "name": "Amavita", "postcode": "8051", "city": "Zürich", "lat": 47.404526, "lon": 8.5729473 }, "geometry": { "type": "Point", "coordinates": [ 2685619.119678988587111, 1251030.480141458800063 ] } },
{ "type": "Feature", "properties": { "osm_id": 640043518, "name": "Bergpraxis", "postcode": "7563", "city": "Samnaun Dorf", "lat": 46.9523322, "lon": 10.3746515 }, "geometry": { "type": "Point", "coordinates": [ 2823449.911387733183801, 1204320.111123588634655 ] } },
{ "type": "Feature", "properties": { "osm_id": 643856479, "name": "Sun Store", "postcode": "1163", "city": "Etoy", "lat": 46.4738783, "lon": 6.425784 }, "geometry": { "type": "Point", "coordinates": [ 2522212.135430649388582, 1147453.828354550758377 ] } },
{ "type": "Feature", "properties": { "osm_id": 645523919, "name": "Apotheke Lagger", "postcode": "", "city": "", "lat": 46.1956459, "lon": 7.8391864 }, "geometry": { "type": "Point", "coordinates": [ 2630920.471974064130336, 1116099.269820095971227 ] } },
{ "type": "Feature", "properties": { "osm_id": 648956174, "name": "Apotheke zur Bleiche", "postcode": "8002", "city": "Zürich", "lat": 47.3678875, "lon": 8.5348942 }, "geometry": { "type": "Point", "coordinates": [ 2682803.953282298054546, 1246916.495278609683737 ] } },
{ "type": "Feature", "properties": { "osm_id": 649777592, "name": "PharmaciePlus de l'île", "postcode": "1180", "city": "Rolle", "lat": 46.4580011, "lon": 6.338411 }, "geometry": { "type": "Point", "coordinates": [ 2515477.486673851497471, 1145779.51740413880907 ] } },
{ "type": "Feature", "properties": { "osm_id": 653154479, "name": "Munier", "postcode": "", "city": "", "lat": 46.1918266, "lon": 6.103583 }, "geometry": { "type": "Point", "coordinates": [ 2496934.807459514588118, 1116474.877395277610049 ] } },
{ "type": "Feature", "properties": { "osm_id": 656616207, "name": "Paracelsus-Apotheke", "postcode": "8004", "city": "Zürich", "lat": 47.3793647, "lon": 8.5276523 }, "geometry": { "type": "Point", "coordinates": [ 2682239.281205462291837, 1248184.814544918481261 ] } },
{ "type": "Feature", "properties": { "osm_id": 656736702, "name": "Sun Store", "postcode": "", "city": "", "lat": 46.5098278, "lon": 6.4979824 }, "geometry": { "type": "Point", "coordinates": [ 2527804.721400008536875, 1151380.731877901125699 ] } },
{ "type": "Feature", "properties": { "osm_id": 659861585, "name": "Pilgerbrunnen Apotheke", "postcode": "8004", "city": "Zürich", "lat": 47.3782798, "lon": 8.5108558 }, "geometry": { "type": "Point", "coordinates": [ 2680972.599666302558035, 1248046.737299125874415 ] } },
{ "type": "Feature", "properties": { "osm_id": 660081683, "name": "Albis-Apotheke", "postcode": "8047", "city": "Zürich", "lat": 47.3760408, "lon": 8.4881764 }, "geometry": { "type": "Point", "coordinates": [ 2679263.33174123801291, 1247774.668727800250053 ] } },
{ "type": "Feature", "properties": { "osm_id": 660086455, "name": "Stauffacher Apotheke", "postcode": "8004", "city": "Zürich", "lat": 47.372996, "lon": 8.5278947 }, "geometry": { "type": "Point", "coordinates": [ 2682267.413738853298128, 1247477.051188960904256 ] } },
{ "type": "Feature", "properties": { "osm_id": 660176172, "name": "UrsDrogerie Apotheke mit Biolade", "postcode": "6312", "city": "Steinhausen", "lat": 47.1969024, "lon": 8.4858491 }, "geometry": { "type": "Point", "coordinates": [ 2679353.350411955267191, 1227857.619190849596635 ] } },
{ "type": "Feature", "properties": { "osm_id": 660274586, "name": "Apotheke Wyss", "postcode": "5405", "city": "Baden-Dättwil", "lat": 47.4502077, "lon": 8.291745 }, "geometry": { "type": "Point", "coordinates": [ 2664339.631057914346457, 1255840.485986923566088 ] } },
{ "type": "Feature", "properties": { "osm_id": 663436665, "name": "Metalli Apotheke", "postcode": "6300", "city": "Zug", "lat": 47.1724345, "lon": 8.5174322 }, "geometry": { "type": "Point", "coordinates": [ 2681783.811633438337594, 1225170.045167952310294 ] } },
{ "type": "Feature", "properties": { "osm_id": 663576425, "name": "Eiger", "postcode": "", "city": "", "lat": 46.9430061, "lon": 7.4315905 }, "geometry": { "type": "Point", "coordinates": [ 2599463.835919505916536, 1199102.142660349374637 ] } },
{ "type": "Feature", "properties": { "osm_id": 664406565, "name": "Oberland Apotheke", "postcode": "8620", "city": "Wetzikon ZH", "lat": 47.3271821, "lon": 8.800112 }, "geometry": { "type": "Point", "coordinates": [ 2702913.239169511012733, 1242705.237068829825148 ] } },
{ "type": "Feature", "properties": { "osm_id": 666998651, "name": "Weissenbühl-Apotheke", "postcode": "", "city": "", "lat": 46.9367572, "lon": 7.4326991 }, "geometry": { "type": "Point", "coordinates": [ 2599548.180877129081637, 1198407.441082253586501 ] } },
{ "type": "Feature", "properties": { "osm_id": 670339702, "name": "Amavita Apotheke Dübendorf", "postcode": "8600", "city": "Dübendorf", "lat": 47.3991933, "lon": 8.6215296 }, "geometry": { "type": "Point", "coordinates": [ 2689294.796911393292248, 1250491.78647500812076 ] } },
{ "type": "Feature", "properties": { "osm_id": 670513464, "name": "TopPharm", "postcode": "", "city": "Bern", "lat": 46.9481671, "lon": 7.4521896 }, "geometry": { "type": "Point", "coordinates": [ 2601032.106185482349247, 1199675.940506822895259 ] } },
{ "type": "Feature", "properties": { "osm_id": 671202181, "name": "Friedens-Apotheke", "postcode": "", "city": "", "lat": 46.9408831, "lon": 7.424312 }, "geometry": { "type": "Point", "coordinates": [ 2598909.623673340771347, 1198866.20974635030143 ] } },
{ "type": "Feature", "properties": { "osm_id": 677637286, "name": "Testa Grigia", "postcode": "3920", "city": "Zermatt", "lat": 46.021898, "lon": 7.7472172 }, "geometry": { "type": "Point", "coordinates": [ 2623896.585359482094646, 1096752.473417467670515 ] } },
{ "type": "Feature", "properties": { "osm_id": 677637287, "name": "Vital Apotheke", "postcode": "", "city": "", "lat": 46.0231002, "lon": 7.7478125 }, "geometry": { "type": "Point", "coordinates": [ 2623942.161624010652304, 1096886.298694822471589 ] } },
{ "type": "Feature", "properties": { "osm_id": 678894119, "name": "Amavita", "postcode": "4125", "city": "Riehen", "lat": 47.5709667, "lon": 7.6327173 }, "geometry": { "type": "Point", "coordinates": [ 2614605.118438345380127, 1268935.941106706624851 ] } },
{ "type": "Feature", "properties": { "osm_id": 679015478, "name": "Farmacia Centrale", "postcode": "6654", "city": "Cavigliano", "lat": 46.1842084, "lon": 8.7175678 }, "geometry": { "type": "Point", "coordinates": [ 2698745.428329623769969, 1115553.473436410073191 ] } },
{ "type": "Feature", "properties": { "osm_id": 685531331, "name": "Amavita", "postcode": "", "city": "", "lat": 47.102881, "lon": 6.8289966 }, "geometry": { "type": "Point", "coordinates": [ 2553722.769116636365652, 1217056.251163362525403 ] } },
{ "type": "Feature", "properties": { "osm_id": 686557302, "name": "Benu", "postcode": "8603", "city": "Schwerzenbach", "lat": 47.3837801, "lon": 8.6604719 }, "geometry": { "type": "Point", "coordinates": [ 2692260.913214380387217, 1248823.359363933792338 ] } },
{ "type": "Feature", "properties": { "osm_id": 686623297, "name": "Apotheke Engelberg AG", "postcode": "6390", "city": "Engelberg", "lat": 46.8211936, "lon": 8.4041886 }, "geometry": { "type": "Point", "coordinates": [ 2673679.697465900331736, 1186013.081690952647477 ] } },
{ "type": "Feature", "properties": { "osm_id": 687752324, "name": "Stern Apotheke", "postcode": "3076", "city": "Worb", "lat": 46.9280002, "lon": 7.5640543 }, "geometry": { "type": "Point", "coordinates": [ 2609551.933525789063424, 1197441.423738788114861 ] } },
{ "type": "Feature", "properties": { "osm_id": 687867291, "name": "Farmacia della Valle", "postcode": "", "city": "", "lat": 46.3168667, "lon": 8.6021869 }, "geometry": { "type": "Point", "coordinates": [ 2689618.896800691727549, 1130160.180627748370171 ] } },
{ "type": "Feature", "properties": { "osm_id": 693100441, "name": "Montchoisy SA", "postcode": "", "city": "", "lat": 46.2041578, "lon": 6.1621833 }, "geometry": { "type": "Point", "coordinates": [ 2501480.59860360622406, 1117770.099372446537018 ] } },
{ "type": "Feature", "properties": { "osm_id": 693318441, "name": "Victoria Apotheke", "postcode": "8001", "city": "Zürich", "lat": 47.3742811, "lon": 8.5383036 }, "geometry": { "type": "Point", "coordinates": [ 2683051.495701068080962, 1247630.881661013932899 ] } },
{ "type": "Feature", "properties": { "osm_id": 693318592, "name": "Coop Vitality", "postcode": "8001", "city": "Zürich", "lat": 47.3758718, "lon": 8.5391041 }, "geometry": { "type": "Point", "coordinates": [ 2683109.468108294531703, 1247808.569153992459178 ] } },
{ "type": "Feature", "properties": { "osm_id": 693318670, "name": "Amavita", "postcode": "8001", "city": "Zürich", "lat": 47.37669, "lon": 8.5399521 }, "geometry": { "type": "Point", "coordinates": [ 2683172.229183345567435, 1247900.427881321869791 ] } },
{ "type": "Feature", "properties": { "osm_id": 694019443, "name": "TopPharm Rathaus Apotheke", "postcode": "5430", "city": "Wettingen", "lat": 47.4669434, "lon": 8.3245139 }, "geometry": { "type": "Point", "coordinates": [ 2666789.849602011963725, 1257728.504127329913899 ] } },
{ "type": "Feature", "properties": { "osm_id": 697440403, "name": "Montana Apotheke", "postcode": "7050", "city": "Arosa", "lat": 46.7820602, "lon": 9.6794897 }, "geometry": { "type": "Point", "coordinates": [ 2771100.915016111452132, 1183652.994393346132711 ] } },
{ "type": "Feature", "properties": { "osm_id": 697447478, "name": "Flugplatz-Apotheke", "postcode": "4056", "city": "Basel", "lat": 47.568592, "lon": 7.5695943 }, "geometry": { "type": "Point", "coordinates": [ 2609855.754136580973864, 1268662.111993360798806 ] } },
{ "type": "Feature", "properties": { "osm_id": 698557145, "name": "Cityring Apotheke", "postcode": "", "city": "", "lat": 47.5619188, "lon": 7.5736716 }, "geometry": { "type": "Point", "coordinates": [ 2610163.840726091060787, 1267920.642941781552508 ] } },
{ "type": "Feature", "properties": { "osm_id": 698785782, "name": "Marktgass Apotheke", "postcode": "", "city": "", "lat": 47.3976672, "lon": 8.6173752 }, "geometry": { "type": "Point", "coordinates": [ 2688983.76310871867463, 1250317.410028202924877 ] } },
{ "type": "Feature", "properties": { "osm_id": 702121792, "name": "Farmacia di Crocifisso", "postcode": "", "city": "", "lat": 46.017183, "lon": 8.9409669 }, "geometry": { "type": "Point", "coordinates": [ 2716347.631424348335713, 1097295.054902023170143 ] } },
{ "type": "Feature", "properties": { "osm_id": 702252236, "name": "Farmacia Ronchi", "postcode": "6874", "city": "Castel San Pietro", "lat": 45.8620326, "lon": 9.0096376 }, "geometry": { "type": "Point", "coordinates": [ 2722010.561568563338369, 1080154.940886176424101 ] } },
{ "type": "Feature", "properties": { "osm_id": 703216769, "name": "TopPharm", "postcode": "8001", "city": "Zürich", "lat": 47.3776379, "lon": 8.5435927 }, "geometry": { "type": "Point", "coordinates": [ 2683445.665262705180794, 1248009.672065011225641 ] } },
{ "type": "Feature", "properties": { "osm_id": 704348026, "name": "Schloss-Apotheke", "postcode": "3008", "city": "Bern", "lat": 46.9443709, "lon": 7.4217447 }, "geometry": { "type": "Point", "coordinates": [ 2598714.236546171829104, 1199253.991796001326293 ] } },
{ "type": "Feature", "properties": { "osm_id": 704834757, "name": "Medbase Apotheke Dübendorf", "postcode": "8600", "city": "Dübendorf", "lat": 47.3973629, "lon": 8.616927 }, "geometry": { "type": "Point", "coordinates": [ 2688950.439102916046977, 1250283.072721562581137 ] } },
{ "type": "Feature", "properties": { "osm_id": 706426545, "name": "TopPharm Römer Apotheke", "postcode": "8404", "city": "Winterthur", "lat": 47.5094046, "lon": 8.7585021 }, "geometry": { "type": "Point", "coordinates": [ 2699427.490346243605018, 1262908.793471785029396 ] } },
{ "type": "Feature", "properties": { "osm_id": 707091137, "name": "Pharmacie du Vieux-Village", "postcode": "", "city": "Vernier", "lat": 46.2148467, "lon": 6.0836082 }, "geometry": { "type": "Point", "coordinates": [ 2495437.189550712238997, 1119060.008092296309769 ] } },
{ "type": "Feature", "properties": { "osm_id": 707091170, "name": "Pharmacie de Vernier", "postcode": "", "city": "", "lat": 46.2172149, "lon": 6.0873419 }, "geometry": { "type": "Point", "coordinates": [ 2495729.81587349716574, 1119318.254554376006126 ] } },
{ "type": "Feature", "properties": { "osm_id": 722258569, "name": "Pharmacie du Bourg", "postcode": "", "city": "", "lat": 47.0093891, "lon": 7.0010771 }, "geometry": { "type": "Point", "coordinates": [ 2566727.100607194006443, 1206575.243689269758761 ] } },
{ "type": "Feature", "properties": { "osm_id": 723124722, "name": "Coop vitality farmacia", "postcode": "", "city": "", "lat": 46.1748939, "lon": 8.8557581 }, "geometry": { "type": "Point", "coordinates": [ 2709432.669443895108998, 1114701.520857665454969 ] } },
{ "type": "Feature", "properties": { "osm_id": 723124740, "name": "Farmacia Caroni", "postcode": "", "city": "", "lat": 46.180369, "lon": 8.8507216 }, "geometry": { "type": "Point", "coordinates": [ 2709032.827322913799435, 1115303.051648317370564 ] } },
{ "type": "Feature", "properties": { "osm_id": 725251857, "name": "Pharmacie de St Jean", "postcode": "", "city": "", "lat": 46.2042028, "lon": 6.1249498 }, "geometry": { "type": "Point", "coordinates": [ 2498607.20939439162612, 1117822.60631681792438 ] } },
{ "type": "Feature", "properties": { "osm_id": 728690438, "name": "Paracelsus Apotheke", "postcode": "5430", "city": "Wettingen", "lat": 47.4644926, "lon": 8.3298658 }, "geometry": { "type": "Point", "coordinates": [ 2667196.421730649657547, 1257460.596871406305581 ] } },
{ "type": "Feature", "properties": { "osm_id": 732706068, "name": "TopPharm Apotheke Dr. Rebhan", "postcode": "8706", "city": "Meilen", "lat": 47.2683278, "lon": 8.6458493 }, "geometry": { "type": "Point", "coordinates": [ 2691354.334504143800586, 1235971.743304957868531 ] } },
{ "type": "Feature", "properties": { "osm_id": 733908702, "name": "Littoral Centre - Marx Sikiaridis Eveline", "postcode": "", "city": "", "lat": 46.9441724, "lon": 6.8429962 }, "geometry": { "type": "Point", "coordinates": [ 2554651.2020652317442, 1199404.580627178074792 ] } },
{ "type": "Feature", "properties": { "osm_id": 738031621, "name": "Riedsteg", "postcode": "8707", "city": "Uetikon am See", "lat": 47.2631804, "lon": 8.6774473 }, "geometry": { "type": "Point", "coordinates": [ 2693754.294162140227854, 1235436.803352592745796 ] } },
{ "type": "Feature", "properties": { "osm_id": 738207103, "name": "Linden Apotheke", "postcode": "", "city": "", "lat": 46.947981, "lon": 7.427277 }, "geometry": { "type": "Point", "coordinates": [ 2599135.503929040394723, 1199655.248011854011565 ] } },
{ "type": "Feature", "properties": { "osm_id": 747699699, "name": "BENU Pharmacie du Vieux-Collège", "postcode": "1462", "city": "Yvonand", "lat": 46.8007362, "lon": 6.7416578 }, "geometry": { "type": "Point", "coordinates": [ 2546794.045440003275871, 1183523.195675240596756 ] } },
{ "type": "Feature", "properties": { "osm_id": 759930918, "name": "Bahnhof Apotheke", "postcode": "", "city": "", "lat": 46.6826707, "lon": 7.8515152 }, "geometry": { "type": "Point", "coordinates": [ 2631587.735764789860696, 1170243.815008093137294 ] } },
{ "type": "Feature", "properties": { "osm_id": 765576175, "name": "Pharmacie d'Orsières", "postcode": "", "city": "", "lat": 46.0305193, "lon": 7.1461484 }, "geometry": { "type": "Point", "coordinates": [ 2577351.406503768172115, 1097706.648068590322509 ] } },
{ "type": "Feature", "properties": { "osm_id": 765769912, "name": "Medbase Apotheke Zehntenhaus", "postcode": "8046", "city": "Zürich", "lat": 47.4193712, "lon": 8.5067513 }, "geometry": { "type": "Point", "coordinates": [ 2680600.472199351992458, 1252610.748349780216813 ] } },
{ "type": "Feature", "properties": { "osm_id": 766917939, "name": "Roseg", "postcode": "7504", "city": "Pontresina", "lat": 46.4903507, "lon": 9.9053561 }, "geometry": { "type": "Point", "coordinates": [ 2789361.119990572798997, 1151758.293487180955708 ] } },
{ "type": "Feature", "properties": { "osm_id": 767420278, "name": "Pharmacie de Chexbres", "postcode": "1071", "city": "Chexbres", "lat": 46.4822376, "lon": 6.7747328 }, "geometry": { "type": "Point", "coordinates": [ 2549018.628242211882025, 1148096.158645048737526 ] } },
{ "type": "Feature", "properties": { "osm_id": 772818404, "name": "BENU Apotheke", "postcode": "", "city": "", "lat": 46.2937409, "lon": 7.8813195 }, "geometry": { "type": "Point", "coordinates": [ 2634111.53379124449566, 1127021.320470705861226 ] } },
{ "type": "Feature", "properties": { "osm_id": 786621994, "name": "Pharmacie de Sauvabelin", "postcode": "1018", "city": "Lausanne", "lat": 46.5364769, "lon": 6.6332569 }, "geometry": { "type": "Point", "coordinates": [ 2538217.078013536520302, 1154227.302147795911878 ] } },
{ "type": "Feature", "properties": { "osm_id": 794048747, "name": "West Apotheke", "postcode": "", "city": "", "lat": 47.4193664, "lon": 9.354612 }, "geometry": { "type": "Point", "coordinates": [ 2744569.884657430462539, 1253826.923908794065937 ] } },
{ "type": "Feature", "properties": { "osm_id": 795786704, "name": "Pharmacie du Chemin des Sports", "postcode": "", "city": "", "lat": 46.2060692, "lon": 6.1150715 }, "geometry": { "type": "Point", "coordinates": [ 2497848.367028791923076, 1118042.888364958576858 ] } },
{ "type": "Feature", "properties": { "osm_id": 800658251, "name": "Engel", "postcode": "8840", "city": "Einsiedeln", "lat": 47.126967, "lon": 8.7493428 }, "geometry": { "type": "Point", "coordinates": [ 2699447.83952980209142, 1220383.575791866518557 ] } },
{ "type": "Feature", "properties": { "osm_id": 800659145, "name": "Paracelsus Apotheke", "postcode": "8840", "city": "Einsiedeln", "lat": 47.1274116, "lon": 8.7459477 }, "geometry": { "type": "Point", "coordinates": [ 2699189.443236511200666, 1220428.699672920862213 ] } },
{ "type": "Feature", "properties": { "osm_id": 803832780, "name": "Apotheke Gümligen AG", "postcode": "3073", "city": "Gümligen", "lat": 46.9328257, "lon": 7.5045419 }, "geometry": { "type": "Point", "coordinates": [ 2605019.105101543478668, 1197972.400733158225194 ] } },
{ "type": "Feature", "properties": { "osm_id": 804863971, "name": "Pharmacie de Saint-Maurice", "postcode": "", "city": "", "lat": 46.2178054, "lon": 7.0046057 }, "geometry": { "type": "Point", "coordinates": [ 2566507.209564929362386, 1118577.131886658025905 ] } },
{ "type": "Feature", "properties": { "osm_id": 804863977, "name": "Pharmacie de la Gare", "postcode": "", "city": "", "lat": 46.2165043, "lon": 7.0029392 }, "geometry": { "type": "Point", "coordinates": [ 2566377.809348199050874, 1118433.211502503836527 ] } },
{ "type": "Feature", "properties": { "osm_id": 806437072, "name": "Farmacia San Lorenzo", "postcode": "6616", "city": "Losone", "lat": 46.16479, "lon": 8.76093 }, "geometry": { "type": "Point", "coordinates": [ 2702129.483599986881018, 1113450.624188460409641 ] } },
{ "type": "Feature", "properties": { "osm_id": 806638161, "name": "Farmacia Lanfranchi", "postcode": "", "city": "", "lat": 46.1688691, "lon": 8.7925672 }, "geometry": { "type": "Point", "coordinates": [ 2704564.983243748545647, 1113945.689973887521774 ] } },
{ "type": "Feature", "properties": { "osm_id": 828159609, "name": "Benu", "postcode": "", "city": "", "lat": 46.7798565, "lon": 6.6389518 }, "geometry": { "type": "Point", "coordinates": [ 2538930.212262564338744, 1181277.088725974084809 ] } },
{ "type": "Feature", "properties": { "osm_id": 828159625, "name": "Pharmacie Centrale", "postcode": "", "city": "", "lat": 46.7795125, "lon": 6.6392567 }, "geometry": { "type": "Point", "coordinates": [ 2538953.105528951622546, 1181238.611231366172433 ] } },
{ "type": "Feature", "properties": { "osm_id": 836191242, "name": "Pharmacie Sermet", "postcode": "", "city": "", "lat": 46.1105691, "lon": 7.4976564 }, "geometry": { "type": "Point", "coordinates": [ 2604562.477435714565217, 1106564.663997885538265 ] } },
{ "type": "Feature", "properties": { "osm_id": 838253874, "name": "Pharmacie de l'Abbaye", "postcode": "", "city": "", "lat": 46.0812384, "lon": 7.2133342 }, "geometry": { "type": "Point", "coordinates": [ 2582569.932309145107865, 1103327.664216227363795 ] } },
{ "type": "Feature", "properties": { "osm_id": 841975032, "name": "Dropa Urdorf", "postcode": "8902", "city": "Urdorf", "lat": 47.384958, "lon": 8.4225465 }, "geometry": { "type": "Point", "coordinates": [ 2674294.724378607235849, 1248701.810327595798299 ] } },
{ "type": "Feature", "properties": { "osm_id": 842629464, "name": "Amavita Rümlang", "postcode": "8153", "city": "Rümlang", "lat": 47.4508792, "lon": 8.5300081 }, "geometry": { "type": "Point", "coordinates": [ 2682306.589329947251827, 1256137.748558790422976 ] } },
{ "type": "Feature", "properties": { "osm_id": 847533637, "name": "Pharmacie de la Cigale", "postcode": "1010", "city": "Lausanne", "lat": 46.5436542, "lon": 6.6473809 }, "geometry": { "type": "Point", "coordinates": [ 2539308.589670151472092, 1155014.08463453873992 ] } },
{ "type": "Feature", "properties": { "osm_id": 848751146, "name": "Vallesia", "postcode": "3906", "city": "Saas-Fee", "lat": 46.1090265, "lon": 7.9276468 }, "geometry": { "type": "Point", "coordinates": [ 2637809.198586691636592, 1106508.991381942061707 ] } },
{ "type": "Feature", "properties": { "osm_id": 848939047, "name": "Amavita", "postcode": "8004", "city": "Zürich", "lat": 47.3750349, "lon": 8.5237485 }, "geometry": { "type": "Point", "coordinates": [ 2681951.156138265505433, 1247699.380179536296055 ] } },
{ "type": "Feature", "properties": { "osm_id": 850911828, "name": "Schürhof Apotheke", "postcode": "", "city": "", "lat": 47.5019414, "lon": 8.2549477 }, "geometry": { "type": "Point", "coordinates": [ 2661504.781743325293064, 1261562.708477382548153 ] } },
{ "type": "Feature", "properties": { "osm_id": 851226338, "name": "St. Michaels-Apotheke", "postcode": "6215", "city": "Beromünster", "lat": 47.2065429, "lon": 8.1905034 }, "geometry": { "type": "Point", "coordinates": [ 2656964.033252868335694, 1228672.870261176954955 ] } },
{ "type": "Feature", "properties": { "osm_id": 861782890, "name": "Benu", "postcode": "8135", "city": "Langnau am Albis", "lat": 47.2889907, "lon": 8.5389653 }, "geometry": { "type": "Point", "coordinates": [ 2683234.427984468638897, 1238149.87124655675143 ] } },
{ "type": "Feature", "properties": { "osm_id": 866556471, "name": "Medbase Apotheke Berninaplatz", "postcode": "8057", "city": "Zürich", "lat": 47.4033589, "lon": 8.5472861 }, "geometry": { "type": "Point", "coordinates": [ 2683684.165711242239922, 1250873.049012884264812 ] } },
{ "type": "Feature", "properties": { "osm_id": 871152922, "name": "Lindenapotheke Unterdorf", "postcode": "5703", "city": "Seon", "lat": 47.34753, "lon": 8.1615161 }, "geometry": { "type": "Point", "coordinates": [ 2654623.612921054009348, 1244326.372778648510575 ] } },
{ "type": "Feature", "properties": { "osm_id": 874369067, "name": "Sun Store", "postcode": "", "city": "", "lat": 46.3837972, "lon": 6.9238428 }, "geometry": { "type": "Point", "coordinates": [ 2560396.584818581584841, 1137067.039540399331599 ] } },
{ "type": "Feature", "properties": { "osm_id": 875822645, "name": "Zähringer-Apotheke Ballinari", "postcode": "", "city": "", "lat": 46.9541414, "lon": 7.4342577 }, "geometry": { "type": "Point", "coordinates": [ 2599666.993757649324834, 1200340.044560125796124 ] } },
{ "type": "Feature", "properties": { "osm_id": 877150393, "name": "Rotpunkt Apotheke Zollikerberg", "postcode": "8125", "city": "Zollikerberg", "lat": 47.3469846, "lon": 8.5979775 }, "geometry": { "type": "Point", "coordinates": [ 2687602.79229892231524, 1244661.215293737128377 ] } },
{ "type": "Feature", "properties": { "osm_id": 877597552, "name": "Amavita", "postcode": "", "city": "", "lat": 47.4365764, "lon": 9.1351525 }, "geometry": { "type": "Point", "coordinates": [ 2727972.034871335607022, 1255358.676422887248918 ] } },
{ "type": "Feature", "properties": { "osm_id": 878597644, "name": "zum Kreuz", "postcode": "4600", "city": "Olten", "lat": 47.3500418, "lon": 7.9037618 }, "geometry": { "type": "Point", "coordinates": [ 2635145.626652841921896, 1244458.306283421814442 ] } },
{ "type": "Feature", "properties": { "osm_id": 880840037, "name": "Farmacia Sollberger", "postcode": "", "city": "", "lat": 46.2452996, "lon": 8.7059099 }, "geometry": { "type": "Point", "coordinates": [ 2697735.713107117917389, 1122329.207672040676698 ] } },
{ "type": "Feature", "properties": { "osm_id": 883155830, "name": "Neue Apotheke", "postcode": "", "city": "", "lat": 46.8509508, "lon": 7.1916341 }, "geometry": { "type": "Point", "coordinates": [ 2581161.839456832967699, 1188898.247899983543903 ] } },
{ "type": "Feature", "properties": { "osm_id": 891896164, "name": "Rigi Apotheke und Drogerie", "postcode": "8006", "city": "Zürich", "lat": 47.3857176, "lon": 8.5487292 }, "geometry": { "type": "Point", "coordinates": [ 2683820.833240004722029, 1248913.376770448405296 ] } },
{ "type": "Feature", "properties": { "osm_id": 897238530, "name": "Apotheke & Drogerie Leue", "postcode": "8708", "city": "Männedorf", "lat": 47.2528536, "lon": 8.6959446 }, "geometry": { "type": "Point", "coordinates": [ 2695172.45335723599419, 1234311.100563183659688 ] } },
{ "type": "Feature", "properties": { "osm_id": 897663236, "name": "Sant'anna", "postcode": "", "city": "", "lat": 46.008942, "lon": 8.9397159 }, "geometry": { "type": "Point", "coordinates": [ 2716268.288619087543339, 1096377.240755133796483 ] } },
{ "type": "Feature", "properties": { "osm_id": 899431732, "name": "Apotheke St. Moritz-Bad", "postcode": "", "city": "", "lat": 46.4884968, "lon": 9.8356135 }, "geometry": { "type": "Point", "coordinates": [ 2784015.225844820961356, 1151386.319616569206119 ] } },
{ "type": "Feature", "properties": { "osm_id": 904412594, "name": "Imhof", "postcode": "", "city": "", "lat": 46.403552, "lon": 8.1353289 }, "geometry": { "type": "Point", "coordinates": [ 2653576.137917561922222, 1139369.999883126001805 ] } },
{ "type": "Feature", "properties": { "osm_id": 904620471, "name": "Medbase Apotheke Kreis 11", "postcode": "8050", "city": "Zürich", "lat": 47.4096018, "lon": 8.5443935 }, "geometry": { "type": "Point", "coordinates": [ 2683456.059870340395719, 1251564.004823262570426 ] } },
{ "type": "Feature", "properties": { "osm_id": 911113738, "name": "Pharmacie Amavita Saint-Laurent", "postcode": "", "city": "", "lat": 46.5224093, "lon": 6.6303349 }, "geometry": { "type": "Point", "coordinates": [ 2537976.790949030313641, 1152665.862919711973518 ] } },
{ "type": "Feature", "properties": { "osm_id": 916226803, "name": "Neuwiesen Apotheke", "postcode": "", "city": "", "lat": 47.4988832, "lon": 8.7206254 }, "geometry": { "type": "Point", "coordinates": [ 2696593.580413992982358, 1261691.799252128927037 ] } },
{ "type": "Feature", "properties": { "osm_id": 916616131, "name": "Sonnen-Apotheke", "postcode": "8001", "city": "Zürich", "lat": 47.3681104, "lon": 8.5458885 }, "geometry": { "type": "Point", "coordinates": [ 2683633.975968692451715, 1246952.934678469086066 ] } },
{ "type": "Feature", "properties": { "osm_id": 918022779, "name": "Pharmacie de Villeneuve", "postcode": "", "city": "", "lat": 46.3969093, "lon": 6.9251176 }, "geometry": { "type": "Point", "coordinates": [ 2560504.218236457090825, 1138523.9720864885021 ] } },
{ "type": "Feature", "properties": { "osm_id": 919673864, "name": "Pharmacie Populaire de la Tour", "postcode": "", "city": "", "lat": 46.5236548, "lon": 6.6279578 }, "geometry": { "type": "Point", "coordinates": [ 2537795.830108912661672, 1152806.197561379289255 ] } },
{ "type": "Feature", "properties": { "osm_id": 926918994, "name": "Sternen Apotheke", "postcode": "8050", "city": "Zürich", "lat": 47.4095957, "lon": 8.5464844 }, "geometry": { "type": "Point", "coordinates": [ 2683613.866155952215195, 1251565.552500639110804 ] } },
{ "type": "Feature", "properties": { "osm_id": 930927179, "name": "Pilonell", "postcode": "", "city": "", "lat": 47.1007036, "lon": 6.8252096 }, "geometry": { "type": "Point", "coordinates": [ 2553433.407030404079705, 1216816.433848124695942 ] } },
{ "type": "Feature", "properties": { "osm_id": 932356602, "name": "DROPA Drogerie", "postcode": "9463", "city": "Oberriet SG", "lat": 47.3236561, "lon": 9.5691778 }, "geometry": { "type": "Point", "coordinates": [ 2761045.062822880689055, 1243607.138156144181266 ] } },
{ "type": "Feature", "properties": { "osm_id": 936302700, "name": "Hitzkirch Apotheke & Drogerie AG", "postcode": "6285", "city": "Hitzkirch", "lat": 47.2251284, "lon": 8.2632577 }, "geometry": { "type": "Point", "coordinates": [ 2662454.18645736714825, 1230794.387953171972185 ] } },
{ "type": "Feature", "properties": { "osm_id": 936942686, "name": "Coop Vitality", "postcode": "8004", "city": "Zürich", "lat": 47.3734534, "lon": 8.5304688 }, "geometry": { "type": "Point", "coordinates": [ 2682461.103349180426449, 1247530.602702356642112 ] } },
{ "type": "Feature", "properties": { "osm_id": 937843617, "name": "Bären", "postcode": "", "city": "", "lat": 46.9478697, "lon": 7.4479358 }, "geometry": { "type": "Point", "coordinates": [ 2600708.267442575190216, 1199642.835057557793334 ] } },
{ "type": "Feature", "properties": { "osm_id": 940233838, "name": "Sun Store", "postcode": "", "city": "", "lat": 46.7810623, "lon": 6.6361168 }, "geometry": { "type": "Point", "coordinates": [ 2538715.091808835975826, 1181413.34271156298928 ] } },
{ "type": "Feature", "properties": { "osm_id": 943868646, "name": "Biotheke", "postcode": "8006", "city": "Zürich", "lat": 47.3836588, "lon": 8.5484321 }, "geometry": { "type": "Point", "coordinates": [ 2683801.638780573848635, 1248684.17997731291689 ] } },
{ "type": "Feature", "properties": { "osm_id": 947976441, "name": "Pharmacie de Lavallaz", "postcode": "", "city": "", "lat": 46.2522832, "lon": 6.9476507 }, "geometry": { "type": "Point", "coordinates": [ 2562136.363213716540486, 1122435.777234942885116 ] } },
{ "type": "Feature", "properties": { "osm_id": 968533076, "name": "Pharmacie Populaire", "postcode": "1204", "city": "Genève", "lat": 46.2017254, "lon": 6.1522223 }, "geometry": { "type": "Point", "coordinates": [ 2500707.422290179878473, 1117512.312222901033238 ] } },
{ "type": "Feature", "properties": { "osm_id": 976654388, "name": "Pharmacie Nyonnaise", "postcode": "", "city": "", "lat": 46.3835807, "lon": 6.2360485 }, "geometry": { "type": "Point", "coordinates": [ 2507487.339949530549347, 1137623.121808901429176 ] } },
{ "type": "Feature", "properties": { "osm_id": 977274487, "name": "Aadorf Apotheke", "postcode": "", "city": "", "lat": 47.4897192, "lon": 8.900405 }, "geometry": { "type": "Point", "coordinates": [ 2710156.748836990911514, 1260909.916419576155022 ] } },
{ "type": "Feature", "properties": { "osm_id": 979933713, "name": "Pharmacie des Crêts-de-Champel", "postcode": "1206", "city": "Genève", "lat": 46.1886906, "lon": 6.1525044 }, "geometry": { "type": "Point", "coordinates": [ 2500705.406910130288452, 1116063.129834379069507 ] } },
{ "type": "Feature", "properties": { "osm_id": 983433415, "name": "Apotheke Zum Mörser", "postcode": "8051", "city": "Zürich", "lat": 47.4034292, "lon": 8.5891049 }, "geometry": { "type": "Point", "coordinates": [ 2686840.402869454585016, 1250926.303024658933282 ] } },
{ "type": "Feature", "properties": { "osm_id": 999515358, "name": "TopPharm", "postcode": "6004", "city": "Luzern", "lat": 47.0528707, "lon": 8.3081595 }, "geometry": { "type": "Point", "coordinates": [ 2666066.885311879683286, 1211681.503610741114244 ] } },
{ "type": "Feature", "properties": { "osm_id": 1005609766, "name": "Drogerie Victus", "postcode": "3235", "city": "Erlach", "lat": 47.0433849, "lon": 7.0970104 }, "geometry": { "type": "Point", "coordinates": [ 2574038.608615010976791, 1210318.261630728375167 ] } },
{ "type": "Feature", "properties": { "osm_id": 1008618148, "name": "Amavita", "postcode": "", "city": "", "lat": 46.4739453, "lon": 7.1305724 }, "geometry": { "type": "Point", "coordinates": [ 2576339.635688412003219, 1147004.642133253626525 ] } },
{ "type": "Feature", "properties": { "osm_id": 1015716198, "name": "Benu", "postcode": "", "city": "", "lat": 46.8468804, "lon": 7.1915066 }, "geometry": { "type": "Point", "coordinates": [ 2581150.683576851151884, 1188445.778857212280855 ] } },
{ "type": "Feature", "properties": { "osm_id": 1017727935, "name": "Amavita", "postcode": "", "city": "", "lat": 46.2080788, "lon": 6.143467 }, "geometry": { "type": "Point", "coordinates": [ 2500043.382167554460466, 1118229.628561959834769 ] } },
{ "type": "Feature", "properties": { "osm_id": 1017736585, "name": "Pharmacie Populaire Grottes & Beaulieu", "postcode": "1202", "city": "Genève", "lat": 46.2139852, "lon": 6.1356337 }, "geometry": { "type": "Point", "coordinates": [ 2499449.815822919365019, 1118896.149686824297532 ] } },
{ "type": "Feature", "properties": { "osm_id": 1022612487, "name": "Amavita", "postcode": "", "city": "", "lat": 46.923288, "lon": 7.4140898 }, "geometry": { "type": "Point", "coordinates": [ 2598130.664869658183306, 1196910.358050315175205 ] } },
{ "type": "Feature", "properties": { "osm_id": 1027880760, "name": "Bahnhof", "postcode": "3550", "city": "Langnau im Emmental", "lat": 46.9405647, "lon": 7.7834914 }, "geometry": { "type": "Point", "coordinates": [ 2626257.771824144758284, 1198888.129949316382408 ] } },
{ "type": "Feature", "properties": { "osm_id": 1027929918, "name": "Räblüte", "postcode": "", "city": "", "lat": 46.7310467, "lon": 7.6689967 }, "geometry": { "type": "Point", "coordinates": [ 2617608.257221595384181, 1175564.492792122298852 ] } },
{ "type": "Feature", "properties": { "osm_id": 1037784782, "name": "Pharmacie du Grand St Bernard", "postcode": "1933", "city": "Sembrancher", "lat": 46.0789134, "lon": 7.1460766 }, "geometry": { "type": "Point", "coordinates": [ 2577365.988177832681686, 1103086.450912721920758 ] } },
{ "type": "Feature", "properties": { "osm_id": 1049727151, "name": "Sun Store", "postcode": "1950", "city": "", "lat": 46.227582, "lon": 7.3596577 }, "geometry": { "type": "Point", "coordinates": [ 2593905.986031299456954, 1119573.982742670923471 ] } },
{ "type": "Feature", "properties": { "osm_id": 1079865704, "name": "Apotheke sunne-maert", "postcode": "", "city": "", "lat": 47.3514187, "lon": 8.3482354 }, "geometry": { "type": "Point", "coordinates": [ 2668727.061077035963535, 1244905.409851965494454 ] } },
{ "type": "Feature", "properties": { "osm_id": 1086729131, "name": "Amavita", "postcode": "7260", "city": "Davos Dorf", "lat": 46.8092079, "lon": 9.8406689 }, "geometry": { "type": "Point", "coordinates": [ 2783311.659572738688439, 1187033.732912136707455 ] } },
{ "type": "Feature", "properties": { "osm_id": 1091984794, "name": "Zentral Apotheke", "postcode": "9435", "city": "Heerbrugg", "lat": 47.4104833, "lon": 9.625504 }, "geometry": { "type": "Point", "coordinates": [ 2765032.497839283663779, 1253374.176622608443722 ] } },
{ "type": "Feature", "properties": { "osm_id": 1095049108, "name": "Amavita", "postcode": "6048", "city": "Horw", "lat": 47.0191098, "lon": 8.3094675 }, "geometry": { "type": "Point", "coordinates": [ 2666207.904477575793862, 1207929.551922387676314 ] } },
{ "type": "Feature", "properties": { "osm_id": 1102204143, "name": "Benu", "postcode": "5610", "city": "Wohlen", "lat": 47.3502754, "lon": 8.2717362 }, "geometry": { "type": "Point", "coordinates": [ 2662948.615904254373163, 1244714.135580034460872 ] } },
{ "type": "Feature", "properties": { "osm_id": 1103309968, "name": "Von Roten", "postcode": "1926", "city": "Fully", "lat": 46.1384143, "lon": 7.1157925 }, "geometry": { "type": "Point", "coordinates": [ 2575050.466340656857938, 1109710.114379008300602 ] } },
{ "type": "Feature", "properties": { "osm_id": 1110775501, "name": "Löwen Apotheke", "postcode": "8001", "city": "Zürich", "lat": 47.373314, "lon": 8.5384614 }, "geometry": { "type": "Point", "coordinates": [ 2683064.919494660571218, 1247523.535081522772089 ] } },
{ "type": "Feature", "properties": { "osm_id": 1111145379, "name": "Alte Apotheke", "postcode": "", "city": "", "lat": 47.5691928, "lon": 9.1090593 }, "geometry": { "type": "Point", "coordinates": [ 2725690.131956423632801, 1270058.296485853381455 ] } },
{ "type": "Feature", "properties": { "osm_id": 1111382170, "name": "Zelger", "postcode": "6370", "city": "Stans", "lat": 46.9587461, "lon": 8.3680117 }, "geometry": { "type": "Point", "coordinates": [ 2670738.162063234020025, 1201270.34354629018344 ] } },
{ "type": "Feature", "properties": { "osm_id": 1118866846, "name": "Bahnhof Apotheke", "postcode": "", "city": "", "lat": 47.56557, "lon": 9.3778264 }, "geometry": { "type": "Point", "coordinates": [ 2745919.352003241423517, 1270120.869551441632211 ] } },
{ "type": "Feature", "properties": { "osm_id": 1121200530, "name": "Pharmacie du Progrès", "postcode": "", "city": "", "lat": 46.2069618, "lon": 6.1432079 }, "geometry": { "type": "Point", "coordinates": [ 2500021.33458619331941, 1118105.80435823299922 ] } },
{ "type": "Feature", "properties": { "osm_id": 1122053033, "name": "Amavita", "postcode": "3960", "city": "", "lat": 46.2904884, "lon": 7.525137 }, "geometry": { "type": "Point", "coordinates": [ 2606665.385448371060193, 1126567.451461442979053 ] } },
{ "type": "Feature", "properties": { "osm_id": 1128614010, "name": "Sonnen Apotheke", "postcode": "6020", "city": "Emmenbrücke", "lat": 47.0776708, "lon": 8.274988 }, "geometry": { "type": "Point", "coordinates": [ 2663517.232315380591899, 1214411.065453575924039 ] } },
{ "type": "Feature", "properties": { "osm_id": 1129478441, "name": "Benu", "postcode": "", "city": "", "lat": 46.7938109, "lon": 7.1339225 }, "geometry": { "type": "Point", "coordinates": [ 2576735.556734175886959, 1182561.67694551544264 ] } },
{ "type": "Feature", "properties": { "osm_id": 1136094393, "name": "Apotheke Schinznach", "postcode": "5107", "city": "Schinznach Dorf", "lat": 47.4457802, "lon": 8.1382048 }, "geometry": { "type": "Point", "coordinates": [ 2652764.857086590491235, 1255233.714456904446706 ] } },
{ "type": "Feature", "properties": { "osm_id": 1137607276, "name": "Pelikan Apotheke", "postcode": "5080", "city": "Laufenburg", "lat": 47.5598472, "lon": 8.0601658 }, "geometry": { "type": "Point", "coordinates": [ 2646778.624860648531467, 1267866.527015707455575 ] } },
{ "type": "Feature", "properties": { "osm_id": 1139730286, "name": "Terminus-Apotheke", "postcode": "3700", "city": "Spiez", "lat": 46.6858673, "lon": 7.6815051 }, "geometry": { "type": "Point", "coordinates": [ 2618579.867344276979566, 1170544.9314106607344 ] } },
{ "type": "Feature", "properties": { "osm_id": 1145599861, "name": "Emmencenter Apotheke", "postcode": "6020", "city": "Emmenbrücke", "lat": 47.0742507, "lon": 8.2876627 }, "geometry": { "type": "Point", "coordinates": [ 2664483.888409834820777, 1214041.197589776245877 ] } },
{ "type": "Feature", "properties": { "osm_id": 1152728018, "name": "Amavita", "postcode": "", "city": "", "lat": 46.7751074, "lon": 9.2058575 }, "geometry": { "type": "Point", "coordinates": [ 2734960.998540349304676, 1181956.374293598579243 ] } },
{ "type": "Feature", "properties": { "osm_id": 1161614101, "name": "Apotheke Schützenmatte", "postcode": "3123", "city": "Belp", "lat": 46.8936171, "lon": 7.4984234 }, "geometry": { "type": "Point", "coordinates": [ 2604556.441325560677797, 1193613.212396088056266 ] } },
{ "type": "Feature", "properties": { "osm_id": 1165256794, "name": "TopPharm Apotheke & Drogerie Brentano", "postcode": "5103", "city": "Wildegg", "lat": 47.4165509, "lon": 8.1668274 }, "geometry": { "type": "Point", "coordinates": [ 2654953.75744095351547, 1252003.654266257304698 ] } },
{ "type": "Feature", "properties": { "osm_id": 1165421881, "name": "Pharmacie Capitole", "postcode": "", "city": "", "lat": 46.1035806, "lon": 7.077451 }, "geometry": { "type": "Point", "coordinates": [ 2572069.642450902145356, 1105850.787218018900603 ] } },
{ "type": "Feature", "properties": { "osm_id": 1165421907, "name": "Pharmacie Centrale", "postcode": "1920", "city": "Martigny", "lat": 46.1016873, "lon": 7.0729818 }, "geometry": { "type": "Point", "coordinates": [ 2571723.069119813386351, 1105641.924444174394011 ] } },
{ "type": "Feature", "properties": { "osm_id": 1165421918, "name": "Sun Store", "postcode": "", "city": "", "lat": 46.101593, "lon": 7.0716866 }, "geometry": { "type": "Point", "coordinates": [ 2571622.862739050760865, 1105631.910757084144279 ] } },
{ "type": "Feature", "properties": { "osm_id": 1165421926, "name": "Pharmacie Zurcher", "postcode": "", "city": "", "lat": 46.103525, "lon": 7.0755958 }, "geometry": { "type": "Point", "coordinates": [ 2571926.156983554828912, 1105845.270792498253286 ] } },
{ "type": "Feature", "properties": { "osm_id": 1165421953, "name": "Pharmacie werlen", "postcode": "1920", "city": "Martigny", "lat": 46.102908, "lon": 7.075313 }, "geometry": { "type": "Point", "coordinates": [ 2571903.970231113489717, 1105776.783458415418863 ] } },
{ "type": "Feature", "properties": { "osm_id": 1165421966, "name": "Pharmacie Lauber", "postcode": "", "city": "", "lat": 46.1023313, "lon": 7.0740127 }, "geometry": { "type": "Point", "coordinates": [ 2571803.121954292058945, 1105713.142548444448039 ] } },
{ "type": "Feature", "properties": { "osm_id": 1165421983, "name": "L'Alchimiste", "postcode": "", "city": "", "lat": 46.1025306, "lon": 7.0734181 }, "geometry": { "type": "Point", "coordinates": [ 2571757.245843997690827, 1105735.512345446972176 ] } },
{ "type": "Feature", "properties": { "osm_id": 1167956581, "name": "Wettstein Apotheke", "postcode": "", "city": "", "lat": 47.5595421, "lon": 7.5978947 }, "geometry": { "type": "Point", "coordinates": [ 2611987.396038786042482, 1267659.780259718419984 ] } },
{ "type": "Feature", "properties": { "osm_id": 1170699775, "name": "Neubad-Apotheke", "postcode": "", "city": "", "lat": 47.5471864, "lon": 7.5647596 }, "geometry": { "type": "Point", "coordinates": [ 2609495.741848369129002, 1266281.460569146787748 ] } },
{ "type": "Feature", "properties": { "osm_id": 1170699815, "name": "Medbase Apotheke Allschwil", "postcode": "4123", "city": "Allschwil", "lat": 47.5575607, "lon": 7.5595911 }, "geometry": { "type": "Point", "coordinates": [ 2609104.888648482039571, 1267434.354249057359993 ] } },
{ "type": "Feature", "properties": { "osm_id": 1207861912, "name": "Amavita", "postcode": "", "city": "", "lat": 46.508876, "lon": 6.498317 }, "geometry": { "type": "Point", "coordinates": [ 2527829.13039521407336, 1151274.623911487404257 ] } },
{ "type": "Feature", "properties": { "osm_id": 1207861923, "name": "Pharmacie Populaire", "postcode": "1110", "city": "Morges", "lat": 46.5080196, "lon": 6.4969902 }, "geometry": { "type": "Point", "coordinates": [ 2527726.157383815385401, 1151180.652171624358743 ] } },
{ "type": "Feature", "properties": { "osm_id": 1209205173, "name": "Pharmacie Rochat", "postcode": "1347", "city": "Le Sentier", "lat": 46.6071913, "lon": 6.2306152 }, "geometry": { "type": "Point", "coordinates": [ 2507452.689620566088706, 1162484.353253699140623 ] } },
{ "type": "Feature", "properties": { "osm_id": 1214933362, "name": "Pharmacie Plus", "postcode": "", "city": "", "lat": 46.781608, "lon": 6.640472 }, "geometry": { "type": "Point", "coordinates": [ 2539048.286512381397188, 1181470.604848177870736 ] } },
{ "type": "Feature", "properties": { "osm_id": 1228501882, "name": "Amavita", "postcode": "", "city": "", "lat": 46.7551674, "lon": 7.6293101 }, "geometry": { "type": "Point", "coordinates": [ 2614568.216078178025782, 1178237.812346294289455 ] } },
{ "type": "Feature", "properties": { "osm_id": 1247760046, "name": "Piz Ot", "postcode": "", "city": "", "lat": 46.5341815, "lon": 9.8707108 }, "geometry": { "type": "Point", "coordinates": [ 2786551.342120455112308, 1156545.356853239238262 ] } },
{ "type": "Feature", "properties": { "osm_id": 1256559638, "name": "Amavita", "postcode": "3053", "city": "Münchenbuchsee", "lat": 47.0211803, "lon": 7.4499117 }, "geometry": { "type": "Point", "coordinates": [ 2600857.620170922018588, 1207792.897184275323525 ] } },
{ "type": "Feature", "properties": { "osm_id": 1263103459, "name": "Benu", "postcode": "1005", "city": "Lausanne", "lat": 46.5230954, "lon": 6.6313393 }, "geometry": { "type": "Point", "coordinates": [ 2538054.644510266836733, 1152741.334501089295372 ] } },
{ "type": "Feature", "properties": { "osm_id": 1263411165, "name": "Pharmacie du Trèfle", "postcode": "2024", "city": "St-Aubin-Sauges", "lat": 46.8953536, "lon": 6.7749799 }, "geometry": { "type": "Point", "coordinates": [ 2549426.891494748182595, 1194019.230949431657791 ] } },
{ "type": "Feature", "properties": { "osm_id": 1274800320, "name": "Pharmacie de la Mèbre", "postcode": "", "city": "", "lat": 46.53771, "lon": 6.58015 }, "geometry": { "type": "Point", "coordinates": [ 2534144.776723030023277, 1154407.650246344972402 ] } },
{ "type": "Feature", "properties": { "osm_id": 1288864835, "name": "Bédat", "postcode": "1201", "city": "", "lat": 46.2072144, "lon": 6.1394297 }, "geometry": { "type": "Point", "coordinates": [ 2499730.23506895871833, 1118138.709495806600899 ] } },
{ "type": "Feature", "properties": { "osm_id": 1289140864, "name": "Apotheke am Stadtrain", "postcode": "8404", "city": "Winterthur", "lat": 47.5021831, "lon": 8.7485643 }, "geometry": { "type": "Point", "coordinates": [ 2698692.34284946648404, 1262093.423366457223892 ] } },
{ "type": "Feature", "properties": { "osm_id": 1289322122, "name": "Bümpliz-Apotheke & Drogerie", "postcode": "", "city": "", "lat": 46.9417736, "lon": 7.3932977 }, "geometry": { "type": "Point", "coordinates": [ 2596548.239861228503287, 1198966.134140925947577 ] } },
{ "type": "Feature", "properties": { "osm_id": 1292267745, "name": "Alte Suidtersche Apotheke", "postcode": "6003", "city": "Luzern", "lat": 47.0502093, "lon": 8.3028748 }, "geometry": { "type": "Point", "coordinates": [ 2665668.627355009783059, 1211381.211344834882766 ] } },
{ "type": "Feature", "properties": { "osm_id": 1296522399, "name": "Amavita", "postcode": "", "city": "", "lat": 46.9475139, "lon": 7.4420831 }, "geometry": { "type": "Point", "coordinates": [ 2600262.699533299542964, 1199603.249689641408622 ] } },
{ "type": "Feature", "properties": { "osm_id": 1296522435, "name": "Apotheke Dr. Noyer", "postcode": "3011", "city": "Bern", "lat": 46.9472577, "lon": 7.442915 }, "geometry": { "type": "Point", "coordinates": [ 2600326.034153882879764, 1199574.770116380183026 ] } },
{ "type": "Feature", "properties": { "osm_id": 1296522439, "name": "Bollwerk", "postcode": "", "city": "", "lat": 46.9494172, "lon": 7.4407273 }, "geometry": { "type": "Point", "coordinates": [ 2600159.477984901051968, 1199814.838489228859544 ] } },
{ "type": "Feature", "properties": { "osm_id": 1298315317, "name": "Pharmacie du Château", "postcode": "", "city": "", "lat": 46.929826, "lon": 6.8146909 }, "geometry": { "type": "Point", "coordinates": [ 2552483.509813359472901, 1197826.521932770498097 ] } },
{ "type": "Feature", "properties": { "osm_id": 1305672713, "name": "Nature First Apotheke", "postcode": "8003", "city": "Zürich", "lat": 47.3780503, "lon": 8.5098694 }, "geometry": { "type": "Point", "coordinates": [ 2680898.461761802900583, 1248020.206017423653975 ] } },
{ "type": "Feature", "properties": { "osm_id": 1306948501, "name": "Pharmacie de Vétroz", "postcode": "", "city": "", "lat": 46.2257711, "lon": 7.280221 }, "geometry": { "type": "Point", "coordinates": [ 2587776.895848704501987, 1119382.025901021203026 ] } },
{ "type": "Feature", "properties": { "osm_id": 1318731920, "name": "Pharmacie Populaire", "postcode": "1213", "city": "Petit-Lancy", "lat": 46.1881193, "lon": 6.111123 }, "geometry": { "type": "Point", "coordinates": [ 2497509.846733092330396, 1116052.921499706804752 ] } },
{ "type": "Feature", "properties": { "osm_id": 1328945978, "name": "Amavita", "postcode": "8405", "city": "Winterthur", "lat": 47.4851087, "lon": 8.7623802 }, "geometry": { "type": "Point", "coordinates": [ 2699765.177732539363205, 1260212.72275194642134 ] } },
{ "type": "Feature", "properties": { "osm_id": 1342070002, "name": "Apotheke Dr Schmid AG", "postcode": "", "city": "", "lat": 46.8392064, "lon": 7.6191078 }, "geometry": { "type": "Point", "coordinates": [ 2613767.331657157745212, 1187578.413560200948268 ] } },
{ "type": "Feature", "properties": { "osm_id": 1346131970, "name": "Apotheke am Kreuzplatz", "postcode": "8032", "city": "Zürich", "lat": 47.3650881, "lon": 8.5537692 }, "geometry": { "type": "Point", "coordinates": [ 2684233.9573645722121, 1246625.372896728105843 ] } },
{ "type": "Feature", "properties": { "osm_id": 1346131983, "name": "Pill Apotheke Neumünster", "postcode": "8008", "city": "Zürich", "lat": 47.3643816, "lon": 8.5549292 }, "geometry": { "type": "Point", "coordinates": [ 2684322.691078251693398, 1246548.076779216527939 ] } },
{ "type": "Feature", "properties": { "osm_id": 1348068845, "name": "Dorf Drogerie", "postcode": "", "city": "", "lat": 47.4994697, "lon": 7.5551167 }, "geometry": { "type": "Point", "coordinates": [ 2608777.636686413548887, 1260974.855456518242136 ] } },
{ "type": "Feature", "properties": { "osm_id": 1350475294, "name": "Pharmacie du Casino", "postcode": "", "city": "", "lat": 47.0565286, "lon": 6.7474869 }, "geometry": { "type": "Point", "coordinates": [ 2547490.032463214360178, 1211954.693080707918853 ] } },
{ "type": "Feature", "properties": { "osm_id": 1350475338, "name": "Pharmacie Mariotti", "postcode": "", "city": "", "lat": 47.0577628, "lon": 6.7479443 }, "geometry": { "type": "Point", "coordinates": [ 2547525.993133732583374, 1212091.590828756336123 ] } },
{ "type": "Feature", "properties": { "osm_id": 1352483455, "name": "Pharmacie Capitole", "postcode": "", "city": "", "lat": 46.7665443, "lon": 6.6506048 }, "geometry": { "type": "Point", "coordinates": [ 2539805.199829754885286, 1179788.254107356537133 ] } },
{ "type": "Feature", "properties": { "osm_id": 1359733090, "name": "Klus-Apotheke", "postcode": "8032", "city": "Zürich", "lat": 47.3645751, "lon": 8.5666306 }, "geometry": { "type": "Point", "coordinates": [ 2685206.214643777348101, 1246582.228170437738299 ] } },
{ "type": "Feature", "properties": { "osm_id": 1360237968, "name": "TopPharm", "postcode": "8045", "city": "Zürich", "lat": 47.3654807, "lon": 8.5213755 }, "geometry": { "type": "Point", "coordinates": [ 2681786.60905394423753, 1246634.751427148468792 ] } },
{ "type": "Feature", "properties": { "osm_id": 1361427584, "name": "Pill Apotheke & Drogerie St. Fridolin", "postcode": "8754", "city": "Netstal", "lat": 47.0676609, "lon": 9.0584509 }, "geometry": { "type": "Point", "coordinates": [ 2723033.92721639899537, 1214229.684633030323312 ] } },
{ "type": "Feature", "properties": { "osm_id": 1366439724, "name": "Kuhn", "postcode": "5200", "city": "Brugg AG", "lat": 47.4811567, "lon": 8.2084901 }, "geometry": { "type": "Point", "coordinates": [ 2658027.283330245409161, 1259216.481672040419653 ] } },
{ "type": "Feature", "properties": { "osm_id": 1372260633, "name": "Pharmacie Plus", "postcode": "", "city": "", "lat": 47.2560011, "lon": 6.9972283 }, "geometry": { "type": "Point", "coordinates": [ 2566589.119300491642207, 1233993.5260480993893 ] } },
{ "type": "Feature", "properties": { "osm_id": 1373684701, "name": "Coop Vitality Pharmacie", "postcode": "", "city": "Fontainemelon", "lat": 47.0573172, "lon": 6.8932462 }, "geometry": { "type": "Point", "coordinates": [ 2558564.573449874296784, 1211954.899979878915474 ] } },
{ "type": "Feature", "properties": { "osm_id": 1373684702, "name": "Pharmacie du Val-de-Ruz", "postcode": "", "city": "Fontainemelon", "lat": 47.0558424, "lon": 6.8887799 }, "geometry": { "type": "Point", "coordinates": [ 2558224.101209186948836, 1211793.320269869407639 ] } },
{ "type": "Feature", "properties": { "osm_id": 1375289438, "name": "Höfner Apotheke", "postcode": "8832", "city": "Wollerau", "lat": 47.1966302, "lon": 8.7229069 }, "geometry": { "type": "Point", "coordinates": [ 2697315.487553927581757, 1228094.22118364344351 ] } },
{ "type": "Feature", "properties": { "osm_id": 1377449055, "name": "Bahnhof Apotheke Wetzikon", "postcode": "8620", "city": "Wetzikon ZH", "lat": 47.3196239, "lon": 8.7928633 }, "geometry": { "type": "Point", "coordinates": [ 2702379.875661468598992, 1241855.555887984111905 ] } },
{ "type": "Feature", "properties": { "osm_id": 1377451782, "name": "BENU Apotheke", "postcode": "8032", "city": "Zürich", "lat": 47.3680176, "lon": 8.5599727 }, "geometry": { "type": "Point", "coordinates": [ 2684697.861455261241645, 1246957.724374300800264 ] } },
{ "type": "Feature", "properties": { "osm_id": 1388303715, "name": "Benu", "postcode": "1009", "city": "Pully", "lat": 46.5106522, "lon": 6.6597186 }, "geometry": { "type": "Point", "coordinates": [ 2540218.397250600159168, 1151336.094522564671934 ] } },
{ "type": "Feature", "properties": { "osm_id": 1388303716, "name": "Pharmacie de la Clergère", "postcode": "", "city": "", "lat": 46.5111393, "lon": 6.661092 }, "geometry": { "type": "Point", "coordinates": [ 2540324.33877259446308, 1151389.192971926881 ] } },
{ "type": "Feature", "properties": { "osm_id": 1390807245, "name": "Apotheke Schaffhauserplatz", "postcode": "8057", "city": "Zürich", "lat": 47.3916892, "lon": 8.5383642 }, "geometry": { "type": "Point", "coordinates": [ 2683028.948398638982326, 1249566.229450226761401 ] } },
{ "type": "Feature", "properties": { "osm_id": 1391382161, "name": "Hirsch-Apotheke", "postcode": "8057", "city": "Zürich", "lat": 47.3963465, "lon": 8.5408536 }, "geometry": { "type": "Point", "coordinates": [ 2683209.609600485302508, 1250086.626717322971672 ] } },
{ "type": "Feature", "properties": { "osm_id": 1391383876, "name": "Hirschwiesen-Apotheke", "postcode": "8057", "city": "Zürich", "lat": 47.4003419, "lon": 8.5439647 }, "geometry": { "type": "Point", "coordinates": [ 2683438.200652185827494, 1250534.106389806605875 ] } },
{ "type": "Feature", "properties": { "osm_id": 1411264382, "name": "Holzgang Apotheke", "postcode": "6403", "city": "Küssnacht am Rigi", "lat": 47.0809747, "lon": 8.4406211 }, "geometry": { "type": "Point", "coordinates": [ 2676090.928977996576577, 1214925.658278381219134 ] } },
{ "type": "Feature", "properties": { "osm_id": 1412330973, "name": "Apotheke Möhlin AG", "postcode": "4313", "city": "Möhlin", "lat": 47.558044, "lon": 7.843539 }, "geometry": { "type": "Point", "coordinates": [ 2630476.089542117901146, 1267559.504916383419186 ] } },
{ "type": "Feature", "properties": { "osm_id": 1413703407, "name": "Fontana Apotheke", "postcode": "8004", "city": "Zürich", "lat": 47.3799333, "lon": 8.5160928 }, "geometry": { "type": "Point", "coordinates": [ 2681365.537950664293021, 1248235.976774416631088 ] } },
{ "type": "Feature", "properties": { "osm_id": 1414511354, "name": "Oberdorf Apotheke", "postcode": "", "city": "", "lat": 47.5542838, "lon": 7.8506823 }, "geometry": { "type": "Point", "coordinates": [ 2631015.916959361638874, 1267144.213523343438283 ] } },
{ "type": "Feature", "properties": { "osm_id": 1419909106, "name": "Benu", "postcode": "", "city": "", "lat": 46.8048249, "lon": 7.1552435 }, "geometry": { "type": "Point", "coordinates": [ 2578367.822243680246174, 1183779.950461297063157 ] } },
{ "type": "Feature", "properties": { "osm_id": 1420697376, "name": "Unbekannt", "postcode": "", "city": "", "lat": 47.5233319, "lon": 7.5716159 }, "geometry": { "type": "Point", "coordinates": [ 2610016.354473141487688, 1263629.97971234167926 ] } },
{ "type": "Feature", "properties": { "osm_id": 1423961953, "name": "Amavita", "postcode": "3210", "city": "Kerzers", "lat": 46.9740197, "lon": 7.1941659 }, "geometry": { "type": "Point", "coordinates": [ 2581397.75971763394773, 1202579.149325645295903 ] } },
{ "type": "Feature", "properties": { "osm_id": 1438791040, "name": "Zähringer Apotheke", "postcode": "", "city": "", "lat": 46.7575147, "lon": 7.6298818 }, "geometry": { "type": "Point", "coordinates": [ 2614611.262611573096365, 1178498.861144356662408 ] } },
{ "type": "Feature", "properties": { "osm_id": 1445887276, "name": "Pharmacie Von Roten", "postcode": "1926", "city": "Fully", "lat": 46.1369463, "lon": 7.1186601 }, "geometry": { "type": "Point", "coordinates": [ 2575271.399653495289385, 1109546.012770037166774 ] } },
{ "type": "Feature", "properties": { "osm_id": 1446081017, "name": "Pharmacieplus du Camus", "postcode": "1470", "city": "Estavayer-le-Lac", "lat": 46.8497401, "lon": 6.8492482 }, "geometry": { "type": "Point", "coordinates": [ 2555048.145861469674855, 1188903.258394557517022 ] } },
{ "type": "Feature", "properties": { "osm_id": 1449323807, "name": "WildStrubel", "postcode": "3715", "city": "", "lat": 46.4912362, "lon": 7.557021 }, "geometry": { "type": "Point", "coordinates": [ 2609089.017914745490998, 1148886.776114756707102 ] } },
{ "type": "Feature", "properties": { "osm_id": 1469177188, "name": "Apotheke Dr. Hörmann", "postcode": "", "city": "", "lat": 47.5665435, "lon": 9.106732 }, "geometry": { "type": "Point", "coordinates": [ 2725521.306428758893162, 1269760.062830209033564 ] } },
{ "type": "Feature", "properties": { "osm_id": 1480956655, "name": "Pharmacie du Sapin", "postcode": "", "city": "", "lat": 46.712142, "lon": 6.3786193 }, "geometry": { "type": "Point", "coordinates": [ 2518948.492579006124288, 1173986.149114672560245 ] } },
{ "type": "Feature", "properties": { "osm_id": 1483096240, "name": "Sun Store", "postcode": "", "city": "", "lat": 46.1108328, "lon": 7.0761785 }, "geometry": { "type": "Point", "coordinates": [ 2571974.981102557852864, 1106657.434306294191629 ] } },
{ "type": "Feature", "properties": { "osm_id": 1497165493, "name": "Pharmacie Principale", "postcode": "1222", "city": "Vésenaz", "lat": 46.2382075, "lon": 6.1965271 }, "geometry": { "type": "Point", "coordinates": [ 2504191.092905829660594, 1121512.162995926104486 ] } },
{ "type": "Feature", "properties": { "osm_id": 1500284219, "name": "TopPharm Wyna Apotheke", "postcode": "5726", "city": "Unterkulm", "lat": 47.3096176, "lon": 8.1156067 }, "geometry": { "type": "Point", "coordinates": [ 2651191.005321737844497, 1240080.481775226304308 ] } },
{ "type": "Feature", "properties": { "osm_id": 1502724000, "name": "Blümlisalp Apotheke", "postcode": "", "city": "", "lat": 46.7458069, "lon": 7.6260741 }, "geometry": { "type": "Point", "coordinates": [ 2614323.449406115338206, 1177196.638471756596118 ] } },
{ "type": "Feature", "properties": { "osm_id": 1504082568, "name": "Apotheke Seuzach", "postcode": "", "city": "", "lat": 47.535424, "lon": 8.731219 }, "geometry": { "type": "Point", "coordinates": [ 2697324.762449974194169, 1265767.216203169897199 ] } },
{ "type": "Feature", "properties": { "osm_id": 1508888649, "name": "Unbekannt", "postcode": "", "city": "", "lat": 46.3108827, "lon": 7.6414844 }, "geometry": { "type": "Point", "coordinates": [ 2615625.569258885923773, 1128851.019529239973053 ] } },
{ "type": "Feature", "properties": { "osm_id": 1516368539, "name": "Mistel-Apotheke", "postcode": "", "city": "", "lat": 47.2518246, "lon": 8.7673724 }, "geometry": { "type": "Point", "coordinates": [ 2700580.605396572034806, 1234285.814175942912698 ] } },
{ "type": "Feature", "properties": { "osm_id": 1517612070, "name": "Bläsi Apotheke", "postcode": "4057", "city": "Basel", "lat": 47.5674348, "lon": 7.5903846 }, "geometry": { "type": "Point", "coordinates": [ 2611420.475497237872332, 1268536.245788082014769 ] } },
{ "type": "Feature", "properties": { "osm_id": 1520147959, "name": "Surseepark Apotheke", "postcode": "6210", "city": "Sursee", "lat": 47.1727839, "lon": 8.1034561 }, "geometry": { "type": "Point", "coordinates": [ 2650401.052097980864346, 1224860.299036509823054 ] } },
{ "type": "Feature", "properties": { "osm_id": 1520147989, "name": "TopPharm Apotheke Meyer", "postcode": "6210", "city": "Sursee", "lat": 47.1719836, "lon": 8.1080092 }, "geometry": { "type": "Point", "coordinates": [ 2650746.976029169745743, 1224774.260945410933346 ] } },
{ "type": "Feature", "properties": { "osm_id": 1528866216, "name": "Pharmacie du 31 Décembre", "postcode": "1207", "city": "Genève", "lat": 46.2028229, "lon": 6.1606251 }, "geometry": { "type": "Point", "coordinates": [ 2501357.924300383310765, 1117623.68504848703742 ] } },
{ "type": "Feature", "properties": { "osm_id": 1535109013, "name": "Linden-Apotheke", "postcode": "", "city": "", "lat": 47.5023192, "lon": 7.719279 }, "geometry": { "type": "Point", "coordinates": [ 2621145.820980999618769, 1261322.856475375592709 ] } },
{ "type": "Feature", "properties": { "osm_id": 1540276106, "name": "Pharmacie Benu", "postcode": "", "city": "", "lat": 46.5147029, "lon": 6.6328346 }, "geometry": { "type": "Point", "coordinates": [ 2538159.777188347652555, 1151807.246046048123389 ] } },
{ "type": "Feature", "properties": { "osm_id": 1541154810, "name": "Pharmacie 24", "postcode": "", "city": "", "lat": 46.5142872, "lon": 6.6333657 }, "geometry": { "type": "Point", "coordinates": [ 2538200.058957923669368, 1151760.61775650177151 ] } },
{ "type": "Feature", "properties": { "osm_id": 1541178509, "name": "Pharmacie Populaire", "postcode": "", "city": "", "lat": 46.5152221, "lon": 6.6315398 }, "geometry": { "type": "Point", "coordinates": [ 2538061.008254355750978, 1151865.983372682938352 ] } },
{ "type": "Feature", "properties": { "osm_id": 1545757705, "name": "Pharmacie de Port-Valais", "postcode": "1897", "city": "Bouveret", "lat": 46.3850414, "lon": 6.8534026 }, "geometry": { "type": "Point", "coordinates": [ 2554978.765064087696373, 1137243.428895979654044 ] } },
{ "type": "Feature", "properties": { "osm_id": 1545780608, "name": "Lochergut Apotheke", "postcode": "8004", "city": "Zürich", "lat": 47.3756577, "lon": 8.5175375 }, "geometry": { "type": "Point", "coordinates": [ 2681481.163937903009355, 1247762.150110571878031 ] } },
{ "type": "Feature", "properties": { "osm_id": 1569423338, "name": "Pharmacie Parc de Budé SA", "postcode": "1202", "city": "Genève", "lat": 46.2251692, "lon": 6.1313123 }, "geometry": { "type": "Point", "coordinates": [ 2499137.120902001392096, 1120144.805569529533386 ] } },
{ "type": "Feature", "properties": { "osm_id": 1577376715, "name": "Medbase Apotheke Affoltern a.A.", "postcode": "8910", "city": "Affoltern am Albis", "lat": 47.2783643, "lon": 8.452964 }, "geometry": { "type": "Point", "coordinates": [ 2676744.561145518906415, 1236880.883379323408008 ] } },
{ "type": "Feature", "properties": { "osm_id": 1581271937, "name": "Rathaus Apotheke", "postcode": "8400", "city": "Winterthur", "lat": 47.4999809, "lon": 8.7308307 }, "geometry": { "type": "Point", "coordinates": [ 2697360.428594730328768, 1261826.445953592890874 ] } },
{ "type": "Feature", "properties": { "osm_id": 1592876744, "name": "Pharmacie du Landeron", "postcode": "", "city": "", "lat": 47.0558687, "lon": 7.0674358 }, "geometry": { "type": "Point", "coordinates": [ 2571797.694851072039455, 1211716.349735367344692 ] } },
{ "type": "Feature", "properties": { "osm_id": 1598834330, "name": "BENU Apotheke", "postcode": "8053", "city": "Zürich", "lat": 47.358678, "lon": 8.5862204 }, "geometry": { "type": "Point", "coordinates": [ 2686695.454659041017294, 1245948.105233309324831 ] } },
{ "type": "Feature", "properties": { "osm_id": 1598960218, "name": "TopPharm", "postcode": "4127", "city": "Birsfelden", "lat": 47.5526283, "lon": 7.6228669 }, "geometry": { "type": "Point", "coordinates": [ 2613868.674825901165605, 1266895.140296142781153 ] } },
{ "type": "Feature", "properties": { "osm_id": 1599295267, "name": "Pharmacie des Avanchets", "postcode": "", "city": "", "lat": 46.220975, "lon": 6.1089861 }, "geometry": { "type": "Point", "coordinates": [ 2497406.870737922843546, 1119707.611688526114449 ] } },
{ "type": "Feature", "properties": { "osm_id": 1600187397, "name": "Hard Apotheke", "postcode": "4127", "city": "Birsfelden", "lat": 47.5535059, "lon": 7.6217233 }, "geometry": { "type": "Point", "coordinates": [ 2613782.366230934392661, 1266992.518523387610912 ] } },
{ "type": "Feature", "properties": { "osm_id": 1600494023, "name": "Amavita", "postcode": "", "city": "", "lat": 47.0041896, "lon": 6.955614 }, "geometry": { "type": "Point", "coordinates": [ 2563266.427868962287903, 1206017.554466804489493 ] } },
{ "type": "Feature", "properties": { "osm_id": 1617719024, "name": "Moser", "postcode": "3072", "city": "Ostermundigen", "lat": 46.9565132, "lon": 7.4832584 }, "geometry": { "type": "Point", "coordinates": [ 2603396.860354927368462, 1200604.631741585209966 ] } },
{ "type": "Feature", "properties": { "osm_id": 1625431883, "name": "Zürigsund Im Brühl", "postcode": "8049", "city": "Zürich", "lat": 47.403473, "lon": 8.4976988 }, "geometry": { "type": "Point", "coordinates": [ 2679941.270210533868521, 1250834.035818642703816 ] } },
{ "type": "Feature", "properties": { "osm_id": 1625431886, "name": "Wartau Apotheke", "postcode": "8049", "city": "Zürich", "lat": 47.4025802, "lon": 8.4932544 }, "geometry": { "type": "Point", "coordinates": [ 2679607.151246268302202, 1250730.262568770442158 ] } },
{ "type": "Feature", "properties": { "osm_id": 1630433635, "name": "Apotheke Rothrist", "postcode": "", "city": "", "lat": 47.3046181, "lon": 7.8961596 }, "geometry": { "type": "Point", "coordinates": [ 2634600.622163487132639, 1239404.790586981456727 ] } },
{ "type": "Feature", "properties": { "osm_id": 1633856466, "name": "TopPharm Sonnen Apotheke", "postcode": "8172", "city": "Niederglatt", "lat": 47.4918431, "lon": 8.5041368 }, "geometry": { "type": "Point", "coordinates": [ 2680293.789499898441136, 1260665.107302264776081 ] } },
{ "type": "Feature", "properties": { "osm_id": 1642240140, "name": "Unbekannt", "postcode": "", "city": "", "lat": 47.1927234, "lon": 7.3969981 }, "geometry": { "type": "Point", "coordinates": [ 2596845.139458717778325, 1226864.895537309581414 ] } },
{ "type": "Feature", "properties": { "osm_id": 1643223200, "name": "Benu", "postcode": "", "city": "", "lat": 46.5100728, "lon": 6.4998426 }, "geometry": { "type": "Point", "coordinates": [ 2527947.810906777624041, 1151406.252500747796148 ] } },
{ "type": "Feature", "properties": { "osm_id": 1645495170, "name": "Pharmacie de Chailly", "postcode": "", "city": "", "lat": 46.5264774, "lon": 6.6521102 }, "geometry": { "type": "Point", "coordinates": [ 2539652.147544179111719, 1153101.058190948795527 ] } },
{ "type": "Feature", "properties": { "osm_id": 1650211327, "name": "Unbekannt", "postcode": "", "city": "", "lat": 46.0966397, "lon": 7.2293886 }, "geometry": { "type": "Point", "coordinates": [ 2583816.476027093827724, 1105036.309772548265755 ] } },
{ "type": "Feature", "properties": { "osm_id": 1651566941, "name": "Kulm Apotheke", "postcode": "", "city": "", "lat": 46.4993328, "lon": 9.841107 }, "geometry": { "type": "Point", "coordinates": [ 2784399.940703838597983, 1152603.239976784912869 ] } },
{ "type": "Feature", "properties": { "osm_id": 1652181001, "name": "Amavita", "postcode": "", "city": "", "lat": 46.4979644, "lon": 9.8391864 }, "geometry": { "type": "Point", "coordinates": [ 2784257.227092263754457, 1152446.679946910822764 ] } },
{ "type": "Feature", "properties": { "osm_id": 1654390493, "name": "Dorfplatz-Apotheke", "postcode": "4123", "city": "Allschwil", "lat": 47.5516438, "lon": 7.5377819 }, "geometry": { "type": "Point", "coordinates": [ 2607464.224076451268047, 1266774.178518019383773 ] } },
{ "type": "Feature", "properties": { "osm_id": 1655834253, "name": "Arkaden-Apotheke", "postcode": "", "city": "", "lat": 47.1411657, "lon": 8.429443 }, "geometry": { "type": "Point", "coordinates": [ 2675157.631852744612843, 1221606.040551926009357 ] } },
{ "type": "Feature", "properties": { "osm_id": 1658851310, "name": "Internationale Apotheke", "postcode": "", "city": "", "lat": 46.0219351, "lon": 7.7474834 }, "geometry": { "type": "Point", "coordinates": [ 2623917.18446200620383, 1096756.678628379711881 ] } },
{ "type": "Feature", "properties": { "osm_id": 1660625072, "name": "Pharmacie Populaire Plan-Les-Ouates", "postcode": "1228", "city": "Plan-les-Ouates", "lat": 46.1674719, "lon": 6.1150898 }, "geometry": { "type": "Point", "coordinates": [ 2497777.295435984153301, 1113752.786775026936084 ] } },
{ "type": "Feature", "properties": { "osm_id": 1665610753, "name": "Benu", "postcode": "2035", "city": "Corcelles", "lat": 46.9848495, "lon": 6.881596 }, "geometry": { "type": "Point", "coordinates": [ 2557622.1313656126149, 1203904.942691421834752 ] } },
{ "type": "Feature", "properties": { "osm_id": 1665611469, "name": "Pharmacie Gauchat", "postcode": "2034", "city": "Peseux", "lat": 46.9863781, "lon": 6.889426 }, "geometry": { "type": "Point", "coordinates": [ 2558219.000486143864691, 1204070.66550761833787 ] } },
{ "type": "Feature", "properties": { "osm_id": 1665644280, "name": "Pharmacie marti", "postcode": "", "city": "", "lat": 46.9882694, "lon": 6.9098515 }, "geometry": { "type": "Point", "coordinates": [ 2559774.273281227331609, 1204270.218174356035888 ] } },
{ "type": "Feature", "properties": { "osm_id": 1667377095, "name": "St. Johann-Apotheke", "postcode": "4056", "city": "Basel", "lat": 47.5644741, "lon": 7.5838729 }, "geometry": { "type": "Point", "coordinates": [ 2610931.064109335653484, 1268206.12663993332535 ] } },
{ "type": "Feature", "properties": { "osm_id": 1672507636, "name": "Pharmacie du Bourg", "postcode": "", "city": "", "lat": 46.8058308, "lon": 7.1612343 }, "geometry": { "type": "Point", "coordinates": [ 2578825.51420426229015, 1183890.132951474748552 ] } },
{ "type": "Feature", "properties": { "osm_id": 1675604647, "name": "Unbekannt", "postcode": "", "city": "", "lat": 46.175549, "lon": 8.9177889 }, "geometry": { "type": "Point", "coordinates": [ 2714220.894116066861898, 1114862.755135563667864 ] } },
{ "type": "Feature", "properties": { "osm_id": 1675814629, "name": "Careland Apotheke Aarau", "postcode": "5000", "city": "Aarau", "lat": 47.3916132, "lon": 8.046824 }, "geometry": { "type": "Point", "coordinates": [ 2645919.391117782797664, 1249154.016163099789992 ] } },
{ "type": "Feature", "properties": { "osm_id": 1676168064, "name": "Storchen Apotheke", "postcode": "5070", "city": "Frick", "lat": 47.5096952, "lon": 8.0173795 }, "geometry": { "type": "Point", "coordinates": [ 2643599.601245410740376, 1262265.772995466599241 ] } },
{ "type": "Feature", "properties": { "osm_id": 1676169584, "name": "Löwen Apotheke", "postcode": "5070", "city": "Frick", "lat": 47.5082966, "lon": 8.0195246 }, "geometry": { "type": "Point", "coordinates": [ 2643762.345758648123592, 1262111.464422470191494 ] } },
{ "type": "Feature", "properties": { "osm_id": 1684827330, "name": "Farmacia Castione", "postcode": "6532", "city": "Arbedo-Castione", "lat": 46.2248257, "lon": 9.0436649 }, "geometry": { "type": "Point", "coordinates": [ 2723827.772675068583339, 1120530.544849609956145 ] } },
{ "type": "Feature", "properties": { "osm_id": 1685063986, "name": "TopPharm", "postcode": "6280", "city": "Hochdorf", "lat": 47.1676922, "lon": 8.2890844 }, "geometry": { "type": "Point", "coordinates": [ 2664479.307853147853166, 1224430.07474865950644 ] } },
{ "type": "Feature", "properties": { "osm_id": 1687796033, "name": "Apotheke Affoltern", "postcode": "8046", "city": "Zürich", "lat": 47.4122382, "lon": 8.5247185 }, "geometry": { "type": "Point", "coordinates": [ 2681967.160960046574473, 1251836.361931818537414 ] } },
{ "type": "Feature", "properties": { "osm_id": 1696440564, "name": "Farmacia Cugini SA", "postcode": "6512", "city": "Giubiasco", "lat": 46.1727801, "lon": 9.0107199 }, "geometry": { "type": "Point", "coordinates": [ 2721402.340996796730906, 1114694.569420482730493 ] } },
{ "type": "Feature", "properties": { "osm_id": 1696440628, "name": "Farmacia Pedrazzetti SA", "postcode": "", "city": "", "lat": 46.1725716, "lon": 9.0098743 }, "geometry": { "type": "Point", "coordinates": [ 2721337.513178979512304, 1114670.087780295172706 ] } },
{ "type": "Feature", "properties": { "osm_id": 1703379500, "name": "Amavita du Salève", "postcode": "1225", "city": "", "lat": 46.1957443, "lon": 6.1911202 }, "geometry": { "type": "Point", "coordinates": [ 2503698.908869562204927, 1116798.949656252749264 ] } },
{ "type": "Feature", "properties": { "osm_id": 1704482945, "name": "Amavita Chêne-Bourg", "postcode": "1225", "city": "", "lat": 46.1944873, "lon": 6.1938542 }, "geometry": { "type": "Point", "coordinates": [ 2503907.718232701066881, 1116655.875127501785755 ] } },
{ "type": "Feature", "properties": { "osm_id": 1704482959, "name": "Sun Store", "postcode": "1225", "city": "Chêne-Bourg", "lat": 46.1965211, "lon": 6.1942649 }, "geometry": { "type": "Point", "coordinates": [ 2503943.010815710760653, 1116881.431353999068961 ] } },
{ "type": "Feature", "properties": { "osm_id": 1704578073, "name": "Drogerie Lüthi", "postcode": "", "city": "", "lat": 46.874163, "lon": 7.5605452 }, "geometry": { "type": "Point", "coordinates": [ 2609293.919315622188151, 1191455.940487379208207 ] } },
{ "type": "Feature", "properties": { "osm_id": 1708018832, "name": "Unbekannt", "postcode": "", "city": "", "lat": 46.3599515, "lon": 8.9712096 }, "geometry": { "type": "Point", "coordinates": [ 2717945.130057754926383, 1135437.152972949668765 ] } },
{ "type": "Feature", "properties": { "osm_id": 1715872986, "name": "Drogerie zur Sonne", "postcode": "", "city": "", "lat": 47.3853365, "lon": 9.6563996 }, "geometry": { "type": "Point", "coordinates": [ 2767442.451780966948718, 1250644.852981979493052 ] } },
{ "type": "Feature", "properties": { "osm_id": 1737761039, "name": "Farmacia Stazione", "postcode": "", "city": "", "lat": 46.3531563, "lon": 8.9733892 }, "geometry": { "type": "Point", "coordinates": [ 2718127.62558898050338, 1134685.188928438350558 ] } },
{ "type": "Feature", "properties": { "osm_id": 1740538020, "name": "Pfauen-Apotheke", "postcode": "8001", "city": "Zürich", "lat": 47.3706294, "lon": 8.5496573 }, "geometry": { "type": "Point", "coordinates": [ 2683914.657382525037974, 1247236.997405528323725 ] } },
{ "type": "Feature", "properties": { "osm_id": 1748875662, "name": "Apotheke Lyssbach", "postcode": "", "city": "", "lat": 47.0789559, "lon": 7.3037438 }, "geometry": { "type": "Point", "coordinates": [ 2589756.108003023546189, 1214224.8607727966737 ] } },
{ "type": "Feature", "properties": { "osm_id": 1752151144, "name": "Dropa Hirsch Apotheke", "postcode": "5610", "city": "Wohlen", "lat": 47.3495889, "lon": 8.272819 }, "geometry": { "type": "Point", "coordinates": [ 2663031.238734668586403, 1244638.68290948565118 ] } },
{ "type": "Feature", "properties": { "osm_id": 1758460159, "name": "Apotheke Lilie Zentrum", "postcode": "8952", "city": "Schlieren", "lat": 47.3966331, "lon": 8.4482559 }, "geometry": { "type": "Point", "coordinates": [ 2676219.204747172538191, 1250024.427898736204952 ] } },
{ "type": "Feature", "properties": { "osm_id": 1766136677, "name": "Apotheke Murgenthal", "postcode": "4853", "city": "", "lat": 47.2648128, "lon": 7.8290498 }, "geometry": { "type": "Point", "coordinates": [ 2629547.523741111624986, 1234951.943848838564008 ] } },
{ "type": "Feature", "properties": { "osm_id": 1768690515, "name": "Minerva Apotheke", "postcode": "8032", "city": "Zürich", "lat": 47.3614842, "lon": 8.5610538 }, "geometry": { "type": "Point", "coordinates": [ 2684789.903634740971029, 1246232.57130299275741 ] } },
{ "type": "Feature", "properties": { "osm_id": 1779731703, "name": "Löwen-Apotheke", "postcode": "5734", "city": "Reinach AG", "lat": 47.2510529, "lon": 8.182767 }, "geometry": { "type": "Point", "coordinates": [ 2656331.015172317158431, 1233615.572443672688678 ] } },
{ "type": "Feature", "properties": { "osm_id": 1788460722, "name": "Dorf-Apotheke Gossau", "postcode": "8625", "city": "Gossau ZH", "lat": 47.3072044, "lon": 8.75753 }, "geometry": { "type": "Point", "coordinates": [ 2699732.153916988521814, 1240429.446594061329961 ] } },
{ "type": "Feature", "properties": { "osm_id": 1792722215, "name": "Drogerie Büelgass", "postcode": "", "city": "", "lat": 47.3058571, "lon": 8.7571388 }, "geometry": { "type": "Point", "coordinates": [ 2699705.092215203680098, 1240279.177925670752302 ] } },
{ "type": "Feature", "properties": { "osm_id": 1797501358, "name": "Apotheke Glarus", "postcode": "8750", "city": "Glarus", "lat": 47.0389528, "lon": 9.0676861 }, "geometry": { "type": "Point", "coordinates": [ 2723801.555668076500297, 1211053.333182306028903 ] } },
{ "type": "Feature", "properties": { "osm_id": 1804876730, "name": "Pharmacie Populaire Drugstore Rive-Droite", "postcode": "1202", "city": "Genève", "lat": 46.2124861, "lon": 6.1317502 }, "geometry": { "type": "Point", "coordinates": [ 2499147.383957252372056, 1118734.516503211343661 ] } },
{ "type": "Feature", "properties": { "osm_id": 1816517440, "name": "H. Busse", "postcode": "", "city": "", "lat": 46.685684, "lon": 7.849177 }, "geometry": { "type": "Point", "coordinates": [ 2631407.100567475426942, 1170577.851966714020818 ] } },
{ "type": "Feature", "properties": { "osm_id": 1821648456, "name": "Central-Apotheke", "postcode": "4123", "city": "", "lat": 47.5520441, "lon": 7.5488169 }, "geometry": { "type": "Point", "coordinates": [ 2608294.813687738962471, 1266819.786040708422661 ] } },
{ "type": "Feature", "properties": { "osm_id": 1834662221, "name": "Apotheke Wyss", "postcode": "5400", "city": "Baden", "lat": 47.476664, "lon": 8.3084697 }, "geometry": { "type": "Point", "coordinates": [ 2665568.303339976817369, 1258795.69823740539141 ] } },
{ "type": "Feature", "properties": { "osm_id": 1834662281, "name": "Schwanen Apotheke", "postcode": "5400", "city": "Baden", "lat": 47.4722101, "lon": 8.3074014 }, "geometry": { "type": "Point", "coordinates": [ 2665493.26035915594548, 1258299.627124024787918 ] } },
{ "type": "Feature", "properties": { "osm_id": 1835614796, "name": "TopPharm Damian Apotheke", "postcode": "5442", "city": "Fislisbach", "lat": 47.4361535, "lon": 8.2909642 }, "geometry": { "type": "Point", "coordinates": [ 2664297.716267717070878, 1254277.329832531744614 ] } },
{ "type": "Feature", "properties": { "osm_id": 1836515686, "name": "TopPharm Apotheke Witikon", "postcode": "8053", "city": "Zürich", "lat": 47.3580584, "lon": 8.587865 }, "geometry": { "type": "Point", "coordinates": [ 2686820.696543293073773, 1245881.042851872276515 ] } },
{ "type": "Feature", "properties": { "osm_id": 1837250425, "name": "Drogerie Flückiger", "postcode": "8340", "city": "Hinwil", "lat": 47.299228, "lon": 8.8375475 }, "geometry": { "type": "Point", "coordinates": [ 2705798.064198005013168, 1239647.569759098114446 ] } },
{ "type": "Feature", "properties": { "osm_id": 1841363731, "name": "Medbase Apotheke Glattbrugg", "postcode": "8152", "city": "Glattbrugg", "lat": 47.434373, "lon": 8.5672245 }, "geometry": { "type": "Point", "coordinates": [ 2685139.463324974291027, 1254342.406531309708953 ] } },
{ "type": "Feature", "properties": { "osm_id": 1853060090, "name": "Amavita", "postcode": "4900", "city": "Langenthal", "lat": 47.2143563, "lon": 7.7842392 }, "geometry": { "type": "Point", "coordinates": [ 2626180.90459718182683, 1229326.479490709025413 ] } },
{ "type": "Feature", "properties": { "osm_id": 1854021434, "name": "Pharmacie Amavita", "postcode": "1217", "city": "Meyrin", "lat": 46.2375383, "lon": 6.0794305 }, "geometry": { "type": "Point", "coordinates": [ 2495158.606048938818276, 1121587.73181872908026 ] } },
{ "type": "Feature", "properties": { "osm_id": 1862962573, "name": "West Apotheke", "postcode": "", "city": "", "lat": 47.3890853, "lon": 8.1707767 }, "geometry": { "type": "Point", "coordinates": [ 2655280.261230047326535, 1248952.850959577830508 ] } },
{ "type": "Feature", "properties": { "osm_id": 1866429878, "name": "Amavita", "postcode": "", "city": "", "lat": 46.196614, "lon": 6.1432882 }, "geometry": { "type": "Point", "coordinates": [ 2500008.512440602295101, 1116955.541101081529632 ] } },
{ "type": "Feature", "properties": { "osm_id": 1870956296, "name": "Pharmacieplus Salzmann", "postcode": "2735", "city": "", "lat": 47.2381825, "lon": 7.276119 }, "geometry": { "type": "Point", "coordinates": [ 2587695.064320991747081, 1231930.932705498300493 ] } },
{ "type": "Feature", "properties": { "osm_id": 1884919052, "name": "Apotheke Schneider", "postcode": "", "city": "", "lat": 46.9065461, "lon": 7.6373845 }, "geometry": { "type": "Point", "coordinates": [ 2615142.671834061387926, 1195067.854562381282449 ] } },
{ "type": "Feature", "properties": { "osm_id": 1885203825, "name": "Pharmacie Place du Cirque", "postcode": "", "city": "", "lat": 46.2015631, "lon": 6.1391901 }, "geometry": { "type": "Point", "coordinates": [ 2499701.325401376467198, 1117510.873280689120293 ] } },
{ "type": "Feature", "properties": { "osm_id": 1889987277, "name": "Apotheke Flamatt", "postcode": "", "city": "", "lat": 46.890078, "lon": 7.3137385 }, "geometry": { "type": "Point", "coordinates": [ 2590481.447176054120064, 1193225.786323984852061 ] } },
{ "type": "Feature", "properties": { "osm_id": 1894573668, "name": "Sun Store", "postcode": "", "city": "", "lat": 46.7308834, "lon": 6.5310721 }, "geometry": { "type": "Point", "coordinates": [ 2530628.9797591753304, 1175923.028984690783545 ] } },
{ "type": "Feature", "properties": { "osm_id": 1914145346, "name": "Pharmacie Populaire Plainpalais", "postcode": "1205", "city": "Genève", "lat": 46.1930148, "lon": 6.1439871 }, "geometry": { "type": "Point", "coordinates": [ 2500055.845442974939942, 1116554.597057257313281 ] } },
{ "type": "Feature", "properties": { "osm_id": 1919381338, "name": "Pharmacie Amavita Cité-Jonction", "postcode": "", "city": "", "lat": 46.1994039, "lon": 6.1336536 }, "geometry": { "type": "Point", "coordinates": [ 2499270.031576455570757, 1117277.981239686254412 ] } },
{ "type": "Feature", "properties": { "osm_id": 1919381339, "name": "Pharmacie Amavita", "postcode": "", "city": "", "lat": 46.2003176, "lon": 6.1314493 }, "geometry": { "type": "Point", "coordinates": [ 2499101.59627463016659, 1117382.375550899654627 ] } },
{ "type": "Feature", "properties": { "osm_id": 1924110536, "name": "APODRO Apotheke", "postcode": "8003", "city": "Zürich", "lat": 47.3697257, "lon": 8.5205723 }, "geometry": { "type": "Point", "coordinates": [ 2681719.435345197562128, 1247105.836671757278964 ] } },
{ "type": "Feature", "properties": { "osm_id": 1925758935, "name": "Coop Vitality", "postcode": "8003", "city": "Zürich", "lat": 47.3707249, "lon": 8.5160272 }, "geometry": { "type": "Point", "coordinates": [ 2681374.640451831743121, 1247212.195997665636241 ] } },
{ "type": "Feature", "properties": { "osm_id": 1927576289, "name": "Cité Universitaire", "postcode": "", "city": "", "lat": 46.1877398, "lon": 6.1580189 }, "geometry": { "type": "Point", "coordinates": [ 2501129.379433366004378, 1115950.473426673095673 ] } },
{ "type": "Feature", "properties": { "osm_id": 1928159466, "name": "Pharmacie de la Dôle", "postcode": "1203", "city": "", "lat": 46.2074676, "lon": 6.130493 }, "geometry": { "type": "Point", "coordinates": [ 2499041.060546096414328, 1118178.329792562639341 ] } },
{ "type": "Feature", "properties": { "osm_id": 1929118657, "name": "Piz Ot", "postcode": "", "city": "", "lat": 46.5313526, "lon": 9.8746406 }, "geometry": { "type": "Point", "coordinates": [ 2786862.443175404332578, 1156240.386739454232156 ] } },
{ "type": "Feature", "properties": { "osm_id": 1937738039, "name": "Deutweg Apotheke", "postcode": "", "city": "", "lat": 47.494614, "lon": 8.7403305 }, "geometry": { "type": "Point", "coordinates": [ 2698086.018336731940508, 1261241.632496669888496 ] } },
{ "type": "Feature", "properties": { "osm_id": 1941253074, "name": "Ländli Apotheke", "postcode": "", "city": "", "lat": 47.4414649, "lon": 8.3649841 }, "geometry": { "type": "Point", "coordinates": [ 2669874.312338531017303, 1254931.10417012614198 ] } },
{ "type": "Feature", "properties": { "osm_id": 1943425922, "name": "Pharmacie d'Onex", "postcode": "1213", "city": "Onex", "lat": 46.1825942, "lon": 6.0984175 }, "geometry": { "type": "Point", "coordinates": [ 2496518.520271232351661, 1115455.511342935962602 ] } },
{ "type": "Feature", "properties": { "osm_id": 1953257100, "name": "Apotheke Sumiswald", "postcode": "3454", "city": "Sumiswald", "lat": 47.0291631, "lon": 7.7441511 }, "geometry": { "type": "Point", "coordinates": [ 2623224.130030752159655, 1208725.279519490431994 ] } },
{ "type": "Feature", "properties": { "osm_id": 1966377698, "name": "DROPA Apotheke Konolfingen", "postcode": "3510", "city": "Konolfingen", "lat": 46.8761416, "lon": 7.6210187 }, "geometry": { "type": "Point", "coordinates": [ 2613903.601462772116065, 1191684.790377024561167 ] } },
{ "type": "Feature", "properties": { "osm_id": 1966644030, "name": "Pharmacie de la Prairie", "postcode": "", "city": "", "lat": 46.2113504, "lon": 6.1342537 }, "geometry": { "type": "Point", "coordinates": [ 2499338.458158815745264, 1118605.063763757236302 ] } },
{ "type": "Feature", "properties": { "osm_id": 1966644032, "name": "Pharmacie Populaire Voltaire", "postcode": "1201", "city": "Genève", "lat": 46.2084003, "lon": 6.1355691 }, "geometry": { "type": "Point", "coordinates": [ 2499434.505306001752615, 1118275.470754226436839 ] } },
{ "type": "Feature", "properties": { "osm_id": 1972491610, "name": "Unbekannt", "postcode": "5605", "city": "", "lat": 47.3817903, "lon": 8.2397861 }, "geometry": { "type": "Point", "coordinates": [ 2660498.838159901555628, 1248192.704202468972653 ] } },
{ "type": "Feature", "properties": { "osm_id": 1979290628, "name": "Farmacia Lema", "postcode": "6986", "city": "Novaggio", "lat": 46.0100786, "lon": 8.8551691 }, "geometry": { "type": "Point", "coordinates": [ 2709718.00401692930609, 1096381.790557459928095 ] } },
{ "type": "Feature", "properties": { "osm_id": 1981024118, "name": "Neue Apotheke Muri", "postcode": "", "city": "", "lat": 46.9322553, "lon": 7.4841618 }, "geometry": { "type": "Point", "coordinates": [ 2603467.158932563383132, 1197907.905001577688381 ] } },
{ "type": "Feature", "properties": { "osm_id": 1982490339, "name": "TopPharm Apotheke & Drogerie Birmensdorf", "postcode": "8903", "city": "Birmensdorf", "lat": 47.3537242, "lon": 8.4369103 }, "geometry": { "type": "Point", "coordinates": [ 2675423.431807165965438, 1245243.155582855688408 ] } },
{ "type": "Feature", "properties": { "osm_id": 1983459462, "name": "Pharmacie du Bouchet", "postcode": "", "city": "Genève", "lat": 46.2164882, "lon": 6.118644 }, "geometry": { "type": "Point", "coordinates": [ 2498143.575058130547404, 1119196.304562381003052 ] } },
{ "type": "Feature", "properties": { "osm_id": 2001289815, "name": "Schützenmatt Apotheke", "postcode": "4055", "city": "Basel", "lat": 47.554322, "lon": 7.576056 }, "geometry": { "type": "Point", "coordinates": [ 2610344.76012608455494, 1267076.274911740561947 ] } },
{ "type": "Feature", "properties": { "osm_id": 2019678845, "name": "TopPharm", "postcode": "4132", "city": "Muttenz", "lat": 47.5339478, "lon": 7.6296844 }, "geometry": { "type": "Point", "coordinates": [ 2614386.882845372892916, 1264819.317309392383322 ] } },
{ "type": "Feature", "properties": { "osm_id": 2024398495, "name": "Bahnhof-Apotheke", "postcode": "8200", "city": "Schaffhausen", "lat": 47.6977047, "lon": 8.6323387 }, "geometry": { "type": "Point", "coordinates": [ 2689605.76026493543759, 1283691.375352715142071 ] } },
{ "type": "Feature", "properties": { "osm_id": 2025702847, "name": "Pill Drogerie Albuville", "postcode": "", "city": "", "lat": 47.2269875, "lon": 8.8199732 }, "geometry": { "type": "Point", "coordinates": [ 2704610.482191285118461, 1231593.671964568085968 ] } },
{ "type": "Feature", "properties": { "osm_id": 2033145595, "name": "Pharmacie Populaire Noyer", "postcode": "1212", "city": "Grand-Lancy", "lat": 46.1753187, "lon": 6.1221034 }, "geometry": { "type": "Point", "coordinates": [ 2498333.585615379270166, 1114615.831138937035576 ] } },
{ "type": "Feature", "properties": { "osm_id": 2035571399, "name": "Mühlematt Apotheke", "postcode": "4104", "city": "Oberwil BL", "lat": 47.5093552, "lon": 7.5546446 }, "geometry": { "type": "Point", "coordinates": [ 2608740.451770866755396, 1262073.937939667142928 ] } },
{ "type": "Feature", "properties": { "osm_id": 2037405948, "name": "Kronen-Apotheke", "postcode": "4102", "city": "Binningen", "lat": 47.5374436, "lon": 7.5714245 }, "geometry": { "type": "Point", "coordinates": [ 2609999.300861978437752, 1265199.000521260080859 ] } },
{ "type": "Feature", "properties": { "osm_id": 2051022026, "name": "St. Margarethen", "postcode": "", "city": "", "lat": 47.5412006, "lon": 7.5737705 }, "geometry": { "type": "Point", "coordinates": [ 2610175.226515801623464, 1265617.033037493703887 ] } },
{ "type": "Feature", "properties": { "osm_id": 2051350042, "name": "Parfümerie Schläpfer", "postcode": "", "city": "", "lat": 47.5139498, "lon": 7.5562732 }, "geometry": { "type": "Point", "coordinates": [ 2608862.38079352863133, 1262584.978313170140609 ] } },
{ "type": "Feature", "properties": { "osm_id": 2065065999, "name": "Pharmacie des Fontaines", "postcode": "", "city": "Carouge GE", "lat": 46.1839765, "lon": 6.1364174 }, "geometry": { "type": "Point", "coordinates": [ 2499454.839007736183703, 1115559.673383030574769 ] } },
{ "type": "Feature", "properties": { "osm_id": 2069927464, "name": "Amavita", "postcode": "", "city": "", "lat": 46.8109944, "lon": 7.1728708 }, "geometry": { "type": "Point", "coordinates": [ 2579715.698135063517839, 1184461.070866766851395 ] } },
{ "type": "Feature", "properties": { "osm_id": 2069991335, "name": "Pharmacie du Museum", "postcode": "", "city": "", "lat": 46.1976943, "lon": 6.1612042 }, "geometry": { "type": "Point", "coordinates": [ 2501393.321305426768959, 1117052.908568677958101 ] } },
{ "type": "Feature", "properties": { "osm_id": 2076304502, "name": "Sonnen-Apotheke", "postcode": "8890", "city": "Flums", "lat": 47.092487, "lon": 9.3432222 }, "geometry": { "type": "Point", "coordinates": [ 2744592.882085650693625, 1217474.732722961809486 ] } },
{ "type": "Feature", "properties": { "osm_id": 2080086565, "name": "Pill Apotheke & Drogerie Glärnisch", "postcode": "8803", "city": "Rüschlikon", "lat": 47.3077595, "lon": 8.554201 }, "geometry": { "type": "Point", "coordinates": [ 2684357.181578310672194, 1240252.640156751964241 ] } },
{ "type": "Feature", "properties": { "osm_id": 2080614957, "name": "Tulipiers", "postcode": "", "city": "", "lat": 46.2015661, "lon": 6.1741979 }, "geometry": { "type": "Point", "coordinates": [ 2502403.173106177709997, 1117466.991453900933266 ] } },
{ "type": "Feature", "properties": { "osm_id": 2081117847, "name": "Dropa Limmatplatz", "postcode": "8005", "city": "Zürich", "lat": 47.3850081, "lon": 8.5315987 }, "geometry": { "type": "Point", "coordinates": [ 2682528.540516736451536, 1248816.343414469389245 ] } },
{ "type": "Feature", "properties": { "osm_id": 2082364541, "name": "Pharmacieplus de Grange-Canal", "postcode": "1208", "city": "Chêne-Bougeries", "lat": 46.1997438, "lon": 6.1746154 }, "geometry": { "type": "Point", "coordinates": [ 2502432.126760824583471, 1117263.920936055015773 ] } },
{ "type": "Feature", "properties": { "osm_id": 2082780036, "name": "Richemont Le Fort", "postcode": "", "city": "Genève", "lat": 46.2053438, "lon": 6.1715093 }, "geometry": { "type": "Point", "coordinates": [ 2502202.463003440760076, 1117890.239270096411929 ] } },
{ "type": "Feature", "properties": { "osm_id": 2082780038, "name": "Pharmacie de Frontenex", "postcode": "", "city": "", "lat": 46.2026854, "lon": 6.164718 }, "geometry": { "type": "Point", "coordinates": [ 2501673.551892115734518, 1117603.25663763936609 ] } },
{ "type": "Feature", "properties": { "osm_id": 2092733037, "name": "Apotheke Drogerie Birrfeld", "postcode": "", "city": "", "lat": 47.4402629, "lon": 8.2083261 }, "geometry": { "type": "Point", "coordinates": [ 2658059.503802647348493, 1254669.798348615178838 ] } },
{ "type": "Feature", "properties": { "osm_id": 2100675842, "name": "Pharmacie Populaire Trois-Chêne", "postcode": "1225", "city": "Chêne-Bourg", "lat": 46.1942175, "lon": 6.1960775 }, "geometry": { "type": "Point", "coordinates": [ 2504078.856711906846613, 1116623.161786681506783 ] } },
{ "type": "Feature", "properties": { "osm_id": 2102901730, "name": "Pharmacie Populaire Epinettes", "postcode": "1227", "city": "Carouge GE", "lat": 46.1888413, "lon": 6.1367879 }, "geometry": { "type": "Point", "coordinates": [ 2499492.428896593395621, 1116099.921479281503707 ] } },
{ "type": "Feature", "properties": { "osm_id": 2107009158, "name": "Drogama Apotheke Drogerie", "postcode": "8055", "city": "Zürich", "lat": 47.3703419, "lon": 8.5085106 }, "geometry": { "type": "Point", "coordinates": [ 2680807.538166069891304, 1247161.849968678783625 ] } },
{ "type": "Feature", "properties": { "osm_id": 2107473193, "name": "Pharmacie Populaire Gradelle", "postcode": "1224", "city": "Chêne-Bougeries", "lat": 46.2035392, "lon": 6.1851357 }, "geometry": { "type": "Point", "coordinates": [ 2503250.847323474474251, 1117672.736738060135394 ] } },
{ "type": "Feature", "properties": { "osm_id": 2108099678, "name": "Strichcode Apotheke", "postcode": "", "city": "", "lat": 47.4653202, "lon": 7.8110864 }, "geometry": { "type": "Point", "coordinates": [ 2628082.417805840261281, 1257237.8616798594594 ] } },
{ "type": "Feature", "properties": { "osm_id": 2119461427, "name": "Farmacia Città Vecchia", "postcode": "6600", "city": "Locarno", "lat": 46.1691704, "lon": 8.7930246 }, "geometry": { "type": "Point", "coordinates": [ 2704599.727039716206491, 1113979.788925306638703 ] } },
{ "type": "Feature", "properties": { "osm_id": 2120962555, "name": "Pharmacie St-Victor", "postcode": "", "city": "Carouge GE", "lat": 46.1848898, "lon": 6.1401698 }, "geometry": { "type": "Point", "coordinates": [ 2499746.217925437260419, 1115656.378088181139901 ] } },
{ "type": "Feature", "properties": { "osm_id": 2123887399, "name": "Benu", "postcode": "", "city": "", "lat": 46.7807238, "lon": 7.0879709 }, "geometry": { "type": "Point", "coordinates": [ 2573220.70529774017632, 1181121.530230360105634 ] } },
{ "type": "Feature", "properties": { "osm_id": 2129892551, "name": "Chêne-Vert", "postcode": "", "city": "", "lat": 46.1928966, "lon": 6.2000693 }, "geometry": { "type": "Point", "coordinates": [ 2504384.659798975568265, 1116471.461825822014362 ] } },
{ "type": "Feature", "properties": { "osm_id": 2134700078, "name": "Pharmacie Coop Vitality", "postcode": "1763", "city": "", "lat": 46.8207648, "lon": 7.1528704 }, "geometry": { "type": "Point", "coordinates": [ 2578193.156797574367374, 1185552.611280190059915 ] } },
{ "type": "Feature", "properties": { "osm_id": 2142438888, "name": "Sun Store", "postcode": "", "city": "", "lat": 46.7979978, "lon": 7.1227471 }, "geometry": { "type": "Point", "coordinates": [ 2575884.214006872847676, 1183030.510214791400358 ] } },
{ "type": "Feature", "properties": { "osm_id": 2144264894, "name": "Hadid", "postcode": "", "city": "", "lat": 46.5232014, "lon": 6.6548295 }, "geometry": { "type": "Point", "coordinates": [ 2539857.138433468528092, 1152734.806289509870112 ] } },
{ "type": "Feature", "properties": { "osm_id": 2148213041, "name": "pharmacieplus", "postcode": "6500", "city": "Bellinzona", "lat": 46.1872087, "lon": 9.0148651 }, "geometry": { "type": "Point", "coordinates": [ 2721690.18150770617649, 1116304.631096043623984 ] } },
{ "type": "Feature", "properties": { "osm_id": 2148730056, "name": "Pharmacie P. Michel", "postcode": "", "city": "", "lat": 46.5100994, "lon": 6.8481095 }, "geometry": { "type": "Point", "coordinates": [ 2554676.464819453656673, 1151148.193100552773103 ] } },
{ "type": "Feature", "properties": { "osm_id": 2163784183, "name": "Pharmacie du Bourg-de-Four", "postcode": "1204", "city": "Genève", "lat": 46.2004672, "lon": 6.1490445 }, "geometry": { "type": "Point", "coordinates": [ 2500459.863882334437221, 1117376.495320624206215 ] } },
{ "type": "Feature", "properties": { "osm_id": 2164514674, "name": "Unbekannt", "postcode": "", "city": "", "lat": 46.1823192, "lon": 7.292057 }, "geometry": { "type": "Point", "coordinates": [ 2588681.004708555992693, 1114549.889524776721373 ] } },
{ "type": "Feature", "properties": { "osm_id": 2164614794, "name": "Amavita-Florissant", "postcode": "", "city": "", "lat": 46.1927072, "lon": 6.1626578 }, "geometry": { "type": "Point", "coordinates": [ 2501496.486564137972891, 1116496.760034948121756 ] } },
{ "type": "Feature", "properties": { "osm_id": 2164614796, "name": "Champel SA", "postcode": "", "city": "", "lat": 46.1945465, "lon": 6.1556725 }, "geometry": { "type": "Point", "coordinates": [ 2500960.633328302297741, 1116710.00633038347587 ] } },
{ "type": "Feature", "properties": { "osm_id": 2164614798, "name": "Eaux-Vives SA", "postcode": "", "city": "Genève", "lat": 46.2038201, "lon": 6.15814 }, "geometry": { "type": "Point", "coordinates": [ 2501167.944672922603786, 1117737.656502098310739 ] } },
{ "type": "Feature", "properties": { "osm_id": 2164614799, "name": "Floréal", "postcode": "1207", "city": "Genève", "lat": 46.2010413, "lon": 6.1610691 }, "geometry": { "type": "Point", "coordinates": [ 2501388.961084521841258, 1117425.100030136294663 ] } },
{ "type": "Feature", "properties": { "osm_id": 2164614847, "name": "Pharmacie Populaire", "postcode": "1207", "city": "Genève", "lat": 46.2041992, "lon": 6.1588293 }, "geometry": { "type": "Point", "coordinates": [ 2501221.829908173996955, 1117778.924361496698111 ] } },
{ "type": "Feature", "properties": { "osm_id": 2164614848, "name": "Pharmacie de Miremont", "postcode": "1206", "city": "Genève", "lat": 46.1910838, "lon": 6.1525815 }, "geometry": { "type": "Point", "coordinates": [ 2500715.725869641173631, 1116329.037637724075466 ] } },
{ "type": "Feature", "properties": { "osm_id": 2164614849, "name": "Parmacie de Florissant", "postcode": "", "city": "", "lat": 46.195767, "lon": 6.1561049 }, "geometry": { "type": "Point", "coordinates": [ 2500996.230587669182569, 1116845.119111669715494 ] } },
{ "type": "Feature", "properties": { "osm_id": 2164614850, "name": "Pharmacie Principale", "postcode": "", "city": "", "lat": 46.2007735, "lon": 6.1601147 }, "geometry": { "type": "Point", "coordinates": [ 2501314.815532395616174, 1117396.535648472374305 ] } },
{ "type": "Feature", "properties": { "osm_id": 2164614851, "name": "Pharmacie du Plateau-de-Champel", "postcode": "1206", "city": "Genève", "lat": 46.1924257, "lon": 6.1541499 }, "geometry": { "type": "Point", "coordinates": [ 2500839.24123762967065, 1116476.204175158636644 ] } },
{ "type": "Feature", "properties": { "osm_id": 2164614852, "name": "Soleil", "postcode": "1207", "city": "Genève", "lat": 46.2035801, "lon": 6.1610856 }, "geometry": { "type": "Point", "coordinates": [ 2501394.836719368118793, 1117707.268628577003255 ] } },
{ "type": "Feature", "properties": { "osm_id": 2164614853, "name": "Terrassière", "postcode": "", "city": "", "lat": 46.200929, "lon": 6.1572655 }, "geometry": { "type": "Point", "coordinates": [ 2501095.198572996072471, 1117417.412596824811772 ] } },
{ "type": "Feature", "properties": { "osm_id": 2164614854, "name": "Pharmacie Populaire Tranchées", "postcode": "1206", "city": "Genève", "lat": 46.1966008, "lon": 6.1533192 }, "geometry": { "type": "Point", "coordinates": [ 2500782.73285325570032, 1116941.32061983179301 ] } },
{ "type": "Feature", "properties": { "osm_id": 2164614855, "name": "Villereuse", "postcode": "", "city": "", "lat": 46.2004954, "lon": 6.158366 }, "geometry": { "type": "Point", "coordinates": [ 2501179.346621648874134, 1117367.828936000587419 ] } },
{ "type": "Feature", "properties": { "osm_id": 2175330313, "name": "swidro naturdrogerie ins GmbH", "postcode": "3232", "city": "Ins", "lat": 47.0052639, "lon": 7.1061998 }, "geometry": { "type": "Point", "coordinates": [ 2574718.930781709030271, 1206077.291118185967207 ] } },
{ "type": "Feature", "properties": { "osm_id": 2184636198, "name": "Pharmacie Bertrand", "postcode": "", "city": "Genève", "lat": 46.2132814, "lon": 6.1295675 }, "geometry": { "type": "Point", "coordinates": [ 2498980.438825955614448, 1118825.726149890804663 ] } },
{ "type": "Feature", "properties": { "osm_id": 2184646880, "name": "PharmaciePlus du Grand Pré", "postcode": "1202", "city": "", "lat": 46.2160276, "lon": 6.1310528 }, "geometry": { "type": "Point", "coordinates": [ 2499100.141474848147482, 1119129.051928319968283 ] } },
{ "type": "Feature", "properties": { "osm_id": 2188150657, "name": "Benu", "postcode": "", "city": "", "lat": 46.7761802, "lon": 7.1611313 }, "geometry": { "type": "Point", "coordinates": [ 2578805.945529866963625, 1180593.981581395957619 ] } },
{ "type": "Feature", "properties": { "osm_id": 2192862356, "name": "Pharmacie de la Gare", "postcode": "2740", "city": "", "lat": 47.280981, "lon": 7.3798597 }, "geometry": { "type": "Point", "coordinates": [ 2595553.809783272445202, 1236678.01753259380348 ] } },
{ "type": "Feature", "properties": { "osm_id": 2202994505, "name": "Pharmacie de Préverenges", "postcode": "", "city": "", "lat": 46.5181841, "lon": 6.5286312 }, "geometry": { "type": "Point", "coordinates": [ 2530167.694888705853373, 1152281.810052125016227 ] } },
{ "type": "Feature", "properties": { "osm_id": 2207970303, "name": "Amavita", "postcode": "9443", "city": "", "lat": 47.4077302, "lon": 9.6304406 }, "geometry": { "type": "Point", "coordinates": [ 2765413.492976231034845, 1253078.59433750086464 ] } },
{ "type": "Feature", "properties": { "osm_id": 2209531012, "name": "Apotheke Dr. Noyer", "postcode": "3011", "city": "Bern", "lat": 46.9487927, "lon": 7.4429172 }, "geometry": { "type": "Point", "coordinates": [ 2600326.194386519491673, 1199745.417138637742028 ] } },
{ "type": "Feature", "properties": { "osm_id": 2222471736, "name": "Dorf Apotheke", "postcode": "3032", "city": "Hinterkappelen", "lat": 46.9679389, "lon": 7.3792529 }, "geometry": { "type": "Point", "coordinates": [ 2595481.1189025179483, 1201875.678452463122085 ] } },
{ "type": "Feature", "properties": { "osm_id": 2240223373, "name": "Chartreuse Drogerie", "postcode": "", "city": "", "lat": 46.7455238, "lon": 7.6446729 }, "geometry": { "type": "Point", "coordinates": [ 2615744.792539831250906, 1177168.716376109980047 ] } },
{ "type": "Feature", "properties": { "osm_id": 2258851964, "name": "Unterstadt-Apotheke & Post", "postcode": "8202", "city": "Schaffhausen", "lat": 47.6957809, "lon": 8.6403009 }, "geometry": { "type": "Point", "coordinates": [ 2690206.667359781917185, 1283486.607205143198371 ] } },
{ "type": "Feature", "properties": { "osm_id": 2258851970, "name": "Zum Zitronenbaum", "postcode": "8200", "city": "Schaffhausen", "lat": 47.6959795, "lon": 8.6368107 }, "geometry": { "type": "Point", "coordinates": [ 2689944.351456267293543, 1283504.681134776445106 ] } },
{ "type": "Feature", "properties": { "osm_id": 2268402868, "name": "Amavita Zentral", "postcode": "5630", "city": "Muri", "lat": 47.2719537, "lon": 8.342134 }, "geometry": { "type": "Point", "coordinates": [ 2668367.782423712778836, 1236065.751532363472506 ] } },
{ "type": "Feature", "properties": { "osm_id": 2269544829, "name": "Pharmacie de St-Légier-La Chiésaz", "postcode": "", "city": "Saint-Légier-La Chiésaz", "lat": 46.4710947, "lon": 6.8797322 }, "geometry": { "type": "Point", "coordinates": [ 2557072.518994527868927, 1146794.511769162723795 ] } },
{ "type": "Feature", "properties": { "osm_id": 2272285478, "name": "Pharmacie du Mont d'Or", "postcode": "", "city": "", "lat": 46.7121027, "lon": 6.3780548 }, "geometry": { "type": "Point", "coordinates": [ 2518905.273027476854622, 1173982.364884776994586 ] } },
{ "type": "Feature", "properties": { "osm_id": 2284327850, "name": "Amavita", "postcode": "", "city": "", "lat": 46.2027744, "lon": 6.1567312 }, "geometry": { "type": "Point", "coordinates": [ 2501057.318345497362316, 1117623.204568527638912 ] } },
{ "type": "Feature", "properties": { "osm_id": 2284446213, "name": "Lindenapotheke", "postcode": "5035", "city": "Unterentfelden", "lat": 47.3680638, "lon": 8.0434511 }, "geometry": { "type": "Point", "coordinates": [ 2645684.906564786098897, 1246533.852551486575976 ] } },
{ "type": "Feature", "properties": { "osm_id": 2289494989, "name": "Amavita Zumikon", "postcode": "8126", "city": "Zumikon", "lat": 47.3320839, "lon": 8.6237691 }, "geometry": { "type": "Point", "coordinates": [ 2689576.528205533511937, 1243033.845064061926678 ] } },
{ "type": "Feature", "properties": { "osm_id": 2291468424, "name": "Pharmacie du Petit-Saconnex", "postcode": "1209", "city": "Genève", "lat": 46.2243498, "lon": 6.1261103 }, "geometry": { "type": "Point", "coordinates": [ 2498734.289910440333188, 1120060.440001103328541 ] } },
{ "type": "Feature", "properties": { "osm_id": 2294548686, "name": "Drogerie Zumsteg", "postcode": "5300", "city": "", "lat": 47.4934233, "lon": 8.2527816 }, "geometry": { "type": "Point", "coordinates": [ 2661351.409395333845168, 1260613.966931777540594 ] } },
{ "type": "Feature", "properties": { "osm_id": 2294828173, "name": "Pharmacie Principale", "postcode": "", "city": "Genève", "lat": 46.2071445, "lon": 6.1421916 }, "geometry": { "type": "Point", "coordinates": [ 2499943.242375657893717, 1118127.40897172386758 ] } },
{ "type": "Feature", "properties": { "osm_id": 2296486043, "name": "Pharmacie de la Tour", "postcode": "", "city": "", "lat": 46.2308668, "lon": 6.1182285 }, "geometry": { "type": "Point", "coordinates": [ 2498138.454591873567551, 1120795.019889885094017 ] } },
{ "type": "Feature", "properties": { "osm_id": 2297249263, "name": "Pharmacie du Grand-Saconnex", "postcode": "1218", "city": "Le Grand-Saconnex", "lat": 46.2335237, "lon": 6.1229658 }, "geometry": { "type": "Point", "coordinates": [ 2498508.831517460756004, 1121084.185108781559393 ] } },
{ "type": "Feature", "properties": { "osm_id": 2315663109, "name": "Benu", "postcode": "1854", "city": "Leysin", "lat": 46.3437736, "lon": 7.0126427 }, "geometry": { "type": "Point", "coordinates": [ 2567203.638275654520839, 1132576.807045092107728 ] } },
{ "type": "Feature", "properties": { "osm_id": 2317012355, "name": "Apotheke Im Zentrum", "postcode": "", "city": "", "lat": 47.2795549, "lon": 8.6151564 }, "geometry": { "type": "Point", "coordinates": [ 2689013.167077437508851, 1237184.539596581365913 ] } },
{ "type": "Feature", "properties": { "osm_id": 2320578575, "name": "Apotheke Dr. Langer", "postcode": "", "city": "", "lat": 47.3614486, "lon": 8.3678554 }, "geometry": { "type": "Point", "coordinates": [ 2670196.210923889186233, 1246037.836501592770219 ] } },
{ "type": "Feature", "properties": { "osm_id": 2320592955, "name": "Apotheke Mutschellen", "postcode": "8965", "city": "Berikon", "lat": 47.3626133, "lon": 8.3665586 }, "geometry": { "type": "Point", "coordinates": [ 2670096.721206041052938, 1246166.161652310751379 ] } },
{ "type": "Feature", "properties": { "osm_id": 2320977379, "name": "Farmacia Moderna", "postcode": "6743", "city": "Bodio TI", "lat": 46.3759207, "lon": 8.9156355 }, "geometry": { "type": "Point", "coordinates": [ 2713635.292591083794832, 1137130.017164255026728 ] } },
{ "type": "Feature", "properties": { "osm_id": 2323278575, "name": "Montalin Apotheke", "postcode": "", "city": "", "lat": 46.857032, "lon": 9.5202566 }, "geometry": { "type": "Point", "coordinates": [ 2758724.475801694206893, 1191649.580660557141528 ] } },
{ "type": "Feature", "properties": { "osm_id": 2325194268, "name": "Christoffel-Apotheke", "postcode": "", "city": "", "lat": 46.9470929, "lon": 7.4410478 }, "geometry": { "type": "Point", "coordinates": [ 2600183.88194422563538, 1199556.444840665441006 ] } },
{ "type": "Feature", "properties": { "osm_id": 2330012330, "name": "Bandol", "postcode": "", "city": "", "lat": 46.1863948, "lon": 6.1070797 }, "geometry": { "type": "Point", "coordinates": [ 2497194.45975924609229, 1115866.541690354701132 ] } },
{ "type": "Feature", "properties": { "osm_id": 2330012333, "name": "Pharmacie des Bergues", "postcode": "", "city": "", "lat": 46.2064492, "lon": 6.1453573 }, "geometry": { "type": "Point", "coordinates": [ 2500186.264090454205871, 1118046.088014620356262 ] } },
{ "type": "Feature", "properties": { "osm_id": 2330012334, "name": "Pharmacie du Mortier d'or", "postcode": "", "city": "Genève", "lat": 46.206292, "lon": 6.1427704 }, "geometry": { "type": "Point", "coordinates": [ 2499986.340966944117099, 1118031.914345890749246 ] } },
{ "type": "Feature", "properties": { "osm_id": 2330012335, "name": "Plaza", "postcode": "", "city": "", "lat": 46.2077532, "lon": 6.1453692 }, "geometry": { "type": "Point", "coordinates": [ 2500189.575288205873221, 1118191.01283443858847 ] } },
{ "type": "Feature", "properties": { "osm_id": 2333684912, "name": "Park-Apotheke", "postcode": "8280", "city": "Kreuzlingen", "lat": 47.6464207, "lon": 9.1758917 }, "geometry": { "type": "Point", "coordinates": [ 2730527.906648063100874, 1278752.465204867534339 ] } },
{ "type": "Feature", "properties": { "osm_id": 2333792126, "name": "Pharmacie des Pontets", "postcode": "", "city": "", "lat": 46.1748482, "lon": 6.1256438 }, "geometry": { "type": "Point", "coordinates": [ 2498606.0809156158939, 1114558.946875841356814 ] } },
{ "type": "Feature", "properties": { "osm_id": 2337285542, "name": "Pharmacie Populaire Charmilles", "postcode": "1203", "city": "Genève", "lat": 46.2081577, "lon": 6.1274194 }, "geometry": { "type": "Point", "coordinates": [ 2498805.156371946912259, 1118258.999790226109326 ] } },
{ "type": "Feature", "properties": { "osm_id": 2337285548, "name": "Pharmacie des Philosophes", "postcode": "", "city": "Genève", "lat": 46.1964998, "lon": 6.1460148 }, "geometry": { "type": "Point", "coordinates": [ 2500218.755919237155467, 1116939.371359416749328 ] } },
{ "type": "Feature", "properties": { "osm_id": 2345647467, "name": "Droguerie Pharmacie von Arx", "postcode": "", "city": "", "lat": 47.2202004, "lon": 7.1982851 }, "geometry": { "type": "Point", "coordinates": [ 2581795.435716719832271, 1229946.951030182419345 ] } },
{ "type": "Feature", "properties": { "osm_id": 2352086526, "name": "Coop Vitality", "postcode": "8645", "city": "Jona", "lat": 47.2315819, "lon": 8.8365444 }, "geometry": { "type": "Point", "coordinates": [ 2705856.201269964221865, 1232126.61186048691161 ] } },
{ "type": "Feature", "properties": { "osm_id": 2352271478, "name": "Medbase Apotheke Jona", "postcode": "8645", "city": "Jona", "lat": 47.2310113, "lon": 8.8375758 }, "geometry": { "type": "Point", "coordinates": [ 2705935.426056303549558, 1232064.576073684962466 ] } },
{ "type": "Feature", "properties": { "osm_id": 2353454619, "name": "Apotheke im Freihof", "postcode": "8306", "city": "Brüttisellen", "lat": 47.4235473, "lon": 8.6297899 }, "geometry": { "type": "Point", "coordinates": [ 2689877.19685614714399, 1253208.667056050617248 ] } },
{ "type": "Feature", "properties": { "osm_id": 2358315392, "name": "Drogerie Burkhardt", "postcode": "2575", "city": "", "lat": 47.0676625, "lon": 7.2002723 }, "geometry": { "type": "Point", "coordinates": [ 2581894.190816564485431, 1212988.141442721243948 ] } },
{ "type": "Feature", "properties": { "osm_id": 2364044454, "name": "Medbase", "postcode": "8330", "city": "Pfäffikon ZH", "lat": 47.3678988, "lon": 8.781923 }, "geometry": { "type": "Point", "coordinates": [ 2701460.987210808321834, 1247207.80703245382756 ] } },
{ "type": "Feature", "properties": { "osm_id": 2372603544, "name": "TopPharm", "postcode": "4059", "city": "Basel", "lat": 47.5328862, "lon": 7.5950363 }, "geometry": { "type": "Point", "coordinates": [ 2611778.140776968095452, 1264695.531152121489868 ] } },
{ "type": "Feature", "properties": { "osm_id": 2377810784, "name": "Sun Store", "postcode": "", "city": "", "lat": 46.5171019, "lon": 6.6286368 }, "geometry": { "type": "Point", "coordinates": [ 2537840.393790660891682, 1152077.241216432536021 ] } },
{ "type": "Feature", "properties": { "osm_id": 2386509526, "name": "Portmann", "postcode": "", "city": "", "lat": 46.685006, "lon": 7.854905 }, "geometry": { "type": "Point", "coordinates": [ 2631845.69884456275031, 1170504.78727748291567 ] } },
{ "type": "Feature", "properties": { "osm_id": 2395622177, "name": "Amavita", "postcode": "1206", "city": "", "lat": 46.196033, "lon": 6.1516469 }, "geometry": { "type": "Point", "coordinates": [ 2500652.619068067986518, 1116880.328628284158185 ] } },
{ "type": "Feature", "properties": { "osm_id": 2395992615, "name": "Drogerie Samnaun", "postcode": "7563", "city": "", "lat": 46.9447216, "lon": 10.3612448 }, "geometry": { "type": "Point", "coordinates": [ 2822461.563860388938338, 1203436.520713349338621 ] } },
{ "type": "Feature", "properties": { "osm_id": 2397270473, "name": "Dr. Hysek", "postcode": "", "city": "", "lat": 47.1525027, "lon": 7.2669534 }, "geometry": { "type": "Point", "coordinates": [ 2586980.082650679629296, 1222406.86074313824065 ] } },
{ "type": "Feature", "properties": { "osm_id": 2397886280, "name": "Benu", "postcode": "", "city": "", "lat": 46.8226789, "lon": 6.5012425 }, "geometry": { "type": "Point", "coordinates": [ 2528471.143982308916748, 1186153.863027028972283 ] } },
{ "type": "Feature", "properties": { "osm_id": 2398699156, "name": "Farmacia Taverne", "postcode": "", "city": "", "lat": 46.0618267, "lon": 8.9296449 }, "geometry": { "type": "Point", "coordinates": [ 2715376.579623732250184, 1102240.32201469456777 ] } },
{ "type": "Feature", "properties": { "osm_id": 2401203550, "name": "Amavita Riehen", "postcode": "4125", "city": "Riehen", "lat": 47.585098, "lon": 7.6516775 }, "geometry": { "type": "Point", "coordinates": [ 2616027.56006590789184, 1270510.875736170215532 ] } },
{ "type": "Feature", "properties": { "osm_id": 2401239434, "name": "Apotheke im Gärtnerhaus", "postcode": "5012", "city": "Schönenwerd", "lat": 47.3729999, "lon": 8.0017533 }, "geometry": { "type": "Point", "coordinates": [ 2642531.427865094039589, 1247059.22219361574389 ] } },
{ "type": "Feature", "properties": { "osm_id": 2402537967, "name": "Sun Store", "postcode": "1227", "city": "Carouge GE", "lat": 46.1848334, "lon": 6.1339153 }, "geometry": { "type": "Point", "coordinates": [ 2499263.256047213450074, 1115658.132200817810372 ] } },
{ "type": "Feature", "properties": { "osm_id": 2405149001, "name": "Farma", "postcode": "", "city": "", "lat": 46.0670109, "lon": 8.9670304 }, "geometry": { "type": "Point", "coordinates": [ 2718257.955332834739238, 1102872.196752251125872 ] } },
{ "type": "Feature", "properties": { "osm_id": 2405534557, "name": "Pharmacie du midi", "postcode": "1950", "city": "", "lat": 46.2310921, "lon": 7.3605118 }, "geometry": { "type": "Point", "coordinates": [ 2593972.274898880627006, 1119964.117718375520781 ] } },
{ "type": "Feature", "properties": { "osm_id": 2408277201, "name": "Amavita", "postcode": "", "city": "", "lat": 47.4495927, "lon": 8.5623131 }, "geometry": { "type": "Point", "coordinates": [ 2684744.750615883152932, 1256029.109661902301013 ] } },
{ "type": "Feature", "properties": { "osm_id": 2408277205, "name": "Amavita Apotheke", "postcode": "", "city": "", "lat": 47.4526634, "lon": 8.5619109 }, "geometry": { "type": "Point", "coordinates": [ 2684709.53300128178671, 1256370.055490102153271 ] } },
{ "type": "Feature", "properties": { "osm_id": 2408277256, "name": "Amavita", "postcode": "", "city": "", "lat": 47.4512783, "lon": 8.5608802 }, "geometry": { "type": "Point", "coordinates": [ 2684634.013381990604103, 1256214.957015497144312 ] } },
{ "type": "Feature", "properties": { "osm_id": 2415163591, "name": "Droguerie de Valère", "postcode": "", "city": "", "lat": 46.231634, "lon": 7.3589749 }, "geometry": { "type": "Point", "coordinates": [ 2593853.769862351473421, 1120024.478993412572891 ] } },
{ "type": "Feature", "properties": { "osm_id": 2415163914, "name": "Pill Apotheke Lai", "postcode": "7078", "city": "Lenzerheide/Lai", "lat": 46.7276687, "lon": 9.5576148 }, "geometry": { "type": "Point", "coordinates": [ 2761960.777300798799843, 1177350.037433508085087 ] } },
{ "type": "Feature", "properties": { "osm_id": 2418836105, "name": "Coop Vitality", "postcode": "3960", "city": "", "lat": 46.2938326, "lon": 7.534577 }, "geometry": { "type": "Point", "coordinates": [ 2607392.405864142812788, 1126940.047776267398149 ] } },
{ "type": "Feature", "properties": { "osm_id": 2419797401, "name": "Amavita", "postcode": "4562", "city": "Biberist", "lat": 47.1825349, "lon": 7.5617829 }, "geometry": { "type": "Point", "coordinates": [ 2609334.842722234781832, 1225738.517089765286073 ] } },
{ "type": "Feature", "properties": { "osm_id": 2422254742, "name": "Pharmacieplus de Monruz", "postcode": "2000", "city": "Neuchâtel", "lat": 47.0049406, "lon": 6.9617142 }, "geometry": { "type": "Point", "coordinates": [ 2563730.852373401168734, 1206098.19731477741152 ] } },
{ "type": "Feature", "properties": { "osm_id": 2434379960, "name": "Medbase Apotheke Oberi", "postcode": "8404", "city": "Winterthur", "lat": 47.5098663, "lon": 8.7589667 }, "geometry": { "type": "Point", "coordinates": [ 2699461.621883051935583, 1262960.710106645710766 ] } },
{ "type": "Feature", "properties": { "osm_id": 2434405567, "name": "Campus Apotheke", "postcode": "", "city": "", "lat": 47.5735287, "lon": 7.579618 }, "geometry": { "type": "Point", "coordinates": [ 2610609.059100710786879, 1269212.318328630644828 ] } },
{ "type": "Feature", "properties": { "osm_id": 2445840260, "name": "Pharmacie de l'Avenir", "postcode": "1950", "city": "", "lat": 46.2263621, "lon": 7.3438829 }, "geometry": { "type": "Point", "coordinates": [ 2592688.766260297037661, 1119439.735114636830986 ] } },
{ "type": "Feature", "properties": { "osm_id": 2450626720, "name": "Amavita", "postcode": "3963", "city": "", "lat": 46.3092325, "lon": 7.4727685 }, "geometry": { "type": "Point", "coordinates": [ 2602628.849047280848026, 1128648.086772265378386 ] } },
{ "type": "Feature", "properties": { "osm_id": 2451962219, "name": "pharmacieplus de florissant", "postcode": "1020", "city": "Renens", "lat": 46.533081, "lon": 6.5981428 }, "geometry": { "type": "Point", "coordinates": [ 2535519.438115397933871, 1153878.123082537204027 ] } },
{ "type": "Feature", "properties": { "osm_id": 2456030637, "name": "TopPharm Lehenmatt Apotheke", "postcode": "4052", "city": "Basel", "lat": 47.5476516, "lon": 7.6213023 }, "geometry": { "type": "Point", "coordinates": [ 2613752.18563204118982, 1266341.516008585924283 ] } },
{ "type": "Feature", "properties": { "osm_id": 2456759433, "name": "Dorenbach Apotheke", "postcode": "", "city": "", "lat": 47.5443996, "lon": 7.576067 }, "geometry": { "type": "Point", "coordinates": [ 2610347.508618258405477, 1265973.021915670251474 ] } },
{ "type": "Feature", "properties": { "osm_id": 2458960459, "name": "Unbekannt", "postcode": "", "city": "", "lat": 47.2241906, "lon": 6.9561932 }, "geometry": { "type": "Point", "coordinates": [ 2563461.273231953382492, 1230475.309607427334413 ] } },
{ "type": "Feature", "properties": { "osm_id": 2460186217, "name": "Apotheke Roter Ochsen", "postcode": "", "city": "", "lat": 47.6990362, "lon": 8.6351627 }, "geometry": { "type": "Point", "coordinates": [ 2689815.467919575981796, 1283842.642944103106856 ] } },
{ "type": "Feature", "properties": { "osm_id": 2463070431, "name": "Zum Gerichtshaus", "postcode": "", "city": "", "lat": 47.4817311, "lon": 8.4537786 }, "geometry": { "type": "Point", "coordinates": [ 2676513.712974511086941, 1259490.579555731965229 ] } },
{ "type": "Feature", "properties": { "osm_id": 2464429548, "name": "Sun Store", "postcode": "", "city": "", "lat": 46.5273544, "lon": 6.651513 }, "geometry": { "type": "Point", "coordinates": [ 2539607.307823538314551, 1153199.005814521107823 ] } },
{ "type": "Feature", "properties": { "osm_id": 2468322528, "name": "APODRO Apotheke", "postcode": "8636", "city": "Wald ZH", "lat": 47.2748429, "lon": 8.9151633 }, "geometry": { "type": "Point", "coordinates": [ 2711718.364313709549606, 1237044.497885247226804 ] } },
{ "type": "Feature", "properties": { "osm_id": 2479519173, "name": "Wehntal-Apotheke", "postcode": "8057", "city": "Zürich", "lat": 47.402496, "lon": 8.5358866 }, "geometry": { "type": "Point", "coordinates": [ 2682825.104571564123034, 1250765.02427765657194 ] } },
{ "type": "Feature", "properties": { "osm_id": 2487061375, "name": "Drogerie", "postcode": "", "city": "", "lat": 47.504688, "lon": 8.5942386 }, "geometry": { "type": "Point", "coordinates": [ 2687062.07673259684816, 1262189.226048736600205 ] } },
{ "type": "Feature", "properties": { "osm_id": 2501803283, "name": "Amavita", "postcode": "", "city": "", "lat": 46.7947387, "lon": 9.8212643 }, "geometry": { "type": "Point", "coordinates": [ 2781880.101237158291042, 1185380.799553989199921 ] } },
{ "type": "Feature", "properties": { "osm_id": 2507487710, "name": "Apoteca + Drogaria Engiadinaisa", "postcode": "7550", "city": "", "lat": 46.7978743, "lon": 10.3007658 }, "geometry": { "type": "Point", "coordinates": [ 2818455.62954122107476, 1186952.74758676555939 ] } },
{ "type": "Feature", "properties": { "osm_id": 2509261942, "name": "Rothaus", "postcode": "", "city": "", "lat": 47.269951, "lon": 8.6419389 }, "geometry": { "type": "Point", "coordinates": [ 2691055.677992523182184, 1236147.642077750526369 ] } },
{ "type": "Feature", "properties": { "osm_id": 2509493693, "name": "Amavita", "postcode": "1784", "city": "Courtepin", "lat": 46.8649045, "lon": 7.1244441 }, "geometry": { "type": "Point", "coordinates": [ 2576043.663503107149154, 1190467.857211062218994 ] } },
{ "type": "Feature", "properties": { "osm_id": 2518355728, "name": "Apotheke am Rhytor", "postcode": "9424", "city": "Rheineck", "lat": 47.466832, "lon": 9.5902747 }, "geometry": { "type": "Point", "coordinates": [ 2762202.767275598365813, 1259563.405401672003791 ] } },
{ "type": "Feature", "properties": { "osm_id": 2521242262, "name": "Pharmacie de Saint-Cergue", "postcode": "1264", "city": "St-Cergue", "lat": 46.4486323, "lon": 6.16163 }, "geometry": { "type": "Point", "coordinates": [ 2501880.865565832238644, 1144944.223405994940549 ] } },
{ "type": "Feature", "properties": { "osm_id": 2523291210, "name": "Pharmacie de Chavannes", "postcode": "1022", "city": "Chavannes-près-Renens", "lat": 46.5333239, "lon": 6.5790262 }, "geometry": { "type": "Point", "coordinates": [ 2534053.221209218725562, 1153921.042029315140098 ] } },
{ "type": "Feature", "properties": { "osm_id": 2526463923, "name": "Apotheke Rösli", "postcode": "", "city": "", "lat": 46.939927, "lon": 7.4365711 }, "geometry": { "type": "Point", "coordinates": [ 2599843.032849792856723, 1198759.810751681216061 ] } },
{ "type": "Feature", "properties": { "osm_id": 2563345189, "name": "Farmacia Castagnola", "postcode": "", "city": "", "lat": 46.0013847, "lon": 8.9769651 }, "geometry": { "type": "Point", "coordinates": [ 2719169.605665465351194, 1095593.174218958010897 ] } },
{ "type": "Feature", "properties": { "osm_id": 2569600158, "name": "Coop Drogerie", "postcode": "", "city": "", "lat": 47.2129162, "lon": 9.4959187 }, "geometry": { "type": "Point", "coordinates": [ 2755831.658665150869638, 1231151.62887742719613 ] } },
{ "type": "Feature", "properties": { "osm_id": 2577144564, "name": "Rössli Apotheke", "postcode": "4132", "city": "Muttenz", "lat": 47.5255047, "lon": 7.6470676 }, "geometry": { "type": "Point", "coordinates": [ 2615698.308186543174088, 1263883.87092281668447 ] } },
{ "type": "Feature", "properties": { "osm_id": 2582129171, "name": "TopPharm Löwen Apotheke", "postcode": "5600", "city": "Lenzburg", "lat": 47.3871173, "lon": 8.1810714 }, "geometry": { "type": "Point", "coordinates": [ 2656059.596522447187454, 1248741.353733738651499 ] } },
{ "type": "Feature", "properties": { "osm_id": 2599802006, "name": "Zytglogge Apotheke", "postcode": "3011", "city": "Bern", "lat": 46.9478815, "lon": 7.4476189 }, "geometry": { "type": "Point", "coordinates": [ 2600684.141542296856642, 1199644.144350267248228 ] } },
{ "type": "Feature", "properties": { "osm_id": 2602229664, "name": "Jutzi", "postcode": "", "city": "", "lat": 46.7311605, "lon": 7.6682192 }, "geometry": { "type": "Point", "coordinates": [ 2617548.790062448009849, 1175576.969967557350174 ] } },
{ "type": "Feature", "properties": { "osm_id": 2609444424, "name": "Spital Aphoteke", "postcode": "6000", "city": "Luzern 16", "lat": 47.0591049, "lon": 8.2971638 }, "geometry": { "type": "Point", "coordinates": [ 2665223.883909100666642, 1212365.340008629718795 ] } },
{ "type": "Feature", "properties": { "osm_id": 2611315727, "name": "Bahnhof Apotheke", "postcode": "4410", "city": "Liestal", "lat": 47.4851584, "lon": 7.7309439 }, "geometry": { "type": "Point", "coordinates": [ 2622031.789578420110047, 1259418.024838529992849 ] } },
{ "type": "Feature", "properties": { "osm_id": 2613296079, "name": "Drogerie Teufer", "postcode": "", "city": "", "lat": 47.3682623, "lon": 8.7808047 }, "geometry": { "type": "Point", "coordinates": [ 2701375.83749072952196, 1247246.770211313152686 ] } },
{ "type": "Feature", "properties": { "osm_id": 2616596286, "name": "Europa Apotheke", "postcode": "4056", "city": "Basel", "lat": 47.5695378, "lon": 7.5792118 }, "geometry": { "type": "Point", "coordinates": [ 2610579.285580724012107, 1268768.519063854357228 ] } },
{ "type": "Feature", "properties": { "osm_id": 2622206218, "name": "Pharmacie Plus", "postcode": "", "city": "", "lat": 46.6060821, "lon": 6.2309675 }, "geometry": { "type": "Point", "coordinates": [ 2507477.776672556530684, 1162360.64647160586901 ] } },
{ "type": "Feature", "properties": { "osm_id": 2623963074, "name": "Gotthard Apotheke Baar", "postcode": "", "city": "", "lat": 47.1946768, "lon": 8.5236302 }, "geometry": { "type": "Point", "coordinates": [ 2682219.461699657142162, 1227649.101463307160884 ] } },
{ "type": "Feature", "properties": { "osm_id": 2628536978, "name": "Rütli Apotheke", "postcode": "6440", "city": "Brunnen", "lat": 46.9942758, "lon": 8.6054259 }, "geometry": { "type": "Point", "coordinates": [ 2688748.619003372266889, 1205461.124971401877701 ] } },
{ "type": "Feature", "properties": { "osm_id": 2629581292, "name": "Dropa Schönthal", "postcode": "4414", "city": "Füllinsdorf", "lat": 47.5023671, "lon": 7.7258705 }, "geometry": { "type": "Point", "coordinates": [ 2621642.430224400479347, 1261329.974866959499195 ] } },
{ "type": "Feature", "properties": { "osm_id": 2631764943, "name": "Grosse Apotheke Dr. Bichsel", "postcode": "", "city": "", "lat": 46.6845976, "lon": 7.8539345 }, "geometry": { "type": "Point", "coordinates": [ 2631771.693425833713263, 1170458.994560424936935 ] } },
{ "type": "Feature", "properties": { "osm_id": 2635575321, "name": "Apotheke & Drogerie Oerlikon", "postcode": "8050", "city": "Zürich", "lat": 47.4111761, "lon": 8.545519 }, "geometry": { "type": "Point", "coordinates": [ 2683538.530540716834366, 1251740.220909133786336 ] } },
{ "type": "Feature", "properties": { "osm_id": 2638524954, "name": "Apotheke Sins", "postcode": "", "city": "", "lat": 47.1911432, "lon": 8.3954747 }, "geometry": { "type": "Point", "coordinates": [ 2672513.37592221936211, 1227129.940839030779898 ] } },
{ "type": "Feature", "properties": { "osm_id": 2645138795, "name": "Salveo", "postcode": "", "city": "", "lat": 46.5251218, "lon": 6.6256468 }, "geometry": { "type": "Point", "coordinates": [ 2537620.204938437324017, 1152971.106827954761684 ] } },
{ "type": "Feature", "properties": { "osm_id": 2647639683, "name": "Löwen-Apotheke", "postcode": "9500", "city": "Wil SG", "lat": 47.4651479, "lon": 9.0460888 }, "geometry": { "type": "Point", "coordinates": [ 2721189.683283686637878, 1258393.256759126204997 ] } },
{ "type": "Feature", "properties": { "osm_id": 2696276410, "name": "Vivian", "postcode": "", "city": "", "lat": 47.0466239, "lon": 8.3083898 }, "geometry": { "type": "Point", "coordinates": [ 2666092.078199904412031, 1210987.265655527357012 ] } },
{ "type": "Feature", "properties": { "osm_id": 2698369063, "name": "Pharmacie de Savièse", "postcode": "1965", "city": "Savièse", "lat": 46.2498565, "lon": 7.350311 }, "geometry": { "type": "Point", "coordinates": [ 2593187.690560904331505, 1122050.913937218952924 ] } },
{ "type": "Feature", "properties": { "osm_id": 2700988691, "name": "24 Stunden Apotheke Basel", "postcode": "", "city": "", "lat": 47.5610509, "lon": 7.5856914 }, "geometry": { "type": "Point", "coordinates": [ 2611068.626475724857301, 1267825.758671363815665 ] } },
{ "type": "Feature", "properties": { "osm_id": 2713017352, "name": "Löwen Apotheke", "postcode": "4310", "city": "Rheinfelden", "lat": 47.5553536, "lon": 7.793366 }, "geometry": { "type": "Point", "coordinates": [ 2626701.199248227290809, 1267242.117106339195743 ] } },
{ "type": "Feature", "properties": { "osm_id": 2721397190, "name": "Populaire", "postcode": "", "city": "", "lat": 46.5276669, "lon": 6.6165108 }, "geometry": { "type": "Point", "coordinates": [ 2536922.2085951725021, 1153261.336743376217782 ] } },
{ "type": "Feature", "properties": { "osm_id": 2734556346, "name": "Coop Vitality", "postcode": "8280", "city": "Kreuzlingen", "lat": 47.6507701, "lon": 9.1734279 }, "geometry": { "type": "Point", "coordinates": [ 2730332.12759354012087, 1279231.872334740823135 ] } },
{ "type": "Feature", "properties": { "osm_id": 2743760878, "name": "Leimbach Apotheke", "postcode": "8041", "city": "Zürich", "lat": 47.3263736, "lon": 8.514089 }, "geometry": { "type": "Point", "coordinates": [ 2681295.83680787589401, 1242279.619988724589348 ] } },
{ "type": "Feature", "properties": { "osm_id": 2757775186, "name": "BENU Baden Schlossberg", "postcode": "5400", "city": "Baden", "lat": 47.4740131, "lon": 8.3077194 }, "geometry": { "type": "Point", "coordinates": [ 2665515.01225028000772, 1258500.347783643985167 ] } },
{ "type": "Feature", "properties": { "osm_id": 2765365322, "name": "Cattin-gare", "postcode": "", "city": "", "lat": 47.3624271, "lon": 7.3499873 }, "geometry": { "type": "Point", "coordinates": [ 2593304.068147856742144, 1245735.365342688281089 ] } },
{ "type": "Feature", "properties": { "osm_id": 2765365332, "name": "Cattin-ville", "postcode": "", "city": "", "lat": 47.3650622, "lon": 7.3452662 }, "geometry": { "type": "Point", "coordinates": [ 2592947.776297735050321, 1246028.758256773697212 ] } },
{ "type": "Feature", "properties": { "osm_id": 2765365490, "name": "Sun Store", "postcode": "", "city": "", "lat": 47.3635608, "lon": 7.3465988 }, "geometry": { "type": "Point", "coordinates": [ 2593048.241435869131237, 1245861.709952205652371 ] } },
{ "type": "Feature", "properties": { "osm_id": 2765365506, "name": "Amavita", "postcode": "", "city": "", "lat": 47.3646043, "lon": 7.347604 }, "geometry": { "type": "Point", "coordinates": [ 2593124.311395006719977, 1245977.638366660568863 ] } },
{ "type": "Feature", "properties": { "osm_id": 2779898589, "name": "TopPharm Apotheke Neumarktplatz", "postcode": "5200", "city": "Brugg AG", "lat": 47.482781, "lon": 8.2083281 }, "geometry": { "type": "Point", "coordinates": [ 2658013.302487597800791, 1259396.952464046189561 ] } },
{ "type": "Feature", "properties": { "osm_id": 2781761072, "name": "Pharmacieplus", "postcode": "6616", "city": "Losone", "lat": 46.167619, "lon": 8.7631381 }, "geometry": { "type": "Point", "coordinates": [ 2702294.705512177664787, 1113767.943822075845674 ] } },
{ "type": "Feature", "properties": { "osm_id": 2813550901, "name": "Adelboden", "postcode": "", "city": "Adelboden", "lat": 46.4930042, "lon": 7.5593059 }, "geometry": { "type": "Point", "coordinates": [ 2609264.147616951260716, 1149083.581611923174933 ] } },
{ "type": "Feature", "properties": { "osm_id": 2818875628, "name": "Schröter", "postcode": "3422", "city": "Kirchberg", "lat": 47.0866981, "lon": 7.5839465 }, "geometry": { "type": "Point", "coordinates": [ 2611034.410103589296341, 1215086.743819592753425 ] } },
{ "type": "Feature", "properties": { "osm_id": 2837440006, "name": "Pharmacie Populaire Caroll", "postcode": "1213", "city": "Petit-Lancy", "lat": 46.1914043, "lon": 6.1094528 }, "geometry": { "type": "Point", "coordinates": [ 2497387.10831211740151, 1116420.234021321870387 ] } },
{ "type": "Feature", "properties": { "osm_id": 2843831263, "name": "Sun Store", "postcode": "", "city": "", "lat": 46.5226226, "lon": 6.6271508 }, "geometry": { "type": "Point", "coordinates": [ 2537732.721690570935607, 1152692.100045288680121 ] } },
{ "type": "Feature", "properties": { "osm_id": 2850354168, "name": "La Grande Pharmacie de Prilly Malley", "postcode": "1008", "city": "Prilly", "lat": 46.5285143, "lon": 6.603605 }, "geometry": { "type": "Point", "coordinates": [ 2535933.053846409078687, 1153366.009645241312683 ] } },
{ "type": "Feature", "properties": { "osm_id": 2853179791, "name": "Berg-Apotheke", "postcode": "5612", "city": "Villmergen", "lat": 47.3463872, "lon": 8.2453169 }, "geometry": { "type": "Point", "coordinates": [ 2660956.926786113530397, 1244261.012777239549905 ] } },
{ "type": "Feature", "properties": { "osm_id": 2862314198, "name": "Apotheke F. Marty", "postcode": "", "city": "", "lat": 46.3163456, "lon": 7.9883158 }, "geometry": { "type": "Point", "coordinates": [ 2642338.702882836572826, 1129586.197699062526226 ] } },
{ "type": "Feature", "properties": { "osm_id": 2862331011, "name": "Pfammatter Apotheke", "postcode": "3900", "city": "Brig", "lat": 46.3172169, "lon": 7.9882957 }, "geometry": { "type": "Point", "coordinates": [ 2642336.476780404802412, 1129683.042689583031461 ] } },
{ "type": "Feature", "properties": { "osm_id": 2862331012, "name": "Rhodania Apotheke", "postcode": "", "city": "", "lat": 46.3151744, "lon": 7.9861607 }, "geometry": { "type": "Point", "coordinates": [ 2642173.61599856801331, 1129454.844632149906829 ] } },
{ "type": "Feature", "properties": { "osm_id": 2866713960, "name": "Rigi Apotheke", "postcode": "", "city": "", "lat": 47.0506341, "lon": 8.5502605 }, "geometry": { "type": "Point", "coordinates": [ 2684464.167339615989476, 1211665.058193154865876 ] } },
{ "type": "Feature", "properties": { "osm_id": 2878064546, "name": "Coop Vitality", "postcode": "4104", "city": "Oberwil BL", "lat": 47.5147822, "lon": 7.5579469 }, "geometry": { "type": "Point", "coordinates": [ 2608988.317068967968225, 1262677.719305775826797 ] } },
{ "type": "Feature", "properties": { "osm_id": 2885594255, "name": "Pharmacieplus de la Fauvette", "postcode": "", "city": "", "lat": 46.5261904, "lon": 6.6517559 }, "geometry": { "type": "Point", "coordinates": [ 2539624.64359386684373, 1153069.428402942372486 ] } },
{ "type": "Feature", "properties": { "osm_id": 2902783538, "name": "Apotheke Kempten", "postcode": "8623", "city": "Wetzikon (ZH)", "lat": 47.3315882, "lon": 8.8077956 }, "geometry": { "type": "Point", "coordinates": [ 2703485.427322881296277, 1243205.142123983241618 ] } },
{ "type": "Feature", "properties": { "osm_id": 2902973304, "name": "Löwen-Apotheke", "postcode": "", "city": "", "lat": 47.4049414, "lon": 8.4022509 }, "geometry": { "type": "Point", "coordinates": [ 2672735.02636185567826, 1250904.437362203607336 ] } },
{ "type": "Feature", "properties": { "osm_id": 2917014451, "name": "Benu", "postcode": "", "city": "", "lat": 46.1121152, "lon": 7.0769646 }, "geometry": { "type": "Point", "coordinates": [ 2572036.419047072064131, 1106799.710996897658333 ] } },
{ "type": "Feature", "properties": { "osm_id": 2921525228, "name": "Bahnhof-Apotheke", "postcode": "8802", "city": "Kilchberg ZH", "lat": 47.3241085, "lon": 8.5484968 }, "geometry": { "type": "Point", "coordinates": [ 2683900.164255551062524, 1242064.026229591108859 ] } },
{ "type": "Feature", "properties": { "osm_id": 2938031296, "name": "Farmacia del Lago", "postcode": "6600", "city": "Muralto", "lat": 46.17196, "lon": 8.8015968 }, "geometry": { "type": "Point", "coordinates": [ 2705256.31022687908262, 1114301.315038934815675 ] } },
{ "type": "Feature", "properties": { "osm_id": 2938031716, "name": "Farmacia Maggiorini", "postcode": "6600", "city": "Locarno", "lat": 46.1704824, "lon": 8.7988822 }, "geometry": { "type": "Point", "coordinates": [ 2705049.539557036012411, 1114133.443014393560588 ] } },
{ "type": "Feature", "properties": { "osm_id": 2943962264, "name": "Pharmacie de Puplinge", "postcode": "1241", "city": "Puplinge", "lat": 46.211436, "lon": 6.2324632 }, "geometry": { "type": "Point", "coordinates": [ 2506916.925598291214556, 1118493.138418650720268 ] } },
{ "type": "Feature", "properties": { "osm_id": 2946129733, "name": "Sun Store", "postcode": "", "city": "", "lat": 46.2321366, "lon": 6.1116732 }, "geometry": { "type": "Point", "coordinates": [ 2497635.195299123413861, 1120944.701473818626255 ] } },
{ "type": "Feature", "properties": { "osm_id": 2949153092, "name": "Sun Store", "postcode": "", "city": "", "lat": 46.9477814, "lon": 7.38316 }, "geometry": { "type": "Point", "coordinates": [ 2595776.844538504257798, 1199634.53047583764419 ] } },
{ "type": "Feature", "properties": { "osm_id": 2955574980, "name": "Apotheke Herblingermarkt", "postcode": "8207", "city": "Schaffhausen", "lat": 47.7208609, "lon": 8.6647564 }, "geometry": { "type": "Point", "coordinates": [ 2691998.742898121476173, 1286303.447213549632579 ] } },
{ "type": "Feature", "properties": { "osm_id": 2969139661, "name": "Sun Store", "postcode": "", "city": "", "lat": 46.2113363, "lon": 7.2576843 }, "geometry": { "type": "Point", "coordinates": [ 2586034.371053150855005, 1117781.162107854848728 ] } },
{ "type": "Feature", "properties": { "osm_id": 2977357733, "name": "Pharmacie de Ruchonnet", "postcode": "1003", "city": "Lausanne", "lat": 46.518452, "lon": 6.625894 }, "geometry": { "type": "Point", "coordinates": [ 2537631.476641750428826, 1152229.498395136091858 ] } },
{ "type": "Feature", "properties": { "osm_id": 2980043832, "name": "Coop Vitality", "postcode": "", "city": "", "lat": 46.9493911, "lon": 7.4413299 }, "geometry": { "type": "Point", "coordinates": [ 2600205.352986595127732, 1199811.937779087806121 ] } },
{ "type": "Feature", "properties": { "osm_id": 3016773030, "name": "Coop Vitality", "postcode": "1110", "city": "Morges", "lat": 46.510173, "lon": 6.4973807 }, "geometry": { "type": "Point", "coordinates": [ 2527759.004440443590283, 1151419.658198298653588 ] } },
{ "type": "Feature", "properties": { "osm_id": 3018414389, "name": "medic2go", "postcode": "7017", "city": "Flims Dorf", "lat": 46.8358373, "lon": 9.2838032 }, "geometry": { "type": "Point", "coordinates": [ 2740753.778008754830807, 1188842.790057451929897 ] } },
{ "type": "Feature", "properties": { "osm_id": 3020411335, "name": "Farmacia Giardino", "postcode": "6877", "city": "Coldrerio", "lat": 45.8545985, "lon": 8.9922034 }, "geometry": { "type": "Point", "coordinates": [ 2720673.08427838049829, 1079301.692042489070445 ] } },
{ "type": "Feature", "properties": { "osm_id": 3020648826, "name": "Farmacia Santa Chiara", "postcode": "", "city": "", "lat": 45.843526, "lon": 9.0295478 }, "geometry": { "type": "Point", "coordinates": [ 2723598.396071964874864, 1078129.164902417687699 ] } },
{ "type": "Feature", "properties": { "osm_id": 3037562770, "name": "Farmacia Amavita Lurà", "postcode": "6850", "city": "Mendrisio", "lat": 45.8704729, "lon": 8.9863709 }, "geometry": { "type": "Point", "coordinates": [ 2720185.282926904968917, 1081057.135791157837957 ] } },
{ "type": "Feature", "properties": { "osm_id": 3037605478, "name": "Farmacia Quattrini", "postcode": "", "city": "", "lat": 45.870064, "lon": 8.9885661 }, "geometry": { "type": "Point", "coordinates": [ 2720356.622609240468591, 1081015.053515309933573 ] } },
{ "type": "Feature", "properties": { "osm_id": 3044023756, "name": "Farmacia Camponovo", "postcode": "", "city": "", "lat": 45.8488954, "lon": 9.0076018 }, "geometry": { "type": "Point", "coordinates": [ 2721881.683090352918953, 1078691.615891172550619 ] } },
{ "type": "Feature", "properties": { "osm_id": 3050568436, "name": "San Gottardo", "postcode": "", "city": "", "lat": 45.8326181, "lon": 9.0329268 }, "geometry": { "type": "Point", "coordinates": [ 2723885.522599965333939, 1076922.119338653283194 ] } },
{ "type": "Feature", "properties": { "osm_id": 3050568448, "name": "Farmacia Internazionale", "postcode": "", "city": "", "lat": 45.8330109, "lon": 9.0315514 }, "geometry": { "type": "Point", "coordinates": [ 2723777.773356839548796, 1076963.606383028673008 ] } },
{ "type": "Feature", "properties": { "osm_id": 3050580602, "name": "Farmacia Chiesa", "postcode": "", "city": "", "lat": 45.8345529, "lon": 9.0288583 }, "geometry": { "type": "Point", "coordinates": [ 2723565.057642188388854, 1077130.748484086245298 ] } },
{ "type": "Feature", "properties": { "osm_id": 3050587431, "name": "Farmacia Centrale", "postcode": "", "city": "", "lat": 45.8333881, "lon": 9.0303635 }, "geometry": { "type": "Point", "coordinates": [ 2723684.628518742974848, 1077003.657082962570712 ] } },
{ "type": "Feature", "properties": { "osm_id": 3050622353, "name": "Farmacia Chiassese", "postcode": "", "city": "", "lat": 45.8341463, "lon": 9.034919 }, "geometry": { "type": "Point", "coordinates": [ 2724036.850545718800277, 1077095.122022753115743 ] } },
{ "type": "Feature", "properties": { "osm_id": 3051936026, "name": "Farmacia Quisiana", "postcode": "", "city": "", "lat": 45.8406291, "lon": 8.9798302 }, "geometry": { "type": "Point", "coordinates": [ 2719742.626011761836708, 1077730.062718843342736 ] } },
{ "type": "Feature", "properties": { "osm_id": 3052449092, "name": "Internationale Apotheke Dr. Bruhin", "postcode": "8853", "city": "Lachen SZ", "lat": 47.1922896, "lon": 8.8539113 }, "geometry": { "type": "Point", "coordinates": [ 2707249.950486590154469, 1227782.497937660198659 ] } },
{ "type": "Feature", "properties": { "osm_id": 3053943937, "name": "Farmacia Nuova", "postcode": "6830", "city": "Chiasso", "lat": 45.8347168, "lon": 9.0200464 }, "geometry": { "type": "Point", "coordinates": [ 2722880.067315831780434, 1077135.122396962950006 ] } },
{ "type": "Feature", "properties": { "osm_id": 3057786868, "name": "Farmacia Del Corso", "postcode": "", "city": "", "lat": 45.8355625, "lon": 9.0266628 }, "geometry": { "type": "Point", "coordinates": [ 2723392.210666471160948, 1077239.5060729382094 ] } },
{ "type": "Feature", "properties": { "osm_id": 3062858705, "name": "Rhein Apotheke", "postcode": "7430", "city": "Thusis", "lat": 46.6979861, "lon": 9.4394164 }, "geometry": { "type": "Point", "coordinates": [ 2753012.644994288682938, 1173814.159056975506246 ] } },
{ "type": "Feature", "properties": { "osm_id": 3063258564, "name": "Pharmacie Rose Rouge", "postcode": "1020", "city": "Renens", "lat": 46.5361536, "lon": 6.5877377 }, "geometry": { "type": "Point", "coordinates": [ 2534724.930526383221149, 1154228.290180272655562 ] } },
{ "type": "Feature", "properties": { "osm_id": 3067074488, "name": "Farmacia Liver", "postcode": "", "city": "", "lat": 45.8353204, "lon": 9.0313812 }, "geometry": { "type": "Point", "coordinates": [ 2723759.336624847725034, 1077220.031078150495887 ] } },
{ "type": "Feature", "properties": { "osm_id": 3089170319, "name": "Amavita", "postcode": "", "city": "", "lat": 46.5378655, "lon": 6.5816202 }, "geometry": { "type": "Point", "coordinates": [ 2534257.741222680546343, 1154423.700244984589517 ] } },
{ "type": "Feature", "properties": { "osm_id": 3099910646, "name": "Pharmacie des Puits", "postcode": "1868", "city": "Collombey", "lat": 46.2665629, "lon": 6.9467864 }, "geometry": { "type": "Point", "coordinates": [ 2562079.690433527342975, 1124023.572174647590145 ] } },
{ "type": "Feature", "properties": { "osm_id": 3114297568, "name": "Sunstore", "postcode": "", "city": "", "lat": 46.5218545, "lon": 6.6300254 }, "geometry": { "type": "Point", "coordinates": [ 2537952.406289509031922, 1152604.436775112291798 ] } },
{ "type": "Feature", "properties": { "osm_id": 3114484007, "name": "TopPharm", "postcode": "3270", "city": "Aarberg", "lat": 47.0441648, "lon": 7.2753366 }, "geometry": { "type": "Point", "coordinates": [ 2587590.633976716548204, 1210361.163059472106397 ] } },
{ "type": "Feature", "properties": { "osm_id": 3114848287, "name": "Amavita Apotheke", "postcode": "7000", "city": "Chur", "lat": 46.8531771, "lon": 9.5297591 }, "geometry": { "type": "Point", "coordinates": [ 2759460.295514373574406, 1191240.458445601165295 ] } },
{ "type": "Feature", "properties": { "osm_id": 3141319503, "name": "Pharmacie de Genolier", "postcode": "", "city": "", "lat": 46.4354508, "lon": 6.2166626 }, "geometry": { "type": "Point", "coordinates": [ 2506086.086432242300361, 1143411.640194736188278 ] } },
{ "type": "Feature", "properties": { "osm_id": 3142257363, "name": "Farmacia di Besso", "postcode": "", "city": "", "lat": 46.0067366, "lon": 8.9417959 }, "geometry": { "type": "Point", "coordinates": [ 2716434.076913847588003, 1096135.202988756587729 ] } },
{ "type": "Feature", "properties": { "osm_id": 3142488696, "name": "Apotheke Süssbach", "postcode": "5200", "city": "Brugg AG", "lat": 47.4824903, "lon": 8.2035306 }, "geometry": { "type": "Point", "coordinates": [ 2657652.037404828704894, 1259361.097833024105057 ] } },
{ "type": "Feature", "properties": { "osm_id": 3152816581, "name": "Farmacia Ferrazzini", "postcode": "", "city": "", "lat": 45.8689267, "lon": 8.9851344 }, "geometry": { "type": "Point", "coordinates": [ 2720092.666196714155376, 1080883.385871505364776 ] } },
{ "type": "Feature", "properties": { "osm_id": 3152816583, "name": "Farmacia Accademia", "postcode": "6850", "city": "Mendrisio", "lat": 45.8686578, "lon": 8.9857439 }, "geometry": { "type": "Point", "coordinates": [ 2720140.580420261714607, 1080854.431670135818422 ] } },
{ "type": "Feature", "properties": { "osm_id": 3159437161, "name": "Coop Vitality", "postcode": "8953", "city": "Dietikon", "lat": 47.4187942, "lon": 8.3920842 }, "geometry": { "type": "Point", "coordinates": [ 2671948.965254097711295, 1252435.151771990815178 ] } },
{ "type": "Feature", "properties": { "osm_id": 3169247143, "name": "Pharmacia Centrale", "postcode": "", "city": "", "lat": 46.1517314, "lon": 8.9461626 }, "geometry": { "type": "Point", "coordinates": [ 2716462.545627454761416, 1112257.254578555235639 ] } },
{ "type": "Feature", "properties": { "osm_id": 3185483687, "name": "Zum Anker", "postcode": "", "city": "", "lat": 47.3906306, "lon": 9.3877297 }, "geometry": { "type": "Point", "coordinates": [ 2747147.631715786643326, 1250694.529904248658568 ] } },
{ "type": "Feature", "properties": { "osm_id": 3200645639, "name": "Pharmacie du Mont", "postcode": "1052", "city": "Le Mont-sur-Lausanne", "lat": 46.5621617, "lon": 6.631814 }, "geometry": { "type": "Point", "coordinates": [ 2538135.81028503831476, 1157083.556942612864077 ] } },
{ "type": "Feature", "properties": { "osm_id": 3238476398, "name": "Farmacia Celesia", "postcode": "", "city": "", "lat": 46.1689996, "lon": 8.794577 }, "geometry": { "type": "Point", "coordinates": [ 2704719.936158230993897, 1113962.875652314163744 ] } },
{ "type": "Feature", "properties": { "osm_id": 3239028222, "name": "Farmacia Varini", "postcode": "", "city": "", "lat": 46.1698028, "lon": 8.7966616 }, "geometry": { "type": "Point", "coordinates": [ 2704879.370140221901238, 1114054.935189818497747 ] } },
{ "type": "Feature", "properties": { "osm_id": 3239149685, "name": "Sun Store", "postcode": "", "city": "", "lat": 46.1675705, "lon": 8.794616 }, "geometry": { "type": "Point", "coordinates": [ 2704725.693574173841625, 1113804.08466199436225 ] } },
{ "type": "Feature", "properties": { "osm_id": 3242633020, "name": "Farmacia Bernasconi", "postcode": "6877", "city": "Coldrerio", "lat": 45.8566991, "lon": 8.9879534 }, "geometry": { "type": "Point", "coordinates": [ 2720338.394695740193129, 1079528.639265399891883 ] } },
{ "type": "Feature", "properties": { "osm_id": 3243137283, "name": "Farmacia Signer", "postcode": "", "city": "", "lat": 45.8488143, "lon": 8.9382404 }, "geometry": { "type": "Point", "coordinates": [ 2716494.298438580241054, 1078577.208260724553838 ] } },
{ "type": "Feature", "properties": { "osm_id": 3246024362, "name": "TopPharm Glattpark Apotheke", "postcode": "8152", "city": "Glattpark (Opfikon)", "lat": 47.4208575, "lon": 8.5579708 }, "geometry": { "type": "Point", "coordinates": [ 2684462.864074452314526, 1252829.853991480311379 ] } },
{ "type": "Feature", "properties": { "osm_id": 3266767362, "name": "Farmacia San Nicolao", "postcode": "6883", "city": "Novazzano", "lat": 45.8424478, "lon": 8.9886915 }, "geometry": { "type": "Point", "coordinates": [ 2720427.022784153465182, 1077945.773426888277754 ] } },
{ "type": "Feature", "properties": { "osm_id": 3267887805, "name": "Amavita", "postcode": "6314", "city": "Unterägeri", "lat": 47.1382235, "lon": 8.5795196 }, "geometry": { "type": "Point", "coordinates": [ 2686545.614540278445929, 1221433.593027689261362 ] } },
{ "type": "Feature", "properties": { "osm_id": 3279865558, "name": "Farmacia Boscolo", "postcode": "6780", "city": "Airolo", "lat": 46.5284456, "lon": 8.6108544 }, "geometry": { "type": "Point", "coordinates": [ 2689935.073730740230531, 1153687.684990491950884 ] } },
{ "type": "Feature", "properties": { "osm_id": 3287722417, "name": "Apotheke Dr. Lanz", "postcode": "", "city": "", "lat": 47.2112052, "lon": 7.7886355 }, "geometry": { "type": "Point", "coordinates": [ 2626515.492420686874539, 1228977.626433103345335 ] } },
{ "type": "Feature", "properties": { "osm_id": 3287722419, "name": "Turm Apotheke", "postcode": "4900", "city": "Langenthal", "lat": 47.2133639, "lon": 7.7897279 }, "geometry": { "type": "Point", "coordinates": [ 2626597.176870315335691, 1229217.990812376607209 ] } },
{ "type": "Feature", "properties": { "osm_id": 3288706425, "name": "TopPharm", "postcode": "4142", "city": "Münchenstein", "lat": 47.5228203, "lon": 7.6178074 }, "geometry": { "type": "Point", "coordinates": [ 2613495.366352932527661, 1263579.979663932928815 ] } },
{ "type": "Feature", "properties": { "osm_id": 3292626761, "name": "Apotheke Küpfer", "postcode": "3360", "city": "Herzogenbuchsee", "lat": 47.187674, "lon": 7.7037843 }, "geometry": { "type": "Point", "coordinates": [ 2620096.274439193308353, 1226336.382402933901176 ] } },
{ "type": "Feature", "properties": { "osm_id": 3292663524, "name": "Buchsi Apotheke", "postcode": "3360", "city": "Herzogenbuchsee", "lat": 47.1877785, "lon": 7.7058433 }, "geometry": { "type": "Point", "coordinates": [ 2620252.286720065400004, 1226348.528167808894068 ] } },
{ "type": "Feature", "properties": { "osm_id": 3294299949, "name": "Ambassador-Apotheke", "postcode": "", "city": "", "lat": 47.2073036, "lon": 7.5330791 }, "geometry": { "type": "Point", "coordinates": [ 2607155.876718835439533, 1228489.219844043953344 ] } },
{ "type": "Feature", "properties": { "osm_id": 3294336417, "name": "Farmacia Moderna", "postcode": "6830", "city": "Chiasso", "lat": 45.8376333, "lon": 9.0230675 }, "geometry": { "type": "Point", "coordinates": [ 2723108.236350435763597, 1077464.019624086562544 ] } },
{ "type": "Feature", "properties": { "osm_id": 3297089561, "name": "Dorfplatz Apotheke", "postcode": "2557", "city": "Studen BE", "lat": 47.112847, "lon": 7.301587 }, "geometry": { "type": "Point", "coordinates": [ 2589598.94262121617794, 1217992.947756596375257 ] } },
{ "type": "Feature", "properties": { "osm_id": 3324296279, "name": "Amavita", "postcode": "", "city": "", "lat": 47.4172148, "lon": 9.3160081 }, "geometry": { "type": "Point", "coordinates": [ 2741663.329868885688484, 1253517.342722181463614 ] } },
{ "type": "Feature", "properties": { "osm_id": 3324354373, "name": "Amavita", "postcode": "8134", "city": "Adliswil", "lat": 47.3115344, "lon": 8.5250697 }, "geometry": { "type": "Point", "coordinates": [ 2682148.672162305098027, 1240641.385985164204612 ] } },
{ "type": "Feature", "properties": { "osm_id": 3324442093, "name": "Amavita", "postcode": "8910", "city": "Affoltern am Albis", "lat": 47.2771659, "lon": 8.449761 }, "geometry": { "type": "Point", "coordinates": [ 2676503.952822740655392, 1236744.530286729335785 ] } },
{ "type": "Feature", "properties": { "osm_id": 3324778715, "name": "Apotheke Lintheschergasse", "postcode": "8001", "city": "Zürich", "lat": 47.3751603, "lon": 8.5379795 }, "geometry": { "type": "Point", "coordinates": [ 2683025.650750210974365, 1247728.280391200678423 ] } },
{ "type": "Feature", "properties": { "osm_id": 3325785883, "name": "Farmacia Nazionale", "postcode": "6500", "city": "Bellinzona", "lat": 46.1909443, "lon": 9.0225339 }, "geometry": { "type": "Point", "coordinates": [ 2722273.776896552648395, 1116731.741064836271107 ] } },
{ "type": "Feature", "properties": { "osm_id": 3325785884, "name": "Farmacia Teatro", "postcode": "6500", "city": "Bellinzona", "lat": 46.1912595, "lon": 9.0213983 }, "geometry": { "type": "Point", "coordinates": [ 2722185.415447708684951, 1116765.0038553616032 ] } },
{ "type": "Feature", "properties": { "osm_id": 3325925745, "name": "Amavita Paradies", "postcode": "4123", "city": "Allschwil", "lat": 47.5474625, "lon": 7.5540621 }, "geometry": { "type": "Point", "coordinates": [ 2608690.383081410545856, 1266310.928863401524723 ] } },
{ "type": "Feature", "properties": { "osm_id": 3348691375, "name": "Farmacia Ferregutti", "postcode": "6850", "city": "Mendrisio", "lat": 45.870175, "lon": 8.9882833 }, "geometry": { "type": "Point", "coordinates": [ 2720334.421293552499264, 1081026.956984241493046 ] } },
{ "type": "Feature", "properties": { "osm_id": 3358077152, "name": "Spillmann", "postcode": "6300", "city": "Zug", "lat": 47.1687951, "lon": 8.515584 }, "geometry": { "type": "Point", "coordinates": [ 2681649.261499748099595, 1224763.545351273147389 ] } },
{ "type": "Feature", "properties": { "osm_id": 3405706448, "name": "Pharmacie de la Rosière", "postcode": "", "city": "", "lat": 46.9917118, "lon": 6.9166316 }, "geometry": { "type": "Point", "coordinates": [ 2560292.598512918688357, 1204649.44401953369379 ] } },
{ "type": "Feature", "properties": { "osm_id": 3417886382, "name": "Pharmacie Amavita Ancien Stand", "postcode": "", "city": "", "lat": 46.5328295, "lon": 6.6274636 }, "geometry": { "type": "Point", "coordinates": [ 2537768.475564559921622, 1153826.445709391497076 ] } },
{ "type": "Feature", "properties": { "osm_id": 3417906704, "name": "Pharmacie des Bergieres", "postcode": "", "city": "", "lat": 46.5306541, "lon": 6.6192461 }, "geometry": { "type": "Point", "coordinates": [ 2537135.541055106557906, 1153591.192669562064111 ] } },
{ "type": "Feature", "properties": { "osm_id": 3421417545, "name": "Innoval Apotheke", "postcode": "6370", "city": "Stans", "lat": 46.9577799, "lon": 8.3658405 }, "geometry": { "type": "Point", "coordinates": [ 2670574.181447028182447, 1201160.983127894578502 ] } },
{ "type": "Feature", "properties": { "osm_id": 3463500795, "name": "Schloss Apotheke", "postcode": "", "city": "", "lat": 47.1257132, "lon": 7.2402408 }, "geometry": { "type": "Point", "coordinates": [ 2584946.622201810125262, 1219433.353227000916377 ] } },
{ "type": "Feature", "properties": { "osm_id": 3475058343, "name": "Amavita", "postcode": "", "city": "", "lat": 46.9224696, "lon": 7.4597249 }, "geometry": { "type": "Point", "coordinates": [ 2601606.503318788483739, 1196819.257732611149549 ] } },
{ "type": "Feature", "properties": { "osm_id": 3483539451, "name": "Apotheke Schmitten AG", "postcode": "3185", "city": "Schmitten FR", "lat": 46.8544756, "lon": 7.2499942 }, "geometry": { "type": "Point", "coordinates": [ 2585613.775298053398728, 1189277.675619352376089 ] } },
{ "type": "Feature", "properties": { "osm_id": 3487640557, "name": "Schermen Apotheke", "postcode": "3018", "city": "Bern", "lat": 46.9442756, "lon": 7.3992727 }, "geometry": { "type": "Point", "coordinates": [ 2597003.314386941492558, 1199244.031704998807982 ] } },
{ "type": "Feature", "properties": { "osm_id": 3515623006, "name": "Pharmacie du rocher", "postcode": "", "city": "", "lat": 46.5256992, "lon": 6.6339803 }, "geometry": { "type": "Point", "coordinates": [ 2538260.259259805083275, 1153028.686256419401616 ] } },
{ "type": "Feature", "properties": { "osm_id": 3522132664, "name": "Sun Store", "postcode": "", "city": "", "lat": 46.5229345, "lon": 6.6318153 }, "geometry": { "type": "Point", "coordinates": [ 2538090.983108026906848, 1152723.072510898346081 ] } },
{ "type": "Feature", "properties": { "osm_id": 3522220736, "name": "Pharmacie internationale Golaz", "postcode": "", "city": "", "lat": 46.5200729, "lon": 6.6333252 }, "geometry": { "type": "Point", "coordinates": [ 2538203.564915942028165, 1152403.785668587777764 ] } },
{ "type": "Feature", "properties": { "osm_id": 3523102254, "name": "TopPharm Apotheke Höschgasse", "postcode": "8008", "city": "Zürich", "lat": 47.3577116, "lon": 8.5547536 }, "geometry": { "type": "Point", "coordinates": [ 2684319.975095030386001, 1245806.381682098843157 ] } },
{ "type": "Feature", "properties": { "osm_id": 3526636047, "name": "Gill-Apotheke", "postcode": "9642", "city": "Ebnat-Kappel", "lat": 47.2656276, "lon": 9.1216217 }, "geometry": { "type": "Point", "coordinates": [ 2727359.247774762567133, 1236334.735704218503088 ] } },
{ "type": "Feature", "properties": { "osm_id": 3541189612, "name": "Sun Store", "postcode": "", "city": "", "lat": 46.2286123, "lon": 7.3559848 }, "geometry": { "type": "Point", "coordinates": [ 2593622.737270656041801, 1119688.811983799096197 ] } },
{ "type": "Feature", "properties": { "osm_id": 3551593268, "name": "Pill Apotheke Fröhlichstrasse", "postcode": "8008", "city": "Zürich", "lat": 47.355307, "lon": 8.557001 }, "geometry": { "type": "Point", "coordinates": [ 2684493.557756848167628, 1245541.479212062200531 ] } },
{ "type": "Feature", "properties": { "osm_id": 3561718258, "name": "Dropa Rapperswil", "postcode": "8640", "city": "Rapperswil", "lat": 47.2289081, "lon": 8.8202964 }, "geometry": { "type": "Point", "coordinates": [ 2704631.195887521840632, 1231807.597316922387108 ] } },
{ "type": "Feature", "properties": { "osm_id": 3561848901, "name": "Coop Vitality", "postcode": "8050", "city": "Zürich", "lat": 47.4132145, "lon": 8.5407512 }, "geometry": { "type": "Point", "coordinates": [ 2683175.540188909508288, 1251961.770004007034004 ] } },
{ "type": "Feature", "properties": { "osm_id": 3569466897, "name": "Farmacia Solduno", "postcode": "6600", "city": "Solduno", "lat": 46.1692214, "lon": 8.7782215 }, "geometry": { "type": "Point", "coordinates": [ 2703456.48849123949185, 1113965.828719592653215 ] } },
{ "type": "Feature", "properties": { "osm_id": 3569481793, "name": "Farmacia Soldati SA", "postcode": "6600", "city": "Solduno", "lat": 46.1696746, "lon": 8.7815314 }, "geometry": { "type": "Point", "coordinates": [ 2703711.227102533914149, 1114020.571764178341255 ] } },
{ "type": "Feature", "properties": { "osm_id": 3575546294, "name": "Farmacia Sant' Antonio", "postcode": "6816", "city": "Bissone", "lat": 45.9510819, "lon": 8.964989 }, "geometry": { "type": "Point", "coordinates": [ 2718350.768403792753816, 1089984.076182399876416 ] } },
{ "type": "Feature", "properties": { "osm_id": 3599351411, "name": "Sun Store", "postcode": "", "city": "", "lat": 46.1929631, "lon": 6.1431309 }, "geometry": { "type": "Point", "coordinates": [ 2499989.660159901715815, 1116549.943220548098907 ] } },
{ "type": "Feature", "properties": { "osm_id": 3618304629, "name": "Apotheke Zum Regenbogen", "postcode": "", "city": "", "lat": 47.3864467, "lon": 9.2784087 }, "geometry": { "type": "Point", "coordinates": [ 2738906.903226961847395, 1250030.170493494020775 ] } },
{ "type": "Feature", "properties": { "osm_id": 3618874376, "name": "Pharmacie de Begnins", "postcode": "1268", "city": "Begnins", "lat": 46.4408841, "lon": 6.2473849 }, "geometry": { "type": "Point", "coordinates": [ 2508456.215265202336013, 1143979.197690552799031 ] } },
{ "type": "Feature", "properties": { "osm_id": 3622428198, "name": "Farmacia Amavita Realini", "postcode": "6616", "city": "Losone", "lat": 46.1643739, "lon": 8.768779 }, "geometry": { "type": "Point", "coordinates": [ 2702736.443685954902321, 1113414.622821915196255 ] } },
{ "type": "Feature", "properties": { "osm_id": 3622682583, "name": "Cysat Apotheke", "postcode": "6003", "city": "Luzern", "lat": 47.0492114, "lon": 8.3061459 }, "geometry": { "type": "Point", "coordinates": [ 2665918.394264076836407, 1211273.020670620491728 ] } },
{ "type": "Feature", "properties": { "osm_id": 3622682584, "name": "Neustadt Apotheke", "postcode": "6003", "city": "Luzern", "lat": 47.0454013, "lon": 8.3069846 }, "geometry": { "type": "Point", "coordinates": [ 2665986.806567058432847, 1210850.171889312099665 ] } },
{ "type": "Feature", "properties": { "osm_id": 3645780293, "name": "Apotheke Paradeplatz", "postcode": "8001", "city": "Zürich", "lat": 47.3698659, "lon": 8.5403094 }, "geometry": { "type": "Point", "coordinates": [ 2683209.862184641417116, 1247142.164099429035559 ] } },
{ "type": "Feature", "properties": { "osm_id": 3657090545, "name": "Farmacia Stazione", "postcode": "6850", "city": "Mendrisio", "lat": 45.8685255, "lon": 8.9785131 }, "geometry": { "type": "Point", "coordinates": [ 2719579.429973067250103, 1080828.677868896396831 ] } },
{ "type": "Feature", "properties": { "osm_id": 3659556587, "name": "Apotheke Maienfeld", "postcode": "7304", "city": "Maienfeld", "lat": 47.0053023, "lon": 9.5301027 }, "geometry": { "type": "Point", "coordinates": [ 2759035.657445981632918, 1208146.954528586473316 ] } },
{ "type": "Feature", "properties": { "osm_id": 3661128925, "name": "Droguerie Herboristerie du Jura", "postcode": "", "city": "", "lat": 46.3837578, "lon": 6.23586 }, "geometry": { "type": "Point", "coordinates": [ 2507473.142495708540082, 1137643.029432480921969 ] } },
{ "type": "Feature", "properties": { "osm_id": 3661620533, "name": "Sun Store", "postcode": "", "city": "", "lat": 46.3824606, "lon": 6.238161 }, "geometry": { "type": "Point", "coordinates": [ 2507647.928692684043199, 1137496.128018361516297 ] } },
{ "type": "Feature", "properties": { "osm_id": 3668717878, "name": "Farmacia Stazione", "postcode": "", "city": "", "lat": 46.195062, "lon": 9.0280469 }, "geometry": { "type": "Point", "coordinates": [ 2722690.039478366263211, 1117198.000785575248301 ] } },
{ "type": "Feature", "properties": { "osm_id": 3670528299, "name": "Pharmacie de St-Blaise, P. Breguet", "postcode": "2072", "city": "Saint-Blaise", "lat": 47.013344, "lon": 6.9862682 }, "geometry": { "type": "Point", "coordinates": [ 2565603.543205409310758, 1207021.315134745789692 ] } },
{ "type": "Feature", "properties": { "osm_id": 3676259402, "name": "Pharmacieplus", "postcode": "", "city": "Châtelaine", "lat": 46.2114028, "lon": 6.1129341 }, "geometry": { "type": "Point", "coordinates": [ 2497693.453782121650875, 1118638.504517405526713 ] } },
{ "type": "Feature", "properties": { "osm_id": 3679166115, "name": "Coop Vitality", "postcode": "4242", "city": "Laufen", "lat": 47.419499, "lon": 7.5020706 }, "geometry": { "type": "Point", "coordinates": [ 2604787.789976863656193, 1252078.777319594286382 ] } },
{ "type": "Feature", "properties": { "osm_id": 3679166118, "name": "Medbase Apotheke Stedtli", "postcode": "4242", "city": "Laufen", "lat": 47.4217326, "lon": 7.5006768 }, "geometry": { "type": "Point", "coordinates": [ 2604682.41792958881706, 1252327.034067142987624 ] } },
{ "type": "Feature", "properties": { "osm_id": 3681157582, "name": "Apotheke Parkside", "postcode": "8952", "city": "Schlieren", "lat": 47.3984348, "lon": 8.4477019 }, "geometry": { "type": "Point", "coordinates": [ 2676174.808760282583535, 1250224.191577251534909 ] } },
{ "type": "Feature", "properties": { "osm_id": 3681907088, "name": "Pharmacie Tronchet Thônex", "postcode": "1226", "city": "Thônex", "lat": 46.1931128, "lon": 6.2035459 }, "geometry": { "type": "Point", "coordinates": [ 2504653.401988584548235, 1116491.255544258048758 ] } },
{ "type": "Feature", "properties": { "osm_id": 3681907089, "name": "Pharmacie Thônex-Jeandin", "postcode": "1226", "city": "Thônex", "lat": 46.1926259, "lon": 6.2030743 }, "geometry": { "type": "Point", "coordinates": [ 2504616.145061292219907, 1116437.709864127915353 ] } },
{ "type": "Feature", "properties": { "osm_id": 3681907090, "name": "Sun Store", "postcode": "", "city": "", "lat": 46.1926735, "lon": 6.2013884 }, "geometry": { "type": "Point", "coordinates": [ 2504486.091150058433414, 1116445.054767006076872 ] } },
{ "type": "Feature", "properties": { "osm_id": 3685159312, "name": "pharmacieplus marti", "postcode": "", "city": "Cernier", "lat": 47.0589146, "lon": 6.901185 }, "geometry": { "type": "Point", "coordinates": [ 2559168.93162220902741, 1212128.311218805145472 ] } },
{ "type": "Feature", "properties": { "osm_id": 3685340482, "name": "Benu", "postcode": "", "city": "", "lat": 46.8028847, "lon": 7.1511161 }, "geometry": { "type": "Point", "coordinates": [ 2578051.97245167940855, 1183565.414161188993603 ] } },
{ "type": "Feature", "properties": { "osm_id": 3691482552, "name": "pharmacieplus", "postcode": "", "city": "", "lat": 46.798714, "lon": 7.1532741 }, "geometry": { "type": "Point", "coordinates": [ 2578215.011550857685506, 1183101.164162028580904 ] } },
{ "type": "Feature", "properties": { "osm_id": 3691595907, "name": "Amavita", "postcode": "", "city": "Carouge GE", "lat": 46.1840408, "lon": 6.1418772 }, "geometry": { "type": "Point", "coordinates": [ 2499876.469925166107714, 1115559.827969529433176 ] } },
{ "type": "Feature", "properties": { "osm_id": 3692081673, "name": "Pharmacie de la Fontenette", "postcode": "", "city": "Carouge GE", "lat": 46.1836512, "lon": 6.145813 }, "geometry": { "type": "Point", "coordinates": [ 2500179.610517682507634, 1115511.501381766749546 ] } },
{ "type": "Feature", "properties": { "osm_id": 3701915109, "name": "sternen Apotheke", "postcode": "9450", "city": "Altstätten SG", "lat": 47.3781583, "lon": 9.5405569 }, "geometry": { "type": "Point", "coordinates": [ 2758719.824553263839334, 1249606.23410268779844 ] } },
{ "type": "Feature", "properties": { "osm_id": 3703483115, "name": "Pharmacie Dr.Hagendorf", "postcode": "1700", "city": "Fribourg", "lat": 46.8019679, "lon": 7.1517882 }, "geometry": { "type": "Point", "coordinates": [ 2578102.903493522666395, 1183463.307263299822807 ] } },
{ "type": "Feature", "properties": { "osm_id": 3703483121, "name": "Benu", "postcode": "", "city": "", "lat": 46.7997007, "lon": 7.1524027 }, "geometry": { "type": "Point", "coordinates": [ 2578148.889330768026412, 1183211.096377635374665 ] } },
{ "type": "Feature", "properties": { "osm_id": 3713832205, "name": "PharmaciePlus", "postcode": "2013", "city": "Colombier NE", "lat": 46.9654945, "lon": 6.8582459 }, "geometry": { "type": "Point", "coordinates": [ 2555829.792717693373561, 1201766.189509874908254 ] } },
{ "type": "Feature", "properties": { "osm_id": 3715191917, "name": "Tschupp", "postcode": "5200", "city": "Brugg AG", "lat": 47.4819937, "lon": 8.2072872 }, "geometry": { "type": "Point", "coordinates": [ 2657935.708652674686164, 1259308.651277401484549 ] } },
{ "type": "Feature", "properties": { "osm_id": 3728207867, "name": "Coop Vitality", "postcode": "5070", "city": "Frick", "lat": 47.5088989, "lon": 8.0188264 }, "geometry": { "type": "Point", "coordinates": [ 2643709.252951904200017, 1262178.041596403345466 ] } },
{ "type": "Feature", "properties": { "osm_id": 3728971127, "name": "TopPharm", "postcode": "8500", "city": "Frauenfeld", "lat": 47.5555828, "lon": 8.8975753 }, "geometry": { "type": "Point", "coordinates": [ 2709807.358336532488465, 1268227.893109746277332 ] } },
{ "type": "Feature", "properties": { "osm_id": 3730490315, "name": "Amavita", "postcode": "", "city": "", "lat": 46.5071567, "lon": 6.4854085 }, "geometry": { "type": "Point", "coordinates": [ 2526836.111230459995568, 1151095.487342630513012 ] } },
{ "type": "Feature", "properties": { "osm_id": 3731455951, "name": "Drogerie Stirnemann", "postcode": "", "city": "", "lat": 47.4145342, "lon": 8.1643689 }, "geometry": { "type": "Point", "coordinates": [ 2654770.305166318081319, 1251777.722135286778212 ] } },
{ "type": "Feature", "properties": { "osm_id": 3735051679, "name": "Amavita", "postcode": "1201", "city": "", "lat": 46.2099966, "lon": 6.1424022 }, "geometry": { "type": "Point", "coordinates": [ 2499964.740051590837538, 1118444.151550094364211 ] } },
{ "type": "Feature", "properties": { "osm_id": 3754442929, "name": "Apotheke Gurmels", "postcode": "", "city": "", "lat": 46.8922516, "lon": 7.1746105 }, "geometry": { "type": "Point", "coordinates": [ 2579879.008242553565651, 1193493.850441359682009 ] } },
{ "type": "Feature", "properties": { "osm_id": 3754927752, "name": "TopPharm Zentrum Apotheke", "postcode": "5037", "city": "Muhen", "lat": 47.3344994, "lon": 8.0545662 }, "geometry": { "type": "Point", "coordinates": [ 2646553.728041763417423, 1242808.761157050030306 ] } },
{ "type": "Feature", "properties": { "osm_id": 3758956632, "name": "Farmacia cassarate", "postcode": "6900", "city": "Lugano", "lat": 46.0062588, "lon": 8.9668817 }, "geometry": { "type": "Point", "coordinates": [ 2718378.014734669588506, 1096119.642691422719508 ] } },
{ "type": "Feature", "properties": { "osm_id": 3759950482, "name": "Farmacia del Gambarogno Sa", "postcode": "", "city": "", "lat": 46.1487771, "lon": 8.8628582 }, "geometry": { "type": "Point", "coordinates": [ 2710033.599050918128341, 1111808.637539975112304 ] } },
{ "type": "Feature", "properties": { "osm_id": 3760220361, "name": "Passage Apotheke", "postcode": "8500", "city": "Frauenfeld", "lat": 47.5573557, "lon": 8.8963379 }, "geometry": { "type": "Point", "coordinates": [ 2709710.574257058557123, 1268423.254683540202677 ] } },
{ "type": "Feature", "properties": { "osm_id": 3768118198, "name": "Pharmacie Populaire Moillebeau", "postcode": "1209", "city": "Genève", "lat": 46.2205053, "lon": 6.1298072 }, "geometry": { "type": "Point", "coordinates": [ 2499012.349678163416684, 1119628.352652037516236 ] } },
{ "type": "Feature", "properties": { "osm_id": 3771261479, "name": "TopPharm Apotheke Wattwil", "postcode": "", "city": "", "lat": 47.2998128, "lon": 9.0869572 }, "geometry": { "type": "Point", "coordinates": [ 2724656.580166098661721, 1240078.884038625983521 ] } },
{ "type": "Feature", "properties": { "osm_id": 3776674995, "name": "APODRO Apotheke", "postcode": "8630", "city": "", "lat": 47.2585757, "lon": 8.848725 }, "geometry": { "type": "Point", "coordinates": [ 2706724.534955220296979, 1235143.749308611499146 ] } },
{ "type": "Feature", "properties": { "osm_id": 3784158253, "name": "Dorf Drogerie Ettlin", "postcode": "6472", "city": "Erstfeld", "lat": 46.8209746, "lon": 8.6505602 }, "geometry": { "type": "Point", "coordinates": [ 2692478.903505156282336, 1186249.571315102279186 ] } },
{ "type": "Feature", "properties": { "osm_id": 3785112100, "name": "Farmacia Ascona", "postcode": "", "city": "", "lat": 46.1571614, "lon": 8.7696471 }, "geometry": { "type": "Point", "coordinates": [ 2702817.08924794010818, 1112614.0929599723313 ] } },
{ "type": "Feature", "properties": { "osm_id": 3797857891, "name": "Pharmacie Frey", "postcode": "1680", "city": "Romont FR", "lat": 46.6957027, "lon": 6.9171558 }, "geometry": { "type": "Point", "coordinates": [ 2560113.203875922132283, 1171742.877735407790169 ] } },
{ "type": "Feature", "properties": { "osm_id": 3800650478, "name": "Coop Vitality", "postcode": "8500", "city": "Frauenfeld", "lat": 47.5543561, "lon": 8.8957178 }, "geometry": { "type": "Point", "coordinates": [ 2709670.103610459249467, 1268088.923151374328882 ] } },
{ "type": "Feature", "properties": { "osm_id": 3804694024, "name": "Ameisen-Apotheke", "postcode": "", "city": "", "lat": 47.412993, "lon": 9.1858258 }, "geometry": { "type": "Point", "coordinates": [ 2731852.182810438331217, 1252821.127305678091943 ] } },
{ "type": "Feature", "properties": { "osm_id": 3806510697, "name": "BENU Apotheke", "postcode": "8048", "city": "Zürich", "lat": 47.3913118, "lon": 8.4892603 }, "geometry": { "type": "Point", "coordinates": [ 2679322.453568245284259, 1249473.478074451908469 ] } },
{ "type": "Feature", "properties": { "osm_id": 3815185876, "name": "Central Apotheke Thalwil", "postcode": "8800", "city": "Thalwil", "lat": 47.2956243, "lon": 8.5635764 }, "geometry": { "type": "Point", "coordinates": [ 2685085.420479340478778, 1238913.711921526817605 ] } },
{ "type": "Feature", "properties": { "osm_id": 3840320177, "name": "Fanghöfli Apotheke", "postcode": "6014", "city": "Luzern", "lat": 47.0490686, "lon": 8.2622435 }, "geometry": { "type": "Point", "coordinates": [ 2662582.750101546756923, 1211221.209575195563957 ] } },
{ "type": "Feature", "properties": { "osm_id": 3846699758, "name": "TopPharm Apotheke Ferrari", "postcode": "4665", "city": "Oftringen", "lat": 47.3126248, "lon": 7.9212039 }, "geometry": { "type": "Point", "coordinates": [ 2636489.086787295993418, 1240306.289568449370563 ] } },
{ "type": "Feature", "properties": { "osm_id": 3853288857, "name": "Helios", "postcode": "7250", "city": "Klosters", "lat": 46.8678046, "lon": 9.8820701 }, "geometry": { "type": "Point", "coordinates": [ 2786267.310202053748071, 1193642.270421729888767 ] } },
{ "type": "Feature", "properties": { "osm_id": 3854547458, "name": "Apotheke Gysler", "postcode": "", "city": "", "lat": 47.4212543, "lon": 8.3690218 }, "geometry": { "type": "Point", "coordinates": [ 2670205.495353412814438, 1252687.768590471940115 ] } },
{ "type": "Feature", "properties": { "osm_id": 3876207866, "name": "Sun Store", "postcode": "", "city": "", "lat": 46.2314245, "lon": 7.3617801 }, "geometry": { "type": "Point", "coordinates": [ 2594070.156895822845399, 1120000.971223567379639 ] } },
{ "type": "Feature", "properties": { "osm_id": 3877932857, "name": "Rathaus Apotheke", "postcode": "8500", "city": "Frauenfeld", "lat": 47.5557749, "lon": 8.8970322 }, "geometry": { "type": "Point", "coordinates": [ 2709766.089849781244993, 1268248.488800127292052 ] } },
{ "type": "Feature", "properties": { "osm_id": 3888944673, "name": "cityapotheke", "postcode": "", "city": "", "lat": 47.5531677, "lon": 7.5924644 }, "geometry": { "type": "Point", "coordinates": [ 2611580.077452035155147, 1266950.209193544462323 ] } },
{ "type": "Feature", "properties": { "osm_id": 3888956157, "name": "St. Jakobs-Apotheke", "postcode": "", "city": "", "lat": 47.5516243, "lon": 7.59432 }, "geometry": { "type": "Point", "coordinates": [ 2611720.090925029944628, 1266778.875122969504446 ] } },
{ "type": "Feature", "properties": { "osm_id": 3888976547, "name": "Matthäus Apotheke", "postcode": "4057", "city": "Basel", "lat": 47.5688536, "lon": 7.5965248 }, "geometry": { "type": "Point", "coordinates": [ 2611882.220819591078907, 1268694.907510206568986 ] } },
{ "type": "Feature", "properties": { "osm_id": 3889694696, "name": "Masiello", "postcode": "", "city": "", "lat": 47.0338624, "lon": 8.4260079 }, "geometry": { "type": "Point", "coordinates": [ 2675047.159178757108748, 1209674.391237617004663 ] } },
{ "type": "Feature", "properties": { "osm_id": 3899487414, "name": "Amavita", "postcode": "", "city": "", "lat": 46.9740469, "lon": 7.4848901 }, "geometry": { "type": "Point", "coordinates": [ 2603519.936122468207031, 1202553.94143562251702 ] } },
{ "type": "Feature", "properties": { "osm_id": 3901390239, "name": "Farmacia Stella", "postcode": "", "city": "", "lat": 46.0191428, "lon": 8.9574995 }, "geometry": { "type": "Point", "coordinates": [ 2717623.625235942192376, 1097537.534732725238428 ] } },
{ "type": "Feature", "properties": { "osm_id": 3901646007, "name": "Drogerie Hermann", "postcode": "", "city": "", "lat": 47.1379227, "lon": 8.5810692 }, "geometry": { "type": "Point", "coordinates": [ 2686663.642581191379577, 1221401.86535263992846 ] } },
{ "type": "Feature", "properties": { "osm_id": 3902841928, "name": "Medicus Apotheke", "postcode": "6010", "city": "Kriens", "lat": 47.0336217, "lon": 8.282681 }, "geometry": { "type": "Point", "coordinates": [ 2664154.113364428281784, 1209520.533021307783201 ] } },
{ "type": "Feature", "properties": { "osm_id": 3909885575, "name": "Pharmacie de St-Prex", "postcode": "", "city": "", "lat": 46.4821186, "lon": 6.4571869 }, "geometry": { "type": "Point", "coordinates": [ 2524635.241322496440262, 1148339.08886086451821 ] } },
{ "type": "Feature", "properties": { "osm_id": 3922285757, "name": "Pharmacie Du Galicien", "postcode": "1008", "city": "Prilly", "lat": 46.5293292, "lon": 6.6011447 }, "geometry": { "type": "Point", "coordinates": [ 2535745.266530113760382, 1153458.608914724318311 ] } },
{ "type": "Feature", "properties": { "osm_id": 3928247860, "name": "TopPharm", "postcode": "4052", "city": "Basel", "lat": 47.5480632, "lon": 7.6105606 }, "geometry": { "type": "Point", "coordinates": [ 2612943.452668846584857, 1266385.462209196295589 ] } },
{ "type": "Feature", "properties": { "osm_id": 3928701139, "name": "Farmacia San Luca", "postcode": "", "city": "", "lat": 45.9812504, "lon": 8.8791393 }, "geometry": { "type": "Point", "coordinates": [ 2711633.27437660517171, 1093211.388733534142375 ] } },
{ "type": "Feature", "properties": { "osm_id": 3928701140, "name": "Farmacia di Caslano", "postcode": "", "city": "", "lat": 45.976041, "lon": 8.877599 }, "geometry": { "type": "Point", "coordinates": [ 2711524.542083639651537, 1092630.179687803611159 ] } },
{ "type": "Feature", "properties": { "osm_id": 3944889721, "name": "Amavita", "postcode": "", "city": "", "lat": 46.7829245, "lon": 7.1486454 }, "geometry": { "type": "Point", "coordinates": [ 2577855.136124250479043, 1181347.188833371270448 ] } },
{ "type": "Feature", "properties": { "osm_id": 4004635812, "name": "Pharmacie des Hauts de Malagnou", "postcode": "1224", "city": "Chêne-Bougeries", "lat": 46.1949762, "lon": 6.1720064 }, "geometry": { "type": "Point", "coordinates": [ 2502222.192545115482062, 1116737.250203633215278 ] } },
{ "type": "Feature", "properties": { "osm_id": 4008942095, "name": "ApoDoc", "postcode": "8005", "city": "Zürich", "lat": 47.3875997, "lon": 8.5190909 }, "geometry": { "type": "Point", "coordinates": [ 2681580.191161238588393, 1249091.377577436622232 ] } },
{ "type": "Feature", "properties": { "osm_id": 4009676815, "name": "Pharmacie Rieu-Tour", "postcode": "1208", "city": "Genève", "lat": 46.1942773, "lon": 6.1662662 }, "geometry": { "type": "Point", "coordinates": [ 2501777.857139497995377, 1116666.747391304466873 ] } },
{ "type": "Feature", "properties": { "osm_id": 4052328712, "name": "Sun Store", "postcode": "", "city": "", "lat": 46.4649994, "lon": 6.8420572 }, "geometry": { "type": "Point", "coordinates": [ 2554173.747015750966966, 1146138.304110990604386 ] } },
{ "type": "Feature", "properties": { "osm_id": 4057151966, "name": "Riat", "postcode": "", "city": "", "lat": 47.363519, "lon": 7.349365 }, "geometry": { "type": "Point", "coordinates": [ 2593257.197673412039876, 1245856.818400251446292 ] } },
{ "type": "Feature", "properties": { "osm_id": 4105363378, "name": "Drogerie Unterstadt", "postcode": "4800", "city": "Zofingen", "lat": 47.2895413, "lon": 7.9442861 }, "geometry": { "type": "Point", "coordinates": [ 2638250.894539537839592, 1237750.905784116592258 ] } },
{ "type": "Feature", "properties": { "osm_id": 4127859152, "name": "Coop Vitality", "postcode": "8404", "city": "Winterthur", "lat": 47.4951245, "lon": 8.7580637 }, "geometry": { "type": "Point", "coordinates": [ 2699421.168047241866589, 1261320.704984985059127 ] } },
{ "type": "Feature", "properties": { "osm_id": 4133582667, "name": "Apotheke Dr. Noyer", "postcode": "3008", "city": "Bern", "lat": 46.9481358, "lon": 7.4375638 }, "geometry": { "type": "Point", "coordinates": [ 2599918.642315238714218, 1199672.385687901172787 ] } },
{ "type": "Feature", "properties": { "osm_id": 4136646789, "name": "Coop Vitality", "postcode": "5400", "city": "Baden", "lat": 47.4764202, "lon": 8.3070311 }, "geometry": { "type": "Point", "coordinates": [ 2665460.16721124202013, 1258767.392032755305991 ] } },
{ "type": "Feature", "properties": { "osm_id": 4142717257, "name": "DROPA Aare Apotheke", "postcode": "3110", "city": "Münsingen", "lat": 46.8745257, "lon": 7.5637172 }, "geometry": { "type": "Point", "coordinates": [ 2609535.672736472450197, 1191496.639540261821821 ] } },
{ "type": "Feature", "properties": { "osm_id": 4151148699, "name": "Apotheke zur Eiche", "postcode": "", "city": "", "lat": 47.3857522, "lon": 9.2783365 }, "geometry": { "type": "Point", "coordinates": [ 2738903.263655618298799, 1249952.847569844685495 ] } },
{ "type": "Feature", "properties": { "osm_id": 4169328558, "name": "Kronbühl-Apotheke", "postcode": "9300", "city": "Wittenbach", "lat": 47.4575649, "lon": 9.3964006 }, "geometry": { "type": "Point", "coordinates": [ 2747616.394944883882999, 1258150.534723119577393 ] } },
{ "type": "Feature", "properties": { "osm_id": 4192927090, "name": "Follonier", "postcode": "", "city": "", "lat": 46.2218488, "lon": 6.0959421 }, "geometry": { "type": "Point", "coordinates": [ 2496402.192424854263663, 1119821.898538489360362 ] } },
{ "type": "Feature", "properties": { "osm_id": 4196907493, "name": "Amavita", "postcode": "", "city": "", "lat": 46.9280383, "lon": 7.1163578 }, "geometry": { "type": "Point", "coordinates": [ 2575456.037710418459028, 1197488.876400957116857 ] } },
{ "type": "Feature", "properties": { "osm_id": 4196982892, "name": "Neue Apotheke Golliez", "postcode": "", "city": "", "lat": 46.9281281, "lon": 7.116574 }, "geometry": { "type": "Point", "coordinates": [ 2575472.544200774282217, 1197498.791552929673344 ] } },
{ "type": "Feature", "properties": { "osm_id": 4197434990, "name": "Neue Apotheke", "postcode": "", "city": "", "lat": 47.3912185, "lon": 8.0449335 }, "geometry": { "type": "Point", "coordinates": [ 2645776.998997476883233, 1249109.029915006831288 ] } },
{ "type": "Feature", "properties": { "osm_id": 4209207099, "name": "Tscharnergut-Apotheke", "postcode": "", "city": "", "lat": 46.9475606, "lon": 7.3897091 }, "geometry": { "type": "Point", "coordinates": [ 2596275.416107959579676, 1199609.646004191366956 ] } },
{ "type": "Feature", "properties": { "osm_id": 4226393499, "name": "Ahornapotheke", "postcode": "4055", "city": "Basel", "lat": 47.5576221, "lon": 7.5725986 }, "geometry": { "type": "Point", "coordinates": [ 2610083.897622288670391, 1267442.76095430762507 ] } },
{ "type": "Feature", "properties": { "osm_id": 4237489698, "name": "Amavita", "postcode": "8038", "city": "Zürich", "lat": 47.3385069, "lon": 8.529885 }, "geometry": { "type": "Point", "coordinates": [ 2682471.044623313006014, 1243644.962418249808252 ] } },
{ "type": "Feature", "properties": { "osm_id": 4244047594, "name": "City Apotheke zur Sihlporte", "postcode": "8001", "city": "Zürich", "lat": 47.3729977, "lon": 8.5343196 }, "geometry": { "type": "Point", "coordinates": [ 2682752.622213860973716, 1247483.995669193333015 ] } },
{ "type": "Feature", "properties": { "osm_id": 4250821192, "name": "Pharmacie Berger", "postcode": "", "city": "", "lat": 46.452954, "lon": 6.8576907 }, "geometry": { "type": "Point", "coordinates": [ 2555364.665218520909548, 1144790.278588182525709 ] } },
{ "type": "Feature", "properties": { "osm_id": 4253093446, "name": "Pharmacie de l'Île verte", "postcode": "", "city": "Genève", "lat": 46.2086008, "lon": 6.1313716 }, "geometry": { "type": "Point", "coordinates": [ 2499110.963595899753273, 1118303.153082308359444 ] } },
{ "type": "Feature", "properties": { "osm_id": 4254842190, "name": "Unbekannt", "postcode": "", "city": "", "lat": 46.0107273, "lon": 8.9330966 }, "geometry": { "type": "Point", "coordinates": [ 2715751.859409844968468, 1096565.881973479641601 ] } },
{ "type": "Feature", "properties": { "osm_id": 4264444002, "name": "Coop Vitality", "postcode": "8430", "city": "Wettingen", "lat": 47.4585721, "lon": 8.3298429 }, "geometry": { "type": "Point", "coordinates": [ 2667202.169783615507185, 1256802.348158590262756 ] } },
{ "type": "Feature", "properties": { "osm_id": 4270135423, "name": "Seeapotheke Arbon", "postcode": "9320", "city": "Arbon", "lat": 47.5125244, "lon": 9.4323843 }, "geometry": { "type": "Point", "coordinates": [ 2750173.696624346543103, 1264327.636576414806768 ] } },
{ "type": "Feature", "properties": { "osm_id": 4271166835, "name": "Schwarzwasser Apotheke", "postcode": "3150", "city": "Schwarzenburg", "lat": 46.8174061, "lon": 7.3422636 }, "geometry": { "type": "Point", "coordinates": [ 2592645.385581555776298, 1185143.834161733277142 ] } },
{ "type": "Feature", "properties": { "osm_id": 4273219598, "name": "Coop Vitality", "postcode": "8152", "city": "Opfikon", "lat": 47.4239535, "lon": 8.5620078 }, "geometry": { "type": "Point", "coordinates": [ 2684762.536678318865597, 1253178.396717018214986 ] } },
{ "type": "Feature", "properties": { "osm_id": 4279089266, "name": "Pharmacie de la Venoge", "postcode": "1305", "city": "Penthalaz", "lat": 46.6071451, "lon": 6.5227805 }, "geometry": { "type": "Point", "coordinates": [ 2529834.382816119585186, 1162175.780235306126997 ] } },
{ "type": "Feature", "properties": { "osm_id": 4279973090, "name": "Apotheke Bruggen", "postcode": "9014", "city": "St. Gallen", "lat": 47.4090888, "lon": 9.3316538 }, "geometry": { "type": "Point", "coordinates": [ 2742865.49377687368542, 1252642.499642380978912 ] } },
{ "type": "Feature", "properties": { "osm_id": 4300605297, "name": "Drogerie Hermann", "postcode": "9056", "city": "Gais", "lat": 47.3613229, "lon": 9.4506367 }, "geometry": { "type": "Point", "coordinates": [ 2751979.341188296675682, 1247557.008228683844209 ] } },
{ "type": "Feature", "properties": { "osm_id": 4302199561, "name": "Pharmacie Pulliérane", "postcode": "1009", "city": "Pully", "lat": 46.510383, "lon": 6.6596651 }, "geometry": { "type": "Point", "coordinates": [ 2540213.9936189558357, 1151306.211115866433829 ] } },
{ "type": "Feature", "properties": { "osm_id": 4307351370, "name": "Apotheke zur Mühlebrücke Fernand Jolissaint", "postcode": "", "city": "", "lat": 47.1404533, "lon": 7.2455648 }, "geometry": { "type": "Point", "coordinates": [ 2585354.652642959728837, 1221071.063312717247754 ] } },
{ "type": "Feature", "properties": { "osm_id": 4311868396, "name": "Amavita", "postcode": "6004", "city": "Luzern", "lat": 47.0564264, "lon": 8.310284 }, "geometry": { "type": "Point", "coordinates": [ 2666223.908590744715184, 1212078.567307705525309 ] } },
{ "type": "Feature", "properties": { "osm_id": 4316390046, "name": "Löwen Apotheke", "postcode": "4800", "city": "Zofingen", "lat": 47.2877922, "lon": 7.9453697 }, "geometry": { "type": "Point", "coordinates": [ 2638334.11739327898249, 1237556.974432772025466 ] } },
{ "type": "Feature", "properties": { "osm_id": 4316390047, "name": "Pfauen", "postcode": "4800", "city": "Zofingen", "lat": 47.2880344, "lon": 7.9451523 }, "geometry": { "type": "Point", "coordinates": [ 2638317.498108240310103, 1237583.795410153921694 ] } },
{ "type": "Feature", "properties": { "osm_id": 4319319989, "name": "Drogerie Fischer", "postcode": "", "city": "", "lat": 46.8913208, "lon": 7.4999129 }, "geometry": { "type": "Point", "coordinates": [ 2604670.14873902220279, 1193358.019827159354463 ] } },
{ "type": "Feature", "properties": { "osm_id": 4336738524, "name": "Pharmacie de Clarens", "postcode": "", "city": "", "lat": 46.4412879, "lon": 6.8932309 }, "geometry": { "type": "Point", "coordinates": [ 2558086.191498602274805, 1143473.798011835897341 ] } },
{ "type": "Feature", "properties": { "osm_id": 4336813686, "name": "Sun Store", "postcode": "", "city": "", "lat": 46.4411599, "lon": 6.8929332 }, "geometry": { "type": "Point", "coordinates": [ 2558063.214951096102595, 1143459.728682710789144 ] } },
{ "type": "Feature", "properties": { "osm_id": 4337237306, "name": "Benu", "postcode": "", "city": "", "lat": 46.532719, "lon": 6.6465885 }, "geometry": { "type": "Point", "coordinates": [ 2539235.517764725722373, 1153799.143566083861515 ] } },
{ "type": "Feature", "properties": { "osm_id": 4358576993, "name": "OM Pharma SA", "postcode": "1217", "city": "", "lat": 46.2242803, "lon": 6.0770767 }, "geometry": { "type": "Point", "coordinates": [ 2494951.454902370460331, 1120117.277312656631693 ] } },
{ "type": "Feature", "properties": { "osm_id": 4358662389, "name": "Covance - Central Laboratory Services SA", "postcode": "1217", "city": "", "lat": 46.2231406, "lon": 6.0629002 }, "geometry": { "type": "Point", "coordinates": [ 2493855.589435887522995, 1120009.708656558766961 ] } },
{ "type": "Feature", "properties": { "osm_id": 4358768292, "name": "Sitex SA", "postcode": "1228", "city": "", "lat": 46.1688898, "lon": 6.1042853 }, "geometry": { "type": "Point", "coordinates": [ 2496945.593285434879363, 1113924.540810470236465 ] } },
{ "type": "Feature", "properties": { "osm_id": 4362009138, "name": "Lindenapotheke", "postcode": "5040", "city": "Schöftland", "lat": 47.3055392, "lon": 8.0508393 }, "geometry": { "type": "Point", "coordinates": [ 2646297.151482505723834, 1239586.854181419126689 ] } },
{ "type": "Feature", "properties": { "osm_id": 4365117234, "name": "Sun Store", "postcode": "1227", "city": "", "lat": 46.2125162, "lon": 6.1497922 }, "geometry": { "type": "Point", "coordinates": [ 2500539.605727322399616, 1118714.796764357248321 ] } },
{ "type": "Feature", "properties": { "osm_id": 4365117236, "name": "Pharmacie Internationale", "postcode": "1201", "city": "Genève", "lat": 46.2091323, "lon": 6.1481721 }, "geometry": { "type": "Point", "coordinates": [ 2500408.398472085595131, 1118340.7332186056301 ] } },
{ "type": "Feature", "properties": { "osm_id": 4365117590, "name": "Pharmacie Populaire Navigation", "postcode": "1201", "city": "Genève", "lat": 46.211731, "lon": 6.1492894 }, "geometry": { "type": "Point", "coordinates": [ 2500499.371857216116041, 1118628.159955901559442 ] } },
{ "type": "Feature", "properties": { "osm_id": 4368461742, "name": "Docteur G. Riat", "postcode": "", "city": "", "lat": 47.3654364, "lon": 7.344478 }, "geometry": { "type": "Point", "coordinates": [ 2592888.287014035973698, 1246070.434352733427659 ] } },
{ "type": "Feature", "properties": { "osm_id": 4368586891, "name": "Pharmacie du Tilleul", "postcode": "", "city": "", "lat": 47.3652784, "lon": 7.3436188 }, "geometry": { "type": "Point", "coordinates": [ 2592823.362950238864869, 1246052.946747304871678 ] } },
{ "type": "Feature", "properties": { "osm_id": 4368924847, "name": "Farmacia San Marco", "postcode": "6943", "city": "Vezia", "lat": 46.0253497, "lon": 8.9368417 }, "geometry": { "type": "Point", "coordinates": [ 2716010.85526927979663, 1098196.646042643580586 ] } },
{ "type": "Feature", "properties": { "osm_id": 4372106391, "name": "TopPharm", "postcode": "9220", "city": "Bischofszell", "lat": 47.4939034, "lon": 9.2411085 }, "geometry": { "type": "Point", "coordinates": [ 2735816.679261006880552, 1261909.161828029202297 ] } },
{ "type": "Feature", "properties": { "osm_id": 4379469160, "name": "Farmacia Centro Contone", "postcode": "6594", "city": "Contone", "lat": 46.1502041, "lon": 8.925713 }, "geometry": { "type": "Point", "coordinates": [ 2714886.131807236466557, 1112057.348505364265293 ] } },
{ "type": "Feature", "properties": { "osm_id": 4393886396, "name": "Swissoja", "postcode": "", "city": "", "lat": 46.1911225, "lon": 6.1301337 }, "geometry": { "type": "Point", "coordinates": [ 2498982.986943842843175, 1116362.035455291392282 ] } },
{ "type": "Feature", "properties": { "osm_id": 4397493502, "name": "Vôtre Santé", "postcode": "1205", "city": "", "lat": 46.1991999, "lon": 6.1333026 }, "geometry": { "type": "Point", "coordinates": [ 2499242.563220635987818, 1117255.757986475946382 ] } },
{ "type": "Feature", "properties": { "osm_id": 4397623100, "name": "Analab SA", "postcode": "1227", "city": "", "lat": 46.1886804, "lon": 6.1293099 }, "geometry": { "type": "Point", "coordinates": [ 2498914.858726940583438, 1116091.65857105422765 ] } },
{ "type": "Feature", "properties": { "osm_id": 4414535689, "name": "Pharmacie des Montagnes", "postcode": "1997", "city": "Haute-Nendaz", "lat": 46.1824703, "lon": 7.2907954 }, "geometry": { "type": "Point", "coordinates": [ 2588583.621012544259429, 1114566.870727632194757 ] } },
{ "type": "Feature", "properties": { "osm_id": 4418191305, "name": "TopPharm Apotheke & Drogerie Brentano", "postcode": "5502", "city": "Hunzenschwil", "lat": 47.3864758, "lon": 8.1260982 }, "geometry": { "type": "Point", "coordinates": [ 2651909.494206667412072, 1248632.231670469045639 ] } },
{ "type": "Feature", "properties": { "osm_id": 4420328778, "name": "Coop Vitality", "postcode": "", "city": "", "lat": 47.1308615, "lon": 7.2427848 }, "geometry": { "type": "Point", "coordinates": [ 2585141.092835445422679, 1220005.224641750566661 ] } },
{ "type": "Feature", "properties": { "osm_id": 4424402110, "name": "Amavita", "postcode": "8703", "city": "Erlenbach ZH", "lat": 47.3068942, "lon": 8.5905229 }, "geometry": { "type": "Point", "coordinates": [ 2687104.97791455546394, 1240196.128940247464925 ] } },
{ "type": "Feature", "properties": { "osm_id": 4424600895, "name": "Bahnhof Apotheke", "postcode": "8001", "city": "Zürich", "lat": 47.3774306, "lon": 8.5400215 }, "geometry": { "type": "Point", "coordinates": [ 2683176.314255233388394, 1247982.834839522372931 ] } },
{ "type": "Feature", "properties": { "osm_id": 4424934597, "name": "Pharmacie de Meyrin Village", "postcode": "1217", "city": "Meyrin", "lat": 46.2282356, "lon": 6.0714574 }, "geometry": { "type": "Point", "coordinates": [ 2494525.628083452582359, 1120564.45254300464876 ] } },
{ "type": "Feature", "properties": { "osm_id": 4424939138, "name": "Amavita", "postcode": "8001", "city": "Zürich", "lat": 47.3773328, "lon": 8.5396659 }, "geometry": { "type": "Point", "coordinates": [ 2683149.614036377519369, 1247971.585435023065656 ] } },
{ "type": "Feature", "properties": { "osm_id": 4425364405, "name": "Pharmacie Miserez", "postcode": "1030", "city": "Bussigny", "lat": 46.5479403, "lon": 6.5531454 }, "geometry": { "type": "Point", "coordinates": [ 2532086.183832187205553, 1155567.899288561195135 ] } },
{ "type": "Feature", "properties": { "osm_id": 4426204157, "name": "Droguerie Pollien", "postcode": "1018", "city": "Lausanne", "lat": 46.5372746, "lon": 6.6335213 }, "geometry": { "type": "Point", "coordinates": [ 2538238.271754428744316, 1154315.765662509016693 ] } },
{ "type": "Feature", "properties": { "osm_id": 4431274389, "name": "TopPharm", "postcode": "4153", "city": "Reinach BL", "lat": 47.5020886, "lon": 7.5969413 }, "geometry": { "type": "Point", "coordinates": [ 2611928.461440401617438, 1261271.525667238980532 ] } },
{ "type": "Feature", "properties": { "osm_id": 4437362728, "name": "Pharmacie des Grangettes", "postcode": "", "city": "", "lat": 46.5363606, "lon": 6.6619421 }, "geometry": { "type": "Point", "coordinates": [ 2540417.389199480414391, 1154192.145721833687276 ] } },
{ "type": "Feature", "properties": { "osm_id": 4439596536, "name": "TopPharm", "postcode": "", "city": "", "lat": 46.9027699, "lon": 7.239578 }, "geometry": { "type": "Point", "coordinates": [ 2584833.103313729632646, 1194648.481964437756687 ] } },
{ "type": "Feature", "properties": { "osm_id": 4449212413, "name": "TopPharm", "postcode": "6060", "city": "Sarnen", "lat": 46.8969221, "lon": 8.2514023 }, "geometry": { "type": "Point", "coordinates": [ 2661934.136816004756838, 1194299.21924179722555 ] } },
{ "type": "Feature", "properties": { "osm_id": 4449610687, "name": "Coop Vitality", "postcode": "8305", "city": "Dietlikon", "lat": 47.4132392, "lon": 8.6182259 }, "geometry": { "type": "Point", "coordinates": [ 2689021.951163195539266, 1252049.523502100724727 ] } },
{ "type": "Feature", "properties": { "osm_id": 4467394005, "name": "Säntis-Apotheke", "postcode": "", "city": "", "lat": 47.4137015, "lon": 9.2489307 }, "geometry": { "type": "Point", "coordinates": [ 2736611.737124035134912, 1253007.858143480261788 ] } },
{ "type": "Feature", "properties": { "osm_id": 4471003189, "name": "Apotheke in Gossau AG", "postcode": "9200", "city": "Gossau SG", "lat": 47.4166716, "lon": 9.2536497 }, "geometry": { "type": "Point", "coordinates": [ 2736960.145818043500185, 1253346.224723629886284 ] } },
{ "type": "Feature", "properties": { "osm_id": 4471008940, "name": "Sonnen Drogerie", "postcode": "", "city": "", "lat": 47.4153163, "lon": 9.2477865 }, "geometry": { "type": "Point", "coordinates": [ 2736521.267067623790354, 1253185.357748600421473 ] } },
{ "type": "Feature", "properties": { "osm_id": 4472240069, "name": "Amavita", "postcode": "8102", "city": "Oberengstringen", "lat": 47.4086468, "lon": 8.4629581 }, "geometry": { "type": "Point", "coordinates": [ 2677311.608197040855885, 1251374.416907412232831 ] } },
{ "type": "Feature", "properties": { "osm_id": 4472713331, "name": "TopPharm", "postcode": "4051", "city": "Basel", "lat": 47.5539257, "lon": 7.5894933 }, "geometry": { "type": "Point", "coordinates": [ 2611356.275548819918185, 1267034.058151825563982 ] } },
{ "type": "Feature", "properties": { "osm_id": 4486137538, "name": "Dropa Rosenberg", "postcode": "8400", "city": "Winterthur", "lat": 47.5184636, "lon": 8.7207459 }, "geometry": { "type": "Point", "coordinates": [ 2696567.085087059531361, 1263868.742146134143695 ] } },
{ "type": "Feature", "properties": { "osm_id": 4491989066, "name": "Benu", "postcode": "1004", "city": "Lausanne", "lat": 46.5278923, "lon": 6.6159938 }, "geometry": { "type": "Point", "coordinates": [ 2536882.806479156948626, 1153286.808619699906558 ] } },
{ "type": "Feature", "properties": { "osm_id": 4492758092, "name": "Zentrum Apotheke", "postcode": "8305", "city": "", "lat": 47.4227487, "lon": 8.6187655 }, "geometry": { "type": "Point", "coordinates": [ 2689046.769396288320422, 1253107.316627549007535 ] } },
{ "type": "Feature", "properties": { "osm_id": 4512105546, "name": "Bahnhof Apotheke Oerlikon", "postcode": "", "city": "", "lat": 47.4117347, "lon": 8.5431816 }, "geometry": { "type": "Point", "coordinates": [ 2683361.261886039283127, 1251799.836064501665533 ] } },
{ "type": "Feature", "properties": { "osm_id": 4540155695, "name": "Coop Vitality", "postcode": "4001", "city": "Basel", "lat": 47.5575295, "lon": 7.5874578 }, "geometry": { "type": "Point", "coordinates": [ 2611202.305742033291608, 1267434.468265289440751 ] } },
{ "type": "Feature", "properties": { "osm_id": 4548249947, "name": "Sonnen-Apotheke Köniz AG", "postcode": "3098", "city": "Köniz", "lat": 46.9248837, "lon": 7.4164402 }, "geometry": { "type": "Point", "coordinates": [ 2598309.736353680025786, 1197087.696869840845466 ] } },
{ "type": "Feature", "properties": { "osm_id": 4551110891, "name": "Pharma Express", "postcode": "", "city": "", "lat": 46.0051973, "lon": 8.946922 }, "geometry": { "type": "Point", "coordinates": [ 2716834.385924451053143, 1095971.73670312599279 ] } },
{ "type": "Feature", "properties": { "osm_id": 4557190938, "name": "Späni AG Apotheke", "postcode": "6010", "city": "Kriens", "lat": 47.0337549, "lon": 8.2797292 }, "geometry": { "type": "Point", "coordinates": [ 2663929.604433416388929, 1209532.931987975724041 ] } },
{ "type": "Feature", "properties": { "osm_id": 4560115839, "name": "Coop Vitality", "postcode": "6010", "city": "Kriens", "lat": 47.0342861, "lon": 8.2736272 }, "geometry": { "type": "Point", "coordinates": [ 2663465.197284529451281, 1209587.03167043463327 ] } },
{ "type": "Feature", "properties": { "osm_id": 4561533806, "name": "Apotheke am Wasserschloss", "postcode": "5412", "city": "Gebenstorf", "lat": 47.4905652, "lon": 8.2442993 }, "geometry": { "type": "Point", "coordinates": [ 2660715.504938181024045, 1260289.607001256663352 ] } },
{ "type": "Feature", "properties": { "osm_id": 4598018097, "name": "Toppharm", "postcode": "7537", "city": "Müstair", "lat": 46.6338526, "lon": 10.4576733 }, "geometry": { "type": "Point", "coordinates": [ 2831127.593515710905194, 1169181.419586037518457 ] } },
{ "type": "Feature", "properties": { "osm_id": 4599546801, "name": "Unbekannt", "postcode": "7310", "city": "Bad Ragaz", "lat": 47.0016139, "lon": 9.5008686 }, "geometry": { "type": "Point", "coordinates": [ 2756823.987746861297637, 1207678.19772158190608 ] } },
{ "type": "Feature", "properties": { "osm_id": 4601368090, "name": "pharamcieplus malè", "postcode": "", "city": "", "lat": 46.1897623, "lon": 9.02292 }, "geometry": { "type": "Point", "coordinates": [ 2722306.232594576198608, 1116600.972245253389701 ] } },
{ "type": "Feature", "properties": { "osm_id": 4650855585, "name": "Amavita", "postcode": "", "city": "", "lat": 46.3841712, "lon": 6.2363352 }, "geometry": { "type": "Point", "coordinates": [ 2507510.400737930554897, 1137688.418507773661986 ] } },
{ "type": "Feature", "properties": { "osm_id": 4663093693, "name": "Unbekannt", "postcode": "", "city": "", "lat": 46.1194479, "lon": 8.7110132 }, "geometry": { "type": "Point", "coordinates": [ 2698356.142353355884552, 1108347.041351585648954 ] } },
{ "type": "Feature", "properties": { "osm_id": 4666056589, "name": "Pharmacie de Puidoux - Calpini Pharmaciens SA", "postcode": "1070", "city": "", "lat": 46.4925748, "lon": 6.7694476 }, "geometry": { "type": "Point", "coordinates": [ 2548622.610574443358928, 1149248.71024410892278 ] } },
{ "type": "Feature", "properties": { "osm_id": 4688325889, "name": "Pharmacie Berger", "postcode": "1950", "city": "", "lat": 46.2306738, "lon": 7.3589037 }, "geometry": { "type": "Point", "coordinates": [ 2593848.167228200938553, 1119917.743604388320819 ] } },
{ "type": "Feature", "properties": { "osm_id": 4689578200, "name": "medbase", "postcode": "2504", "city": "Biel/Bienne", "lat": 47.1329736, "lon": 7.2441954 }, "geometry": { "type": "Point", "coordinates": [ 2585248.701403127517551, 1220239.768586157122627 ] } },
{ "type": "Feature", "properties": { "osm_id": 4692716279, "name": "Benu", "postcode": "", "city": "", "lat": 46.5102077, "lon": 6.4996182 }, "geometry": { "type": "Point", "coordinates": [ 2527930.768945415038615, 1151421.45409186091274 ] } },
{ "type": "Feature", "properties": { "osm_id": 4697954745, "name": "Saastal", "postcode": "", "city": "", "lat": 46.1267868, "lon": 7.93718 }, "geometry": { "type": "Point", "coordinates": [ 2638533.758424725849181, 1108487.930670006433502 ] } },
{ "type": "Feature", "properties": { "osm_id": 4703169090, "name": "TopPharm Kapuziner Salmenpark", "postcode": "4310", "city": "Rheinfelden", "lat": 47.5523739, "lon": 7.7861829 }, "geometry": { "type": "Point", "coordinates": [ 2626162.003954079933465, 1266908.396654683165252 ] } },
{ "type": "Feature", "properties": { "osm_id": 4708192790, "name": "Hirschengraben Apotheke", "postcode": "", "city": "", "lat": 46.9465786, "lon": 7.4381438 }, "geometry": { "type": "Point", "coordinates": [ 2599962.794627336319536, 1199499.269729218212888 ] } },
{ "type": "Feature", "properties": { "osm_id": 4708470177, "name": "Reuss-Apotheke", "postcode": "", "city": "", "lat": 47.3526558, "lon": 8.3497032 }, "geometry": { "type": "Point", "coordinates": [ 2668836.361530259717256, 1245044.229310710448772 ] } },
{ "type": "Feature", "properties": { "osm_id": 4731758448, "name": "Geny", "postcode": "1003", "city": "Lausanne", "lat": 46.5185435, "lon": 6.6309778 }, "geometry": { "type": "Point", "coordinates": [ 2538021.688379429280758, 1152235.633325136266649 ] } },
{ "type": "Feature", "properties": { "osm_id": 4734683647, "name": "Drogerie Apotheke am Stadtplatz", "postcode": "", "city": "", "lat": 47.4498338, "lon": 8.5827866 }, "geometry": { "type": "Point", "coordinates": [ 2686288.291930842213333, 1256078.225714478874579 ] } },
{ "type": "Feature", "properties": { "osm_id": 4740781527, "name": "Pharmacie de la Gare", "postcode": "", "city": "Martigny", "lat": 46.105383, "lon": 7.0787364 }, "geometry": { "type": "Point", "coordinates": [ 2572169.960634636692703, 1106050.693007391644642 ] } },
{ "type": "Feature", "properties": { "osm_id": 4741663422, "name": "Farmacia Nassa", "postcode": "6900", "city": "Lugano", "lat": 46.0015081, "lon": 8.9496704 }, "geometry": { "type": "Point", "coordinates": [ 2717055.156039583031088, 1095565.792271862737834 ] } },
{ "type": "Feature", "properties": { "osm_id": 4741707323, "name": "Bordoni", "postcode": "", "city": "", "lat": 46.0039302, "lon": 8.9515342 }, "geometry": { "type": "Point", "coordinates": [ 2717194.329259759280831, 1095837.782949196407571 ] } },
{ "type": "Feature", "properties": { "osm_id": 4741762975, "name": "Salus", "postcode": "", "city": "", "lat": 46.0042282, "lon": 8.9524072 }, "geometry": { "type": "Point", "coordinates": [ 2717261.307661054190248, 1095872.20919707743451 ] } },
{ "type": "Feature", "properties": { "osm_id": 4741762977, "name": "Cattaneo", "postcode": "", "city": "", "lat": 46.0045375, "lon": 8.9510843 }, "geometry": { "type": "Point", "coordinates": [ 2717158.180973418988287, 1095904.610135195311159 ] } },
{ "type": "Feature", "properties": { "osm_id": 4741762978, "name": "Amavita", "postcode": "", "city": "", "lat": 46.0045537, "lon": 8.9504488 }, "geometry": { "type": "Point", "coordinates": [ 2717108.924567918758839, 1095905.461775484960526 ] } },
{ "type": "Feature", "properties": { "osm_id": 4748726939, "name": "Benu", "postcode": "", "city": "", "lat": 46.3852413, "lon": 6.2385043 }, "geometry": { "type": "Point", "coordinates": [ 2507679.071715005207807, 1137804.803714584326372 ] } },
{ "type": "Feature", "properties": { "osm_id": 4751711985, "name": "Paradiso", "postcode": "", "city": "", "lat": 45.9918097, "lon": 8.9465367 }, "geometry": { "type": "Point", "coordinates": [ 2716833.149668177589774, 1094483.176317397039384 ] } },
{ "type": "Feature", "properties": { "osm_id": 4760805621, "name": "Farmacia Torre", "postcode": "", "city": "", "lat": 46.0064481, "lon": 8.9653792 }, "geometry": { "type": "Point", "coordinates": [ 2718261.235418329015374, 1096138.416358025977388 ] } },
{ "type": "Feature", "properties": { "osm_id": 4786539742, "name": "Steinhölzli Apotheke", "postcode": "3097", "city": "Liebefeld", "lat": 46.9309772, "lon": 7.429313 }, "geometry": { "type": "Point", "coordinates": [ 2599290.257755371741951, 1197764.904246649937704 ] } },
{ "type": "Feature", "properties": { "osm_id": 4792488223, "name": "Lindenapotheke", "postcode": "4143", "city": "Dornach", "lat": 47.4878108, "lon": 7.6116801 }, "geometry": { "type": "Point", "coordinates": [ 2613042.43287241877988, 1259686.36651954241097 ] } },
{ "type": "Feature", "properties": { "osm_id": 4795554403, "name": "Unbekannt", "postcode": "", "city": "", "lat": 46.0130863, "lon": 8.9331052 }, "geometry": { "type": "Point", "coordinates": [ 2715747.52973585575819, 1096828.090050062397495 ] } },
{ "type": "Feature", "properties": { "osm_id": 4816412576, "name": "TopPharm Apotheke Wülflingen", "postcode": "8408", "city": "Winterthur", "lat": 47.5106864, "lon": 8.6935837 }, "geometry": { "type": "Point", "coordinates": [ 2694535.285667257849127, 1262971.051978261908516 ] } },
{ "type": "Feature", "properties": { "osm_id": 4818078343, "name": "BENU Apotheke", "postcode": "4950", "city": "Huttwil", "lat": 47.1136094, "lon": 7.8494876 }, "geometry": { "type": "Point", "coordinates": [ 2631182.145232548937201, 1218149.812616754323244 ] } },
{ "type": "Feature", "properties": { "osm_id": 4818220850, "name": "Amavita", "postcode": "", "city": "", "lat": 47.1342927, "lon": 7.2436752 }, "geometry": { "type": "Point", "coordinates": [ 2585209.60140697658062, 1220386.517389631131664 ] } },
{ "type": "Feature", "properties": { "osm_id": 4824581485, "name": "Pharmacie et Parfumerie des Sources", "postcode": "1907", "city": "Saxon", "lat": 46.1441787, "lon": 7.1648519 }, "geometry": { "type": "Point", "coordinates": [ 2578843.910582452546805, 1110336.444200719939545 ] } },
{ "type": "Feature", "properties": { "osm_id": 4826845822, "name": "Amavita", "postcode": "", "city": "", "lat": 47.5440732, "lon": 7.5878944 }, "geometry": { "type": "Point", "coordinates": [ 2611237.997051886282861, 1265938.347327112453058 ] } },
{ "type": "Feature", "properties": { "osm_id": 4826845824, "name": "Coop Vitality", "postcode": "4053", "city": "Basel", "lat": 47.5453665, "lon": 7.588333 }, "geometry": { "type": "Point", "coordinates": [ 2611270.744206819683313, 1266082.20938552566804 ] } },
{ "type": "Feature", "properties": { "osm_id": 4827130154, "name": "Neumarkt Apotheke Drogerie", "postcode": "8048", "city": "Zürich", "lat": 47.388597, "lon": 8.4874205 }, "geometry": { "type": "Point", "coordinates": [ 2679187.591730881482363, 1249169.808471974683926 ] } },
{ "type": "Feature", "properties": { "osm_id": 4827130161, "name": "Medbase Apotheke Enge", "postcode": "8002", "city": "Zürich", "lat": 47.3653442, "lon": 8.5307772 }, "geometry": { "type": "Point", "coordinates": [ 2682496.941361828707159, 1246629.417867779964581 ] } },
{ "type": "Feature", "properties": { "osm_id": 4832132811, "name": "Melina Perusset", "postcode": "", "city": "", "lat": 46.7791921, "lon": 6.6401456 }, "geometry": { "type": "Point", "coordinates": [ 2539020.623449612408876, 1181202.30233511980623 ] } },
{ "type": "Feature", "properties": { "osm_id": 4832143601, "name": "Amavita", "postcode": "", "city": "", "lat": 46.7800894, "lon": 6.6385552 }, "geometry": { "type": "Point", "coordinates": [ 2538900.190507828257978, 1181303.287740805884823 ] } },
{ "type": "Feature", "properties": { "osm_id": 4833061534, "name": "Medbase Apotheke", "postcode": "8001", "city": "Zürich", "lat": 47.3783532, "lon": 8.5396557 }, "geometry": { "type": "Point", "coordinates": [ 2683147.252032185904682, 1248085.01376516232267 ] } },
{ "type": "Feature", "properties": { "osm_id": 4833061651, "name": "Amavita", "postcode": "8001", "city": "Zürich", "lat": 47.3753709, "lon": 8.5359571 }, "geometry": { "type": "Point", "coordinates": [ 2682872.597209526691586, 1247749.555260141845793 ] } },
{ "type": "Feature", "properties": { "osm_id": 4833061652, "name": "Amavita Glattzentrum", "postcode": "8301", "city": "Wallisellen", "lat": 47.4086088, "lon": 8.5949993 }, "geometry": { "type": "Point", "coordinates": [ 2687276.804747208487242, 1251508.664812403498217 ] } },
{ "type": "Feature", "properties": { "osm_id": 4833061653, "name": "Amavita Neumarkt Oerlikon", "postcode": "8050", "city": "Zürich", "lat": 47.4103326, "lon": 8.5426915 }, "geometry": { "type": "Point", "coordinates": [ 2683326.469582291319966, 1251643.440811564214528 ] } },
{ "type": "Feature", "properties": { "osm_id": 4833061654, "name": "Amavita", "postcode": "8001", "city": "Zürich", "lat": 47.3666096, "lon": 8.5488847 }, "geometry": { "type": "Point", "coordinates": [ 2683862.631118011195213, 1246789.287321599200368 ] } },
{ "type": "Feature", "properties": { "osm_id": 4838594381, "name": "Dropa", "postcode": "8046", "city": "Zürich", "lat": 47.420051, "lon": 8.5081901 }, "geometry": { "type": "Point", "coordinates": [ 2680708.006677157711238, 1252687.802763074403629 ] } },
{ "type": "Feature", "properties": { "osm_id": 4838594382, "name": "St. Peter Apotheke", "postcode": "8001", "city": "Zürich", "lat": 47.371089, "lon": 8.538021 }, "geometry": { "type": "Point", "coordinates": [ 2683035.126239325385541, 1247275.713332097278908 ] } },
{ "type": "Feature", "properties": { "osm_id": 4838594389, "name": "Coop Vitality", "postcode": "", "city": "", "lat": 47.3575868, "lon": 8.5235872 }, "geometry": { "type": "Point", "coordinates": [ 2681965.795434402767569, 1245759.486042212462053 ] } },
{ "type": "Feature", "properties": { "osm_id": 4838594391, "name": "Coop Vitality", "postcode": "8048", "city": "Zürich", "lat": 47.3860955, "lon": 8.4990872 }, "geometry": { "type": "Point", "coordinates": [ 2680072.17177503509447, 1248903.549010678892955 ] } },
{ "type": "Feature", "properties": { "osm_id": 4838594392, "name": "Coop Vitality", "postcode": "8304", "city": "Wallisellen", "lat": 47.413105, "lon": 8.5926609 }, "geometry": { "type": "Point", "coordinates": [ 2687092.976093914359808, 1252005.915009690448642 ] } },
{ "type": "Feature", "properties": { "osm_id": 4838594393, "name": "Benu", "postcode": "8008", "city": "Zürich", "lat": 47.3638878, "lon": 8.5488655 }, "geometry": { "type": "Point", "coordinates": [ 2683865.462313157971948, 1246486.682565623195842 ] } },
{ "type": "Feature", "properties": { "osm_id": 4838594394, "name": "TopPharm", "postcode": "8004", "city": "Zürich", "lat": 47.3782355, "lon": 8.5344703 }, "geometry": { "type": "Point", "coordinates": [ 2682755.871011801529676, 1248066.447485954733565 ] } },
{ "type": "Feature", "properties": { "osm_id": 4838594395, "name": "Medbase Apotheke Wiedikon", "postcode": "8003", "city": "Zürich", "lat": 47.3699367, "lon": 8.5191554 }, "geometry": { "type": "Point", "coordinates": [ 2681612.100675432477146, 1247127.819280280265957 ] } },
{ "type": "Feature", "properties": { "osm_id": 4838594396, "name": "Medbase Apotheke Kreis 12", "postcode": "8051", "city": "Zürich", "lat": 47.4039056, "lon": 8.5725439 }, "geometry": { "type": "Point", "coordinates": [ 2685589.669731887057424, 1250961.069270467851311 ] } },
{ "type": "Feature", "properties": { "osm_id": 4838594398, "name": "Triemli-Apotheke & Drogerie", "postcode": "8047", "city": "Zürich", "lat": 47.3683094, "lon": 8.4949064 }, "geometry": { "type": "Point", "coordinates": [ 2679783.128484393935651, 1246921.973574731266126 ] } },
{ "type": "Feature", "properties": { "osm_id": 4840027242, "name": "Pharmacie de la Cerisaie", "postcode": "", "city": "Chavannes-près-Renens", "lat": 46.5278626, "lon": 6.5679893 }, "geometry": { "type": "Point", "coordinates": [ 2533199.791639275383204, 1153323.324551796074957 ] } },
{ "type": "Feature", "properties": { "osm_id": 4847919194, "name": "Apotheke Zürichberg", "postcode": "8044", "city": "Zürich", "lat": 47.3768877, "lon": 8.5600828 }, "geometry": { "type": "Point", "coordinates": [ 2684692.083317223470658, 1247943.938037444604561 ] } },
{ "type": "Feature", "properties": { "osm_id": 4847919195, "name": "Apotheke Fluntern", "postcode": "8044", "city": "Zürich", "lat": 47.376313, "lon": 8.5590941 }, "geometry": { "type": "Point", "coordinates": [ 2684618.334453409072012, 1247878.981552196666598 ] } },
{ "type": "Feature", "properties": { "osm_id": 4848816877, "name": "Pelikan Apotheke", "postcode": "8001", "city": "Zürich", "lat": 47.3715818, "lon": 8.5367336 }, "geometry": { "type": "Point", "coordinates": [ 2682937.131190850399435, 1247329.136975386878476 ] } },
{ "type": "Feature", "properties": { "osm_id": 4866433276, "name": "Apotheke Medzentrum Pfungen", "postcode": "8422", "city": "Pfungen", "lat": 47.516373, "lon": 8.6482185 }, "geometry": { "type": "Point", "coordinates": [ 2691108.48663265677169, 1263549.584130672272295 ] } },
{ "type": "Feature", "properties": { "osm_id": 4881321821, "name": "Pharmacie de l' Areuse", "postcode": "2105", "city": "Travers", "lat": 46.9396677, "lon": 6.6751002 }, "geometry": { "type": "Point", "coordinates": [ 2541863.909848725888878, 1199014.766877176240087 ] } },
{ "type": "Feature", "properties": { "osm_id": 4881685428, "name": "Pharmacie du Lac", "postcode": "", "city": "", "lat": 46.7792357, "lon": 6.6397948 }, "geometry": { "type": "Point", "coordinates": [ 2538993.88379330188036, 1181207.422225194983184 ] } },
{ "type": "Feature", "properties": { "osm_id": 4896763911, "name": "Apotheke Dr. Kunz", "postcode": "", "city": "", "lat": 47.4841452, "lon": 8.4661106 }, "geometry": { "type": "Point", "coordinates": [ 2677439.626433776225895, 1259771.067210644949228 ] } },
{ "type": "Feature", "properties": { "osm_id": 4906663386, "name": "TopPharm", "postcode": "4436", "city": "Oberdorf BL", "lat": 47.3942857, "lon": 7.7489748 }, "geometry": { "type": "Point", "coordinates": [ 2623430.614787972532213, 1249319.692131720948964 ] } },
{ "type": "Feature", "properties": { "osm_id": 4912996195, "name": "Apotheke Drogerie Brunaupark", "postcode": "8045", "city": "Zürich", "lat": 47.3582478, "lon": 8.5179841 }, "geometry": { "type": "Point", "coordinates": [ 2681541.513013088610023, 1245827.132692675106227 ] } },
{ "type": "Feature", "properties": { "osm_id": 4938686331, "name": "Quellen Apotheke", "postcode": "5330", "city": "Bad Zurzach", "lat": 47.587857, "lon": 8.2928927 }, "geometry": { "type": "Point", "coordinates": [ 2664259.610536206979305, 1271145.377718709874898 ] } },
{ "type": "Feature", "properties": { "osm_id": 4977489223, "name": "Pharmacie du Val-Terbi", "postcode": "2822", "city": "Courroux", "lat": 47.3619572, "lon": 7.3757338 }, "geometry": { "type": "Point", "coordinates": [ 2595248.984393413178623, 1245681.217636941699311 ] } },
{ "type": "Feature", "properties": { "osm_id": 4990200121, "name": "Amavita", "postcode": "1003", "city": "", "lat": 46.5176214, "lon": 6.6377637 }, "geometry": { "type": "Point", "coordinates": [ 2538541.357563163619488, 1152127.784930182155222 ] } },
{ "type": "Feature", "properties": { "osm_id": 4995399481, "name": "Coop Vitality", "postcode": "8400", "city": "Winterthur", "lat": 47.500548, "lon": 8.7257688 }, "geometry": { "type": "Point", "coordinates": [ 2696978.043317433446646, 1261883.222543885232881 ] } },
{ "type": "Feature", "properties": { "osm_id": 5029315328, "name": "Metro Flon Pharmacie", "postcode": "1003", "city": "Lausanne", "lat": 46.5202985, "lon": 6.630288 }, "geometry": { "type": "Point", "coordinates": [ 2537970.77025677356869, 1152431.264486505184323 ] } },
{ "type": "Feature", "properties": { "osm_id": 5052058326, "name": "Pharmacie Perle du Lac", "postcode": "", "city": "", "lat": 46.2228921, "lon": 6.148535 }, "geometry": { "type": "Point", "coordinates": [ 2500461.59017219953239, 1119869.67814136785455 ] } },
{ "type": "Feature", "properties": { "osm_id": 5077871748, "name": "Central Apotheke", "postcode": "5734", "city": "Reinach AG", "lat": 47.2530546, "lon": 8.1833272 }, "geometry": { "type": "Point", "coordinates": [ 2656371.309698045719415, 1233838.509861479746178 ] } },
{ "type": "Feature", "properties": { "osm_id": 5080302185, "name": "APODRO Apotheke", "postcode": "8606", "city": "Greifensee", "lat": 47.3677812, "lon": 8.6797796 }, "geometry": { "type": "Point", "coordinates": [ 2693746.841259772889316, 1247067.671807077946141 ] } },
{ "type": "Feature", "properties": { "osm_id": 5110767007, "name": "Farmacia Bernina", "postcode": "", "city": "", "lat": 46.3230966, "lon": 10.0621274 }, "geometry": { "type": "Point", "coordinates": [ 2802013.245159322861582, 1133566.429440644802526 ] } },
{ "type": "Feature", "properties": { "osm_id": 5111530091, "name": "Sun Store", "postcode": "", "city": "", "lat": 46.3171577, "lon": 6.9376766 }, "geometry": { "type": "Point", "coordinates": [ 2561413.376793892588466, 1129652.295291060581803 ] } },
{ "type": "Feature", "properties": { "osm_id": 5124124795, "name": "Brüggmoos", "postcode": "", "city": "", "lat": 47.1200426, "lon": 7.2662665 }, "geometry": { "type": "Point", "coordinates": [ 2586920.010390541050583, 1218798.234795893775299 ] } },
{ "type": "Feature", "properties": { "osm_id": 5132850083, "name": "Dr. Kunz", "postcode": "8925", "city": "Schlieren", "lat": 47.399918, "lon": 8.4415944 }, "geometry": { "type": "Point", "coordinates": [ 2675711.673870479222387, 1250383.174265257548541 ] } },
{ "type": "Feature", "properties": { "osm_id": 5147372992, "name": "TopPharm", "postcode": "", "city": "", "lat": 46.8521325, "lon": 9.5311332 }, "geometry": { "type": "Point", "coordinates": [ 2759568.150866824667901, 1191127.166803741827607 ] } },
{ "type": "Feature", "properties": { "osm_id": 5149146617, "name": "Pharmacie BENU", "postcode": "", "city": "", "lat": 46.3066772, "lon": 7.4677492 }, "geometry": { "type": "Point", "coordinates": [ 2602242.284014158882201, 1128363.874985930277035 ] } },
{ "type": "Feature", "properties": { "osm_id": 5149445687, "name": "Pharmacie BENU", "postcode": "", "city": "", "lat": 46.3124996, "lon": 7.483051 }, "geometry": { "type": "Point", "coordinates": [ 2603420.770939158741385, 1129011.66189794219099 ] } },
{ "type": "Feature", "properties": { "osm_id": 5151576285, "name": "Pharmacie-Parfumerie Internationale", "postcode": "", "city": "", "lat": 46.3113197, "lon": 7.481095 }, "geometry": { "type": "Point", "coordinates": [ 2603270.166935330722481, 1128880.416415570070967 ] } },
{ "type": "Feature", "properties": { "osm_id": 5151576291, "name": "Pharmacie des Alpes", "postcode": "", "city": "", "lat": 46.3123596, "lon": 7.483356 }, "geometry": { "type": "Point", "coordinates": [ 2603444.274215761106461, 1128996.111847634892911 ] } },
{ "type": "Feature", "properties": { "osm_id": 5153714639, "name": "Amavita", "postcode": "", "city": "", "lat": 46.2924098, "lon": 7.880513 }, "geometry": { "type": "Point", "coordinates": [ 2634050.219729293137789, 1126873.000927658285946 ] } },
{ "type": "Feature", "properties": { "osm_id": 5164493775, "name": "Pharmacieplus de Troistorrents", "postcode": "1872", "city": "Troistorrents", "lat": 46.2284756, "lon": 6.916316 }, "geometry": { "type": "Point", "coordinates": [ 2559702.317471011076123, 1119804.89964245678857 ] } },
{ "type": "Feature", "properties": { "osm_id": 5165146508, "name": "Farmacia Centrale", "postcode": "", "city": "", "lat": 46.3600279, "lon": 8.9698033 }, "geometry": { "type": "Point", "coordinates": [ 2717836.750474057160318, 1135443.531056289561093 ] } },
{ "type": "Feature", "properties": { "osm_id": 5165148069, "name": "Martinoli", "postcode": "", "city": "", "lat": 46.4391697, "lon": 8.9527639 }, "geometry": { "type": "Point", "coordinates": [ 2716355.791982104070485, 1144214.234891199273989 ] } },
{ "type": "Feature", "properties": { "osm_id": 5166999315, "name": "Pharmacie et orthopédie de Montreux", "postcode": "", "city": "", "lat": 46.4351644, "lon": 6.9103098 }, "geometry": { "type": "Point", "coordinates": [ 2559394.058450917247683, 1142784.090172735974193 ] } },
{ "type": "Feature", "properties": { "osm_id": 5173415122, "name": "Drogerie A. Jost", "postcode": "", "city": "", "lat": 47.1210048, "lon": 7.9921474 }, "geometry": { "type": "Point", "coordinates": [ 2642003.384881374426186, 1219038.428089218214154 ] } },
{ "type": "Feature", "properties": { "osm_id": 5188816950, "name": "Central Apotheke", "postcode": "", "city": "", "lat": 47.2602777, "lon": 8.5987164 }, "geometry": { "type": "Point", "coordinates": [ 2687801.134811024181545, 1235023.04054327076301 ] } },
{ "type": "Feature", "properties": { "osm_id": 5188816957, "name": "TopPharm Apotheke zum Erzberg", "postcode": "8810", "city": "Horgen", "lat": 47.2590883, "lon": 8.5984176 }, "geometry": { "type": "Point", "coordinates": [ 2687780.476231999695301, 1234890.485096843913198 ] } },
{ "type": "Feature", "properties": { "osm_id": 5190976165, "name": "Coop Vitality", "postcode": "5443", "city": "Niederrohrdorf", "lat": 47.4237491, "lon": 8.3051315 }, "geometry": { "type": "Point", "coordinates": [ 2665381.632697151973844, 1252909.945420623524114 ] } },
{ "type": "Feature", "properties": { "osm_id": 5200587161, "name": "Wolhuser Apotheke", "postcode": "6110", "city": "Wolhusen", "lat": 47.0586095, "lon": 8.0726914 }, "geometry": { "type": "Point", "coordinates": [ 2648171.307278811000288, 1212148.147907356033102 ] } },
{ "type": "Feature", "properties": { "osm_id": 5212252630, "name": "Coop Vitality", "postcode": "6850", "city": "Mendrisio", "lat": 45.8653126, "lon": 8.9767599 }, "geometry": { "type": "Point", "coordinates": [ 2719450.304679963737726, 1080468.900279990863055 ] } },
{ "type": "Feature", "properties": { "osm_id": 5231189093, "name": "Linden-Apotheke", "postcode": "5034", "city": "Suhr", "lat": 47.3728577, "lon": 8.0815929 }, "geometry": { "type": "Point", "coordinates": [ 2648561.480556022841483, 1247089.720279250759631 ] } },
{ "type": "Feature", "properties": { "osm_id": 5263478921, "name": "Pharmacie de Coppet", "postcode": "", "city": "", "lat": 46.3157155, "lon": 6.1924827 }, "geometry": { "type": "Point", "coordinates": [ 2504016.210026425775141, 1130132.216818997170776 ] } },
{ "type": "Feature", "properties": { "osm_id": 5274359352, "name": "Sun Store", "postcode": "8180", "city": "Bülach", "lat": 47.5097634, "lon": 8.5403023 }, "geometry": { "type": "Point", "coordinates": [ 2682990.960341434460133, 1262695.041888038394973 ] } },
{ "type": "Feature", "properties": { "osm_id": 5277788699, "name": "Farmacia Elvetica", "postcode": "6600", "city": "Muralto", "lat": 46.1719477, "lon": 8.8009424 }, "geometry": { "type": "Point", "coordinates": [ 2705205.801915571559221, 1114299.070138717535883 ] } },
{ "type": "Feature", "properties": { "osm_id": 5282331806, "name": "Pharmacieplus du forum", "postcode": "1260", "city": "Nyon", "lat": 46.38974, "lon": 6.2221598 }, "geometry": { "type": "Point", "coordinates": [ 2506429.633111484348774, 1138324.233793470077217 ] } },
{ "type": "Feature", "properties": { "osm_id": 5296894017, "name": "TopPharm St. Peter Apotheke", "postcode": "9500", "city": "Wil SG", "lat": 47.4624529, "lon": 9.0445245 }, "geometry": { "type": "Point", "coordinates": [ 2721077.897563188802451, 1258091.259756083134562 ] } },
{ "type": "Feature", "properties": { "osm_id": 5316593745, "name": "Pharmacie de la Harpe", "postcode": "1180", "city": "Rolle", "lat": 46.4628069, "lon": 6.3349503 }, "geometry": { "type": "Point", "coordinates": [ 2515219.17117872973904, 1146317.441936810035259 ] } },
{ "type": "Feature", "properties": { "osm_id": 5323541398, "name": "Pharmacie Cina", "postcode": "", "city": "", "lat": 46.293145, "lon": 7.5330142 }, "geometry": { "type": "Point", "coordinates": [ 2607272.070959092117846, 1126863.46587448543869 ] } },
{ "type": "Feature", "properties": { "osm_id": 5323681561, "name": "Benu Pharmacie", "postcode": "1950", "city": "Sion", "lat": 46.2310176, "lon": 7.3610093 }, "geometry": { "type": "Point", "coordinates": [ 2594010.647149567026645, 1119955.79731038515456 ] } },
{ "type": "Feature", "properties": { "osm_id": 5332973018, "name": "Pharmacie Populaire de La Sallaz", "postcode": "1010", "city": "Lausanne", "lat": 46.5336252, "lon": 6.6481547 }, "geometry": { "type": "Point", "coordinates": [ 2539356.686061458662152, 1153898.66254172869958 ] } },
{ "type": "Feature", "properties": { "osm_id": 5360433261, "name": "Coop Vitality", "postcode": "", "city": "", "lat": 46.5444894, "lon": 6.5699039 }, "geometry": { "type": "Point", "coordinates": [ 2533367.184346564114094, 1155169.906914084684104 ] } },
{ "type": "Feature", "properties": { "osm_id": 5392974898, "name": "Droguerie de la Résidence", "postcode": "", "city": "", "lat": 46.3073254, "lon": 7.4680892 }, "geometry": { "type": "Point", "coordinates": [ 2602268.451299028005451, 1128435.941742116585374 ] } },
{ "type": "Feature", "properties": { "osm_id": 5407169693, "name": "AmaVita", "postcode": "", "city": "", "lat": 46.2927782, "lon": 7.5314918 }, "geometry": { "type": "Point", "coordinates": [ 2607154.804407437331975, 1126822.551804124843329 ] } },
{ "type": "Feature", "properties": { "osm_id": 5425441457, "name": "Dropa Unterentfelden", "postcode": "5035", "city": "Unterentfelden", "lat": 47.3618585, "lon": 8.0454809 }, "geometry": { "type": "Point", "coordinates": [ 2645843.55398506205529, 1245845.140159312169999 ] } },
{ "type": "Feature", "properties": { "osm_id": 5457011608, "name": "De la Tour d'Ivoire", "postcode": "", "city": "", "lat": 46.4299959, "lon": 6.9118949 }, "geometry": { "type": "Point", "coordinates": [ 2559512.015411086846143, 1142208.724754865281284 ] } },
{ "type": "Feature", "properties": { "osm_id": 5458841621, "name": "Amavita", "postcode": "", "city": "", "lat": 46.4308674, "lon": 6.9107017 }, "geometry": { "type": "Point", "coordinates": [ 2559420.955916938837618, 1142306.220994082745165 ] } },
{ "type": "Feature", "properties": { "osm_id": 5458914503, "name": "Pharmacie du Jazz", "postcode": "1820", "city": "Montreux", "lat": 46.43134, "lon": 6.9102861 }, "geometry": { "type": "Point", "coordinates": [ 2559389.366815437097102, 1142358.972035196144134 ] } },
{ "type": "Feature", "properties": { "osm_id": 5462385098, "name": "Pharmacie du Palace", "postcode": "", "city": "", "lat": 46.4379412, "lon": 6.907419 }, "geometry": { "type": "Point", "coordinates": [ 2559173.979121301323175, 1143094.270539267454296 ] } },
{ "type": "Feature", "properties": { "osm_id": 5464829039, "name": "Pill Apotheke im Dorf", "postcode": "8954", "city": "Geroldswil", "lat": 47.421482, "lon": 8.4099964 }, "geometry": { "type": "Point", "coordinates": [ 2673296.86930046370253, 1252750.543908669613302 ] } },
{ "type": "Feature", "properties": { "osm_id": 5475862598, "name": "Amavita Apotheke Zermatt", "postcode": "", "city": "", "lat": 46.0220896, "lon": 7.7472768 }, "geometry": { "type": "Point", "coordinates": [ 2623901.117351346183568, 1096773.791005991399288 ] } },
{ "type": "Feature", "properties": { "osm_id": 5489126001, "name": "Apotheke Oensingen", "postcode": "", "city": "", "lat": 47.2892163, "lon": 7.7192822 }, "geometry": { "type": "Point", "coordinates": [ 2621230.587291623465717, 1237629.629424682119861 ] } },
{ "type": "Feature", "properties": { "osm_id": 5493987625, "name": "Pharmacie Vipha", "postcode": "1205", "city": "Genève", "lat": 46.1918341, "lon": 6.1440851 }, "geometry": { "type": "Point", "coordinates": [ 2500061.241322222165763, 1116423.236829788656905 ] } },
{ "type": "Feature", "properties": { "osm_id": 5499419504, "name": "CentralApotheke", "postcode": "", "city": "", "lat": 46.7588149, "lon": 7.627001 }, "geometry": { "type": "Point", "coordinates": [ 2614390.823341780807823, 1178642.870696142083034 ] } },
{ "type": "Feature", "properties": { "osm_id": 5522660810, "name": "Pharmacieplus du Léman", "postcode": "", "city": "", "lat": 46.1055526, "lon": 7.07497 }, "geometry": { "type": "Point", "coordinates": [ 2571878.814096212852746, 1106070.894113322719932 ] } },
{ "type": "Feature", "properties": { "osm_id": 5531774484, "name": "Amavita", "postcode": "1066", "city": "Épalinges", "lat": 46.5480574, "lon": 6.6707567 }, "geometry": { "type": "Point", "coordinates": [ 2541106.31009045895189, 1155485.696019366150722 ] } },
{ "type": "Feature", "properties": { "osm_id": 5533502002, "name": "Galerie Apotheke", "postcode": "", "city": "", "lat": 46.4966733, "lon": 9.8371555 }, "geometry": { "type": "Point", "coordinates": [ 2784105.77943024598062, 1152298.45345744304359 ] } },
{ "type": "Feature", "properties": { "osm_id": 5540675032, "name": "Amavita", "postcode": "", "city": "", "lat": 47.4165509, "lon": 7.0740826 }, "geometry": { "type": "Point", "coordinates": [ 2572489.638121119234711, 1251813.416122763417661 ] } },
{ "type": "Feature", "properties": { "osm_id": 5545089702, "name": "Zanini", "postcode": "", "city": "", "lat": 45.850542, "lon": 8.9424638 }, "geometry": { "type": "Point", "coordinates": [ 2716818.666777944657952, 1078775.521411941386759 ] } },
{ "type": "Feature", "properties": { "osm_id": 5545725448, "name": "Pharmacie de Montolivet", "postcode": "1006", "city": "Lausanne", "lat": 46.5110647, "lon": 6.6365499 }, "geometry": { "type": "Point", "coordinates": [ 2538440.749360334593803, 1151399.898053015116602 ] } },
{ "type": "Feature", "properties": { "osm_id": 5552750621, "name": "Pharmacie du Rond-Point", "postcode": "1205", "city": "Genève", "lat": 46.1974042, "lon": 6.1427968 }, "geometry": { "type": "Point", "coordinates": [ 2499972.036603328771889, 1117043.999363160459325 ] } },
{ "type": "Feature", "properties": { "osm_id": 5552984242, "name": "Farmacia Muraccio", "postcode": "6612", "city": "Ascona", "lat": 46.1541141, "lon": 8.7742173 }, "geometry": { "type": "Point", "coordinates": [ 2703175.859917072113603, 1112281.386560862883925 ] } },
{ "type": "Feature", "properties": { "osm_id": 5553205093, "name": "Sun Store", "postcode": "1008", "city": "Prilly", "lat": 46.5274652, "lon": 6.602277 }, "geometry": { "type": "Point", "coordinates": [ 2535829.92321724165231, 1153250.479833351448178 ] } },
{ "type": "Feature", "properties": { "osm_id": 5569017662, "name": "Pharmacie Plus de Mauvernay", "postcode": "", "city": "", "lat": 46.4167945, "lon": 6.2765802 }, "geometry": { "type": "Point", "coordinates": [ 2510659.879477213136852, 1141267.871600939892232 ] } },
{ "type": "Feature", "properties": { "osm_id": 5573552821, "name": "Farmacia Asioli", "postcode": "", "city": "", "lat": 46.005815, "lon": 8.9437467 }, "geometry": { "type": "Point", "coordinates": [ 2716587.133021465502679, 1096035.667691824724898 ] } },
{ "type": "Feature", "properties": { "osm_id": 5612080901, "name": "Benu", "postcode": "1966", "city": "St-Romain (Ayent)", "lat": 46.2833116, "lon": 7.4112792 }, "geometry": { "type": "Point", "coordinates": [ 2597890.915103182196617, 1125766.435834682080895 ] } },
{ "type": "Feature", "properties": { "osm_id": 5632591925, "name": "Coop Vitality", "postcode": "", "city": "", "lat": 46.8332433, "lon": 9.2825662 }, "geometry": { "type": "Point", "coordinates": [ 2740666.211667633615434, 1188552.279612641781569 ] } },
{ "type": "Feature", "properties": { "osm_id": 5681412443, "name": "Son Mitgel", "postcode": "", "city": "", "lat": 46.5957313, "lon": 9.5997189 }, "geometry": { "type": "Point", "coordinates": [ 2765582.139137411024421, 1162776.399537718389183 ] } },
{ "type": "Feature", "properties": { "osm_id": 5685183251, "name": "Drogerie Dornau AG", "postcode": "9477", "city": "Trübbach", "lat": 47.0768538, "lon": 9.4833944 }, "geometry": { "type": "Point", "coordinates": [ 2755277.451229555997998, 1216005.189283209154382 ] } },
{ "type": "Feature", "properties": { "osm_id": 5686858344, "name": "Amavita", "postcode": "9500", "city": "Wil SG", "lat": 47.4624555, "lon": 9.0424464 }, "geometry": { "type": "Point", "coordinates": [ 2720921.233732264488935, 1258088.34363245498389 ] } },
{ "type": "Feature", "properties": { "osm_id": 5707270821, "name": "Voirol", "postcode": "2854", "city": "Bassecourt", "lat": 47.3378421, "lon": 7.2430576 }, "geometry": { "type": "Point", "coordinates": [ 2585219.473532100208104, 1243016.724254152737558 ] } },
{ "type": "Feature", "properties": { "osm_id": 5718157591, "name": "Rosen-Apotheke & Drogerie", "postcode": "", "city": "", "lat": 47.5557391, "lon": 7.5747211 }, "geometry": { "type": "Point", "coordinates": [ 2610244.010049204342067, 1267233.666084437863901 ] } },
{ "type": "Feature", "properties": { "osm_id": 5735111883, "name": "Pharmacie St-Raphaël", "postcode": "1637", "city": "Charmey (Gruyère)", "lat": 46.6201839, "lon": 7.1635417 }, "geometry": { "type": "Point", "coordinates": [ 2578928.98006165586412, 1163251.805989789078012 ] } },
{ "type": "Feature", "properties": { "osm_id": 5743061902, "name": "Unbekannt", "postcode": "", "city": "", "lat": 47.3819205, "lon": 8.2408438 }, "geometry": { "type": "Point", "coordinates": [ 2660578.558528324123472, 1248207.995111108059064 ] } },
{ "type": "Feature", "properties": { "osm_id": 5744122055, "name": "Unbekannt", "postcode": "", "city": "", "lat": 47.522025, "lon": 7.6921037 }, "geometry": { "type": "Point", "coordinates": [ 2619091.272010858636349, 1263506.924070405075327 ] } },
{ "type": "Feature", "properties": { "osm_id": 5764099270, "name": "Gemmi", "postcode": "", "city": "", "lat": 46.3792703, "lon": 7.626455 }, "geometry": { "type": "Point", "coordinates": [ 2614449.680223998613656, 1136450.445017994847149 ] } },
{ "type": "Feature", "properties": { "osm_id": 5771206895, "name": "Coop Vitality", "postcode": "", "city": "", "lat": 46.9434892, "lon": 7.4062092 }, "geometry": { "type": "Point", "coordinates": [ 2597531.391910611651838, 1199156.35897520231083 ] } },
{ "type": "Feature", "properties": { "osm_id": 5772610781, "name": "Amavita", "postcode": "6030", "city": "Ebikon", "lat": 47.0816293, "lon": 8.3415469 }, "geometry": { "type": "Point", "coordinates": [ 2668566.773546224460006, 1214907.121810291195288 ] } },
{ "type": "Feature", "properties": { "osm_id": 5791885830, "name": "Apotheke Hotz", "postcode": "", "city": "", "lat": 47.3184226, "lon": 8.5816755 }, "geometry": { "type": "Point", "coordinates": [ 2686417.326128148473799, 1241467.937689519952983 ] } },
{ "type": "Feature", "properties": { "osm_id": 5820375400, "name": "TopPharm", "postcode": "4051", "city": "Basel", "lat": 47.5567796, "lon": 7.5854177 }, "geometry": { "type": "Point", "coordinates": [ 2611048.910949584562331, 1267350.800363251240924 ] } },
{ "type": "Feature", "properties": { "osm_id": 5825006347, "name": "Sun Store", "postcode": "", "city": "", "lat": 46.5314827, "lon": 6.6187901 }, "geometry": { "type": "Point", "coordinates": [ 2537101.521994983311743, 1153683.665525078307837 ] } },
{ "type": "Feature", "properties": { "osm_id": 5837045904, "name": "Rike", "postcode": "", "city": "", "lat": 47.4291342, "lon": 8.686936 }, "geometry": { "type": "Point", "coordinates": [ 2694178.813474898226559, 1253896.789307361235842 ] } },
{ "type": "Feature", "properties": { "osm_id": 5838514896, "name": "Benu", "postcode": "1018", "city": "Lausanne", "lat": 46.5291551, "lon": 6.630514 }, "geometry": { "type": "Point", "coordinates": [ 2537998.271644602529705, 1153415.581359832547605 ] } },
{ "type": "Feature", "properties": { "osm_id": 5862281351, "name": "Pharmacieplus", "postcode": "", "city": "Vuadens", "lat": 46.6178779, "lon": 7.0213652 }, "geometry": { "type": "Point", "coordinates": [ 2568037.688521143980324, 1163043.676113558467478 ] } },
{ "type": "Feature", "properties": { "osm_id": 5869402314, "name": "Pill Apoteca & Drogaria", "postcode": "", "city": "", "lat": 46.7748764, "lon": 9.2076937 }, "geometry": { "type": "Point", "coordinates": [ 2735101.782504457514733, 1181933.861598702147603 ] } },
{ "type": "Feature", "properties": { "osm_id": 5879134680, "name": "Geno", "postcode": "", "city": "", "lat": 47.1391946, "lon": 7.2464856 }, "geometry": { "type": "Point", "coordinates": [ 2585424.157323963008821, 1220930.955279868328944 ] } },
{ "type": "Feature", "properties": { "osm_id": 5887023530, "name": "Unbekannt", "postcode": "", "city": "", "lat": 47.3214091, "lon": 7.8986486 }, "geometry": { "type": "Point", "coordinates": [ 2634777.918141999747604, 1241272.681283052545041 ] } },
{ "type": "Feature", "properties": { "osm_id": 5910541609, "name": "Sun Store", "postcode": "1024", "city": "Ecublens (VD)", "lat": 46.5344224, "lon": 6.5657762 }, "geometry": { "type": "Point", "coordinates": [ 2533038.126862819306552, 1154054.392862640554085 ] } },
{ "type": "Feature", "properties": { "osm_id": 5912598818, "name": "Amavita Pratteln", "postcode": "4133", "city": "Pratteln", "lat": 47.5205035, "lon": 7.6937526 }, "geometry": { "type": "Point", "coordinates": [ 2619216.008921298664063, 1263338.154728923924267 ] } },
{ "type": "Feature", "properties": { "osm_id": 5921442882, "name": "Amavita", "postcode": "8370", "city": "Sirnach", "lat": 47.4616828, "lon": 8.9987458 }, "geometry": { "type": "Point", "coordinates": [ 2717628.545757234562188, 1257936.0080708747264 ] } },
{ "type": "Feature", "properties": { "osm_id": 5926537691, "name": "Rathaus Apotheke", "postcode": "6340", "city": "Baar", "lat": 47.1943158, "lon": 8.5261526 }, "geometry": { "type": "Point", "coordinates": [ 2682411.148516729008406, 1227611.616470423759893 ] } },
{ "type": "Feature", "properties": { "osm_id": 5940936929, "name": "City Apotheke", "postcode": "3902", "city": "Brig-Glis", "lat": 46.3156598, "lon": 7.9875246 }, "geometry": { "type": "Point", "coordinates": [ 2642278.294273851439357, 1129509.536244175862521 ] } },
{ "type": "Feature", "properties": { "osm_id": 5959168888, "name": "Unbekannt", "postcode": "", "city": "", "lat": 46.3566, "lon": 8.0467202 }, "geometry": { "type": "Point", "coordinates": [ 2646802.580774960573763, 1134094.11190692638047 ] } },
{ "type": "Feature", "properties": { "osm_id": 5974493686, "name": "Farmacia Zintgraff SA", "postcode": "", "city": "", "lat": 46.1680683, "lon": 8.7971353 }, "geometry": { "type": "Point", "coordinates": [ 2704919.288886462338269, 1113862.780726180644706 ] } },
{ "type": "Feature", "properties": { "osm_id": 5993919129, "name": "Bahnhofpärkli Rotpunkt Apotheke", "postcode": "9000", "city": "St.Gallen", "lat": 47.4241072, "lon": 9.3717915 }, "geometry": { "type": "Point", "coordinates": [ 2745852.907351658213884, 1254385.666647205594927 ] } },
{ "type": "Feature", "properties": { "osm_id": 6008169101, "name": "Wildbach Apotheke", "postcode": "8424", "city": "Embrach", "lat": 47.5086319, "lon": 8.5937021 }, "geometry": { "type": "Point", "coordinates": [ 2687015.205829517915845, 1262627.093276163563132 ] } },
{ "type": "Feature", "properties": { "osm_id": 6041763526, "name": "Coop Vitality", "postcode": "9532", "city": "", "lat": 47.4466759, "lon": 9.0532869 }, "geometry": { "type": "Point", "coordinates": [ 2721774.552692090626806, 1256351.025922715896741 ] } },
{ "type": "Feature", "properties": { "osm_id": 6052320028, "name": "Pharmacie Dufour", "postcode": "", "city": "", "lat": 47.1423023, "lon": 7.2526805 }, "geometry": { "type": "Point", "coordinates": [ 2585894.920009452383965, 1221275.314149695914239 ] } },
{ "type": "Feature", "properties": { "osm_id": 6080658594, "name": "Pharmacie de Maillefer", "postcode": "1052", "city": "Le Mont-sur-Lausanne", "lat": 46.5422178, "lon": 6.6269613 }, "geometry": { "type": "Point", "coordinates": [ 2537740.75869407877326, 1154870.444555074442178 ] } },
{ "type": "Feature", "properties": { "osm_id": 6141212185, "name": "Pharmacie de Vex", "postcode": "1981", "city": "", "lat": 46.2122255, "lon": 7.3981732 }, "geometry": { "type": "Point", "coordinates": [ 2596876.625737703870982, 1117864.570269096642733 ] } },
{ "type": "Feature", "properties": { "osm_id": 6167784984, "name": "Steinbock Apotheke", "postcode": "", "city": "", "lat": 46.8522199, "lon": 9.5329337 }, "geometry": { "type": "Point", "coordinates": [ 2759705.159936550073326, 1191140.543479490093887 ] } },
{ "type": "Feature", "properties": { "osm_id": 6167785286, "name": "Amavita Apotheke Landi", "postcode": "", "city": "", "lat": 46.8509365, "lon": 9.5324782 }, "geometry": { "type": "Point", "coordinates": [ 2759674.240826758090407, 1190996.992919199867174 ] } },
{ "type": "Feature", "properties": { "osm_id": 6176417198, "name": "Medicus", "postcode": "", "city": "", "lat": 47.3738039, "lon": 9.1993256 }, "geometry": { "type": "Point", "coordinates": [ 2732968.555891577154398, 1248487.84658553940244 ] } },
{ "type": "Feature", "properties": { "osm_id": 6184860865, "name": "DROPA Drogerie Apotheke", "postcode": "", "city": "", "lat": 46.7935208, "lon": 9.8209948 }, "geometry": { "type": "Point", "coordinates": [ 2781863.646277334075421, 1185244.84571797051467 ] } },
{ "type": "Feature", "properties": { "osm_id": 6189549694, "name": "Amavita", "postcode": "", "city": "Bern", "lat": 46.9477825, "lon": 7.4416978 }, "geometry": { "type": "Point", "coordinates": [ 2600233.365439132787287, 1199633.109272891888395 ] } },
{ "type": "Feature", "properties": { "osm_id": 6191660982, "name": "Vitalis", "postcode": "8910", "city": "Affoltern am Albis", "lat": 47.2743473, "lon": 8.4463494 }, "geometry": { "type": "Point", "coordinates": [ 2676249.863973278552294, 1236427.867161488393322 ] } },
{ "type": "Feature", "properties": { "osm_id": 6214503529, "name": "Saner Apotheke", "postcode": "4143", "city": "Dornach", "lat": 47.4893046, "lon": 7.6105677 }, "geometry": { "type": "Point", "coordinates": [ 2612958.234978506341577, 1259852.272472353186458 ] } },
{ "type": "Feature", "properties": { "osm_id": 6216324268, "name": "Coop Vitality", "postcode": "", "city": "", "lat": 47.1820705, "lon": 7.563469 }, "geometry": { "type": "Point", "coordinates": [ 2609462.726785369217396, 1225687.087512775324285 ] } },
{ "type": "Feature", "properties": { "osm_id": 6237919573, "name": "Unbekannt", "postcode": "", "city": "", "lat": 46.896705, "lon": 7.4929037 }, "geometry": { "type": "Point", "coordinates": [ 2604135.56565666012466, 1193956.192402344197035 ] } },
{ "type": "Feature", "properties": { "osm_id": 6238261155, "name": "Amavita Mellingen", "postcode": "5507", "city": "Mellingen", "lat": 47.4133574, "lon": 8.2675123 }, "geometry": { "type": "Point", "coordinates": [ 2662555.414147418458015, 1251723.967624922515824 ] } },
{ "type": "Feature", "properties": { "osm_id": 6249075877, "name": "Amavita", "postcode": "8957", "city": "Spreitenbach", "lat": 47.4229999, "lon": 8.370179 }, "geometry": { "type": "Point", "coordinates": [ 2670290.50710091739893, 1252882.872989886207506 ] } },
{ "type": "Feature", "properties": { "osm_id": 6254298944, "name": "Amavita", "postcode": "3072", "city": "Ostermundigen", "lat": 46.9566095, "lon": 7.4956395 }, "geometry": { "type": "Point", "coordinates": [ 2604339.280505210161209, 1200615.936892606550828 ] } },
{ "type": "Feature", "properties": { "osm_id": 6314026265, "name": "Apotheke Ins", "postcode": "3232", "city": "Ins", "lat": 47.0055492, "lon": 7.1036623 }, "geometry": { "type": "Point", "coordinates": [ 2574526.093702598009259, 1206109.831845480715856 ] } },
{ "type": "Feature", "properties": { "osm_id": 6357732238, "name": "Hammer Apotheke", "postcode": "", "city": "", "lat": 47.3499325, "lon": 7.899276 }, "geometry": { "type": "Point", "coordinates": [ 2634806.755611061118543, 1244444.15736653492786 ] } },
{ "type": "Feature", "properties": { "osm_id": 6377467452, "name": "Droguerie Jaquet", "postcode": "", "city": "", "lat": 46.4607078, "lon": 6.8440147 }, "geometry": { "type": "Point", "coordinates": [ 2554320.484376397915184, 1145660.096974343527108 ] } },
{ "type": "Feature", "properties": { "osm_id": 6405836986, "name": "Pharmacie Principale", "postcode": "1204", "city": "Genève", "lat": 46.2040321, "lon": 6.1437201 }, "geometry": { "type": "Point", "coordinates": [ 2500055.478381020016968, 1117779.513916692929342 ] } },
{ "type": "Feature", "properties": { "osm_id": 6410200535, "name": "Sun Store", "postcode": "1680", "city": "Romont FR", "lat": 46.6927088, "lon": 6.9122138 }, "geometry": { "type": "Point", "coordinates": [ 2559732.969561049714684, 1171412.593460344709456 ] } },
{ "type": "Feature", "properties": { "osm_id": 6416472355, "name": "Central Apotheke", "postcode": "", "city": "", "lat": 46.3224791, "lon": 7.9863534 }, "geometry": { "type": "Point", "coordinates": [ 2642182.795527942012995, 1130266.956466111820191 ] } },
{ "type": "Feature", "properties": { "osm_id": 6431135291, "name": "Unbekannt", "postcode": "", "city": "", "lat": 46.2374858, "lon": 9.1277761 }, "geometry": { "type": "Point", "coordinates": [ 2730285.684826228301972, 1122073.829241022001952 ] } },
{ "type": "Feature", "properties": { "osm_id": 6431162086, "name": "L’altra Farmacia", "postcode": "", "city": "", "lat": 46.237655, "lon": 9.1288702 }, "geometry": { "type": "Point", "coordinates": [ 2730369.656231425236911, 1122094.451732889050618 ] } },
{ "type": "Feature", "properties": { "osm_id": 6441273130, "name": "Battenberg", "postcode": "2504", "city": "Biel/Bienne", "lat": 47.1429739, "lon": 7.2729271 }, "geometry": { "type": "Point", "coordinates": [ 2587430.877335566561669, 1221346.516245918814093 ] } },
{ "type": "Feature", "properties": { "osm_id": 6445018251, "name": "Waldegg Rotpunkt Apotheke", "postcode": "8142", "city": "Uitikon Waldegg", "lat": 47.3684193, "lon": 8.4628225 }, "geometry": { "type": "Point", "coordinates": [ 2677359.744586805347353, 1246902.068304491229355 ] } },
{ "type": "Feature", "properties": { "osm_id": 6451210302, "name": "BENU Pharmacie Bonvin", "postcode": "", "city": "", "lat": 46.2922867, "lon": 7.5296655 }, "geometry": { "type": "Point", "coordinates": [ 2607014.133704848121852, 1126767.750755198998377 ] } },
{ "type": "Feature", "properties": { "osm_id": 6498438965, "name": "Amavita", "postcode": "", "city": "", "lat": 47.0171572, "lon": 7.4930028 }, "geometry": { "type": "Point", "coordinates": [ 2604133.99363948777318, 1207346.972396579105407 ] } },
{ "type": "Feature", "properties": { "osm_id": 6533675259, "name": "Central Apotheke Olten", "postcode": "4600", "city": "Olten", "lat": 47.3530138, "lon": 7.9026492 }, "geometry": { "type": "Point", "coordinates": [ 2635059.608186508063227, 1244788.234091265592724 ] } },
{ "type": "Feature", "properties": { "osm_id": 6541908757, "name": "Amavita", "postcode": "", "city": "", "lat": 46.9579601, "lon": 7.4536569 }, "geometry": { "type": "Point", "coordinates": [ 2601143.616472098045051, 1200764.655061123427004 ] } },
{ "type": "Feature", "properties": { "osm_id": 6568601947, "name": "Amavita", "postcode": "2525", "city": "Le Landeron", "lat": 47.0563218, "lon": 7.0607007 }, "geometry": { "type": "Point", "coordinates": [ 2571286.228755218442529, 1211769.172517007915303 ] } },
{ "type": "Feature", "properties": { "osm_id": 6572484506, "name": "TopPharm", "postcode": "5745", "city": "Safenwil", "lat": 47.3211816, "lon": 7.98545 }, "geometry": { "type": "Point", "coordinates": [ 2641340.219264872837812, 1241289.444224819540977 ] } },
{ "type": "Feature", "properties": { "osm_id": 6576844116, "name": "Zentral-Apotheke", "postcode": "3052", "city": "Zollikofen", "lat": 46.9941278, "lon": 7.4578097 }, "geometry": { "type": "Point", "coordinates": [ 2601458.777225055731833, 1204785.528529163450003 ] } },
{ "type": "Feature", "properties": { "osm_id": 6598213468, "name": "Pharmacie Principale", "postcode": "", "city": "", "lat": 46.3338989, "lon": 6.1570939 }, "geometry": { "type": "Point", "coordinates": [ 2501323.74291711486876, 1132197.277606581104919 ] } },
{ "type": "Feature", "properties": { "osm_id": 6598213469, "name": "Pharmacie des Saules", "postcode": "1260", "city": "Nyon", "lat": 46.383622, "lon": 6.2243515 }, "geometry": { "type": "Point", "coordinates": [ 2506587.661217894870788, 1137641.592439448228106 ] } },
{ "type": "Feature", "properties": { "osm_id": 6598213470, "name": "Sun Store", "postcode": "", "city": "", "lat": 46.3975594, "lon": 6.2058444 }, "geometry": { "type": "Point", "coordinates": [ 2505188.453662665560842, 1139212.987485694698989 ] } },
{ "type": "Feature", "properties": { "osm_id": 6598213471, "name": "Sun Store", "postcode": "", "city": "", "lat": 46.4178677, "lon": 6.2755752 }, "geometry": { "type": "Point", "coordinates": [ 2510584.391242132522166, 1141388.307440051343292 ] } },
{ "type": "Feature", "properties": { "osm_id": 6598213472, "name": "Pharmacie des Fontaines", "postcode": "", "city": "", "lat": 46.3857967, "lon": 6.2197389 }, "geometry": { "type": "Point", "coordinates": [ 2506236.615497310645878, 1137888.824140095151961 ] } },
{ "type": "Feature", "properties": { "osm_id": 6598213473, "name": "Pharmacie de Prangins", "postcode": "", "city": "", "lat": 46.3940625, "lon": 6.2489258 }, "geometry": { "type": "Point", "coordinates": [ 2508495.577398546971381, 1138773.07172578247264 ] } },
{ "type": "Feature", "properties": { "osm_id": 6598213474, "name": "Pharmacie de Mies", "postcode": "", "city": "", "lat": 46.3067414, "lon": 6.1721698 }, "geometry": { "type": "Point", "coordinates": [ 2502435.647496767342091, 1129159.830368838505819 ] } },
{ "type": "Feature", "properties": { "osm_id": 6598213475, "name": "Pharmacie de Crans", "postcode": "", "city": "", "lat": 46.3569137, "lon": 6.2042364 }, "geometry": { "type": "Point", "coordinates": [ 2504993.6055330443196, 1134697.115334214409813 ] } },
{ "type": "Feature", "properties": { "osm_id": 6598213476, "name": "Coop Vitality", "postcode": "", "city": "", "lat": 46.4273485, "lon": 6.2661056 }, "geometry": { "type": "Point", "coordinates": [ 2509872.204626371152699, 1142452.975810218136758 ] } },
{ "type": "Feature", "properties": { "osm_id": 6598213477, "name": "Benu", "postcode": "", "city": "", "lat": 46.4236176, "lon": 6.2617014 }, "geometry": { "type": "Point", "coordinates": [ 2509527.467626022640616, 1142043.353200810262933 ] } },
{ "type": "Feature", "properties": { "osm_id": 6598213478, "name": "Amavita", "postcode": "", "city": "", "lat": 46.4230774, "lon": 6.261069 }, "geometry": { "type": "Point", "coordinates": [ 2509477.955481747630984, 1141984.039141680113971 ] } },
{ "type": "Feature", "properties": { "osm_id": 6603137893, "name": "Pharmacie des Moulins", "postcode": "", "city": "", "lat": 46.4646928, "lon": 6.8425642 }, "geometry": { "type": "Point", "coordinates": [ 2554212.431650082580745, 1146103.9251437720377 ] } },
{ "type": "Feature", "properties": { "osm_id": 6604937791, "name": "Apotheke", "postcode": "", "city": "", "lat": 46.1749797, "lon": 7.8016082 }, "geometry": { "type": "Point", "coordinates": [ 2628030.186765532474965, 1113787.829576645512134 ] } },
{ "type": "Feature", "properties": { "osm_id": 6628849390, "name": "Kreuz Apotheke", "postcode": "3052", "city": "Zollikofen", "lat": 46.9973059, "lon": 7.4597159 }, "geometry": { "type": "Point", "coordinates": [ 2601603.681489771232009, 1205138.878624118864536 ] } },
{ "type": "Feature", "properties": { "osm_id": 6635074088, "name": "San Salvatore", "postcode": "6900", "city": "Paradiso", "lat": 45.9914367, "lon": 8.9470321 }, "geometry": { "type": "Point", "coordinates": [ 2716872.32638930529356, 1094442.456558394711465 ] } },
{ "type": "Feature", "properties": { "osm_id": 6654677920, "name": "Pharmacie de Quay", "postcode": "1950", "city": "Sion", "lat": 46.2331928, "lon": 7.3607354 }, "geometry": { "type": "Point", "coordinates": [ 2593989.759767529554665, 1120197.625545140821487 ] } },
{ "type": "Feature", "properties": { "osm_id": 6654677921, "name": "Amavita", "postcode": "1950", "city": "Sion", "lat": 46.2331646, "lon": 7.3604765 }, "geometry": { "type": "Point", "coordinates": [ 2593969.784060542471707, 1120194.510798124130815 ] } },
{ "type": "Feature", "properties": { "osm_id": 6673760486, "name": "Benu", "postcode": "", "city": "", "lat": 46.1928285, "lon": 9.0241488 }, "geometry": { "type": "Point", "coordinates": [ 2722394.194413299672306, 1116943.67451019003056 ] } },
{ "type": "Feature", "properties": { "osm_id": 6689645957, "name": "Farmacia Aldo Cassina", "postcode": "", "city": "", "lat": 46.1807868, "lon": 8.8605917 }, "geometry": { "type": "Point", "coordinates": [ 2709794.016733985859901, 1115363.254594810772687 ] } },
{ "type": "Feature", "properties": { "osm_id": 6689667140, "name": "Unbekannt", "postcode": "", "city": "", "lat": 46.1754074, "lon": 8.8181455 }, "geometry": { "type": "Point", "coordinates": [ 2706527.441871519666165, 1114706.825517777819186 ] } },
{ "type": "Feature", "properties": { "osm_id": 6690423708, "name": "Giacometti Apotheke", "postcode": "7000", "city": "Chur", "lat": 46.8598775, "lon": 9.5167656 }, "geometry": { "type": "Point", "coordinates": [ 2758449.969278760254383, 1191958.743504057172686 ] } },
{ "type": "Feature", "properties": { "osm_id": 6690547557, "name": "Herti Apotheke und Drogerie", "postcode": "6300", "city": "Zug", "lat": 47.1776096, "lon": 8.5058906 }, "geometry": { "type": "Point", "coordinates": [ 2680901.075766867026687, 1225733.374788115266711 ] } },
{ "type": "Feature", "properties": { "osm_id": 6698795588, "name": "Sun Store", "postcode": "", "city": "", "lat": 46.5541777, "lon": 6.5688273 }, "geometry": { "type": "Point", "coordinates": [ 2533296.572727425489575, 1156247.76293509057723 ] } },
{ "type": "Feature", "properties": { "osm_id": 6712018869, "name": "Apotheke Drogerie Durrer & Näpflin", "postcode": "6370", "city": "Stans", "lat": 46.9651589, "lon": 8.3556156 }, "geometry": { "type": "Point", "coordinates": [ 2669786.367798257619143, 1201972.113985671428964 ] } },
{ "type": "Feature", "properties": { "osm_id": 6712081353, "name": "Amavita", "postcode": "", "city": "", "lat": 47.2774959, "lon": 7.368565 }, "geometry": { "type": "Point", "coordinates": [ 2594698.922597721684724, 1236291.260471988702193 ] } },
{ "type": "Feature", "properties": { "osm_id": 6712081356, "name": "Amavita", "postcode": "", "city": "", "lat": 47.2769115, "lon": 7.3699195 }, "geometry": { "type": "Point", "coordinates": [ 2594801.350523404311389, 1236226.195595582015812 ] } },
{ "type": "Feature", "properties": { "osm_id": 6712471055, "name": "Apotheke am Marktplatz", "postcode": "3294", "city": "Büren an der Aare", "lat": 47.1396953, "lon": 7.3718677 }, "geometry": { "type": "Point", "coordinates": [ 2594935.582283902447671, 1220970.799974217545241 ] } },
{ "type": "Feature", "properties": { "osm_id": 6721663777, "name": "Hirsig", "postcode": "", "city": "", "lat": 47.2943147, "lon": 8.5639178 }, "geometry": { "type": "Point", "coordinates": [ 2685113.328325673472136, 1238768.496470255078748 ] } },
{ "type": "Feature", "properties": { "osm_id": 6723639459, "name": "Amavita", "postcode": "6460", "city": "Altdorf UR", "lat": 46.8806434, "lon": 8.6437873 }, "geometry": { "type": "Point", "coordinates": [ 2691860.246775831095874, 1192874.145893263397738 ] } },
{ "type": "Feature", "properties": { "osm_id": 6749364007, "name": "Apotheke im Dorf Rogenmoser", "postcode": "9430", "city": "St. Margrethen", "lat": 47.4520733, "lon": 9.6361919 }, "geometry": { "type": "Point", "coordinates": [ 2765709.321993009652942, 1258019.057635156670585 ] } },
{ "type": "Feature", "properties": { "osm_id": 6750927180, "name": "Medbase Apotheke Mattenhof", "postcode": "6010", "city": "Kriens", "lat": 47.0271152, "lon": 8.3015322 }, "geometry": { "type": "Point", "coordinates": [ 2665594.840362400747836, 1208812.813321397639811 ] } },
{ "type": "Feature", "properties": { "osm_id": 6753134338, "name": "Farmacia Amavita", "postcode": "", "city": "", "lat": 46.1537396, "lon": 8.9621548 }, "geometry": { "type": "Point", "coordinates": [ 2717693.524353378452361, 1112504.323150982148945 ] } },
{ "type": "Feature", "properties": { "osm_id": 6780075813, "name": "Saner Apotheke", "postcode": "4058", "city": "Basel", "lat": 47.5610331, "lon": 7.5920108 }, "geometry": { "type": "Point", "coordinates": [ 2611544.233819597866386, 1267824.684986470732838 ] } },
{ "type": "Feature", "properties": { "osm_id": 6780081106, "name": "Greifen Apotheke", "postcode": "", "city": "", "lat": 47.5621355, "lon": 7.5930825 }, "geometry": { "type": "Point", "coordinates": [ 2611624.650927920825779, 1267947.416777613572776 ] } },
{ "type": "Feature", "properties": { "osm_id": 6780720083, "name": "Burgfelder Apotheke", "postcode": "4055", "city": "Basel", "lat": 47.5648714, "lon": 7.5674821 }, "geometry": { "type": "Point", "coordinates": [ 2609697.485500725917518, 1268248.160857728682458 ] } },
{ "type": "Feature", "properties": { "osm_id": 6781518305, "name": "Pharmacieplus", "postcode": "", "city": "", "lat": 47.4212278, "lon": 7.0794278 }, "geometry": { "type": "Point", "coordinates": [ 2572895.403120569419116, 1252331.538215078180656 ] } },
{ "type": "Feature", "properties": { "osm_id": 6788845366, "name": "pharmacie plus", "postcode": "", "city": "", "lat": 47.4166885, "lon": 7.074785 }, "geometry": { "type": "Point", "coordinates": [ 2572542.716008422896266, 1251828.467919891467318 ] } },
{ "type": "Feature", "properties": { "osm_id": 6788845367, "name": "Benu", "postcode": "", "city": "", "lat": 47.4169092, "lon": 7.0762275 }, "geometry": { "type": "Point", "coordinates": [ 2572651.687896648887545, 1251852.500322700710967 ] } },
{ "type": "Feature", "properties": { "osm_id": 6804197768, "name": "Farmacie Pedroni", "postcode": "", "city": "", "lat": 46.1748507, "lon": 8.8910843 }, "geometry": { "type": "Point", "coordinates": [ 2712160.416634174063802, 1114746.611066435230896 ] } },
{ "type": "Feature", "properties": { "osm_id": 6830661382, "name": "Farmacia San Gottardo", "postcode": "", "city": "", "lat": 46.2021968, "lon": 9.033804 }, "geometry": { "type": "Point", "coordinates": [ 2723118.256143916863948, 1117999.999688201583922 ] } },
{ "type": "Feature", "properties": { "osm_id": 6845255180, "name": "Pharmacie Populaire Nations", "postcode": "1202", "city": "Genève", "lat": 46.2204311, "lon": 6.1402395 }, "geometry": { "type": "Point", "coordinates": [ 2499817.07626424357295, 1119606.711373361293226 ] } },
{ "type": "Feature", "properties": { "osm_id": 6854137287, "name": "Farmacia Internazionale", "postcode": "6815", "city": "Melide", "lat": 45.9542807, "lon": 8.947261 }, "geometry": { "type": "Point", "coordinates": [ 2716969.49266243679449, 1090313.022054622881114 ] } },
{ "type": "Feature", "properties": { "osm_id": 6866520599, "name": "Saint-Léger", "postcode": "", "city": "", "lat": 46.1971435, "lon": 6.145057 }, "geometry": { "type": "Point", "coordinates": [ 2500146.009335277602077, 1117012.139182247919962 ] } },
{ "type": "Feature", "properties": { "osm_id": 6867847233, "name": "Falknis Apotheke", "postcode": "", "city": "", "lat": 46.9679788, "lon": 9.5620169 }, "geometry": { "type": "Point", "coordinates": [ 2761574.127523221075535, 1204064.360023442422971 ] } },
{ "type": "Feature", "properties": { "osm_id": 6869029948, "name": "Benu", "postcode": "7302", "city": "Landquart", "lat": 46.9677016, "lon": 9.5555768 }, "geometry": { "type": "Point", "coordinates": [ 2761085.033493346534669, 1204020.310223326086998 ] } },
{ "type": "Feature", "properties": { "osm_id": 6899946575, "name": "Farmacia Nord", "postcode": "6500", "city": "Bellinzona", "lat": 46.1980105, "lon": 9.0261132 }, "geometry": { "type": "Point", "coordinates": [ 2722534.160376870073378, 1117522.682281396351755 ] } },
{ "type": "Feature", "properties": { "osm_id": 6900042329, "name": "Farmacia Portone", "postcode": "", "city": "", "lat": 46.1939106, "lon": 9.0230721 }, "geometry": { "type": "Point", "coordinates": [ 2722308.659716881345958, 1117062.262710576876998 ] } },
{ "type": "Feature", "properties": { "osm_id": 6902806785, "name": "Entlebucher Drogerie", "postcode": "6162", "city": "", "lat": 46.9928962, "lon": 8.0651532 }, "geometry": { "type": "Point", "coordinates": [ 2647656.91098768170923, 1204838.284673758316785 ] } },
{ "type": "Feature", "properties": { "osm_id": 6915101361, "name": "Amavita", "postcode": "", "city": "", "lat": 46.5846611, "lon": 6.6052249 }, "geometry": { "type": "Point", "coordinates": [ 2536123.755296679213643, 1159605.929211531765759 ] } },
{ "type": "Feature", "properties": { "osm_id": 6927157603, "name": "Coop Vitality", "postcode": "4058", "city": "Basel", "lat": 47.5699173, "lon": 7.6032057 }, "geometry": { "type": "Point", "coordinates": [ 2612384.710220498498529, 1268814.207000841386616 ] } },
{ "type": "Feature", "properties": { "osm_id": 6927604741, "name": "Geno", "postcode": "", "city": "Biel/Bienne", "lat": 47.1373607, "lon": 7.2463572 }, "geometry": { "type": "Point", "coordinates": [ 2585413.914540092460811, 1220727.096079840324819 ] } },
{ "type": "Feature", "properties": { "osm_id": 6945957070, "name": "Pharmacie de Corminboeuf", "postcode": "1720", "city": "Corminboeuf", "lat": 46.812149, "lon": 7.1105955 }, "geometry": { "type": "Point", "coordinates": [ 2574963.132892842870206, 1184607.481617294251919 ] } },
{ "type": "Feature", "properties": { "osm_id": 6982309383, "name": "Pill Apotheke am Bahnhof", "postcode": "8808", "city": "", "lat": 47.2023527, "lon": 8.7784278 }, "geometry": { "type": "Point", "coordinates": [ 2701511.288959306199104, 1228800.686595241073519 ] } },
{ "type": "Feature", "properties": { "osm_id": 6982897950, "name": "Altenburg-Apotheke", "postcode": "5430", "city": "Wettingen", "lat": 47.4655499, "lon": 8.3189683 }, "geometry": { "type": "Point", "coordinates": [ 2666373.506150639615953, 1257568.87281897990033 ] } },
{ "type": "Feature", "properties": { "osm_id": 7001306767, "name": "TopPharm", "postcode": "8340", "city": "Hinwil", "lat": 47.3032289, "lon": 8.8408128 }, "geometry": { "type": "Point", "coordinates": [ 2706037.037990376818925, 1240096.725879645207897 ] } },
{ "type": "Feature", "properties": { "osm_id": 7033038548, "name": "Pharmacie des Vergers SA", "postcode": "1462", "city": "Yvonand", "lat": 46.798517, "lon": 6.7435772 }, "geometry": { "type": "Point", "coordinates": [ 2546938.375011220574379, 1183275.198432756587863 ] } },
{ "type": "Feature", "properties": { "osm_id": 7097903414, "name": "Droguerie du Théâtre", "postcode": "", "city": "", "lat": 46.4609778, "lon": 6.8426849 }, "geometry": { "type": "Point", "coordinates": [ 2554218.558906520251185, 1145690.887603546259925 ] } },
{ "type": "Feature", "properties": { "osm_id": 7098198699, "name": "Puls Apotheke & Drogerie", "postcode": "", "city": "", "lat": 47.3061526, "lon": 8.8182526 }, "geometry": { "type": "Point", "coordinates": [ 2704325.437468179035932, 1240391.487396753625944 ] } },
{ "type": "Feature", "properties": { "osm_id": 7107268780, "name": "Medbase Apotheke Wallisellen", "postcode": "8304", "city": "Wallisellen", "lat": 47.4134652, "lon": 8.5920521 }, "geometry": { "type": "Point", "coordinates": [ 2687046.445740054361522, 1252045.283417254220694 ] } },
{ "type": "Feature", "properties": { "osm_id": 7177210785, "name": "Wellness Apotheke", "postcode": "6048", "city": "Horw", "lat": 47.0197589, "lon": 8.3105185 }, "geometry": { "type": "Point", "coordinates": [ 2666287.004997061099857, 1208002.596390751888976 ] } },
{ "type": "Feature", "properties": { "osm_id": 7179775978, "name": "Alpen Apotheke", "postcode": "", "city": "", "lat": 46.3892557, "lon": 8.0604252 }, "geometry": { "type": "Point", "coordinates": [ 2647828.659592857118696, 1137732.433318602619693 ] } },
{ "type": "Feature", "properties": { "osm_id": 7212296019, "name": "Unbekannt", "postcode": "", "city": "", "lat": 47.316045, "lon": 7.6964749 }, "geometry": { "type": "Point", "coordinates": [ 2619495.531625203322619, 1240606.515768244629726 ] } },
{ "type": "Feature", "properties": { "osm_id": 7233507128, "name": "Sun Store", "postcode": "2900", "city": "Porrentruy", "lat": 47.4164726, "lon": 7.0780002 }, "geometry": { "type": "Point", "coordinates": [ 2572785.240153447724879, 1251803.339625349733979 ] } },
{ "type": "Feature", "properties": { "osm_id": 7240921848, "name": "Benu", "postcode": "", "city": "", "lat": 46.5010472, "lon": 6.6951571 }, "geometry": { "type": "Point", "coordinates": [ 2542928.0515849837102, 1150241.959111132891849 ] } },
{ "type": "Feature", "properties": { "osm_id": 7276399060, "name": "Zentralapotheke", "postcode": "8212", "city": "Neuhausen am Rheinfall", "lat": 47.6815315, "lon": 8.619317 }, "geometry": { "type": "Point", "coordinates": [ 2688655.428913165815175, 1281878.418983943061903 ] } },
{ "type": "Feature", "properties": { "osm_id": 7304472081, "name": "Bälliz Apotheke + Drogerie AG", "postcode": "", "city": "", "lat": 46.7584036, "lon": 7.6273449 }, "geometry": { "type": "Point", "coordinates": [ 2614417.206245386507362, 1178597.210446048295125 ] } },
{ "type": "Feature", "properties": { "osm_id": 7313148738, "name": "TopPharm Fortuna Apotheke", "postcode": "5615", "city": "Fahrwangen", "lat": 47.2951437, "lon": 8.241087 }, "geometry": { "type": "Point", "coordinates": [ 2660695.550671138335019, 1238560.767706125974655 ] } },
{ "type": "Feature", "properties": { "osm_id": 7316128291, "name": "Pharmacie de Lucens", "postcode": "1522", "city": "Lucens", "lat": 46.7075707, "lon": 6.8389065 }, "geometry": { "type": "Point", "coordinates": [ 2554138.326437679585069, 1173105.035680348984897 ] } },
{ "type": "Feature", "properties": { "osm_id": 7329965369, "name": "Horizont Apotheke", "postcode": "8500", "city": "Frauenfeld", "lat": 47.5492095, "lon": 8.910021 }, "geometry": { "type": "Point", "coordinates": [ 2710757.258357428014278, 1267536.872362645110115 ] } },
{ "type": "Feature", "properties": { "osm_id": 7334190685, "name": "Pharmacie de Grandson", "postcode": "1422", "city": "", "lat": 46.8091628, "lon": 6.645262 }, "geometry": { "type": "Point", "coordinates": [ 2539445.095424289349467, 1184529.946198679506779 ] } },
{ "type": "Feature", "properties": { "osm_id": 7372954582, "name": "TopPharm", "postcode": "5018", "city": "Erlinsbach", "lat": 47.4057457, "lon": 8.0080829 }, "geometry": { "type": "Point", "coordinates": [ 2642983.076374941971153, 1250703.334697265410796 ] } },
{ "type": "Feature", "properties": { "osm_id": 7395144131, "name": "Coop Vitality", "postcode": "", "city": "", "lat": 47.0173109, "lon": 8.3002023 }, "geometry": { "type": "Point", "coordinates": [ 2665505.713875611312687, 1207721.802673792233691 ] } },
{ "type": "Feature", "properties": { "osm_id": 7396436322, "name": "Unbekannt", "postcode": "", "city": "", "lat": 46.1493154, "lon": 7.1749628 }, "geometry": { "type": "Point", "coordinates": [ 2579627.103738820645958, 1110904.779945930931717 ] } },
{ "type": "Feature", "properties": { "osm_id": 7416483813, "name": "Meyer", "postcode": "", "city": "", "lat": 47.2416206, "lon": 7.8219392 }, "geometry": { "type": "Point", "coordinates": [ 2629021.96676888410002, 1232370.859269088599831 ] } },
{ "type": "Feature", "properties": { "osm_id": 7418113611, "name": "Coop Vitality", "postcode": "5303", "city": "Würenlingen", "lat": 47.5252542, "lon": 8.2442263 }, "geometry": { "type": "Point", "coordinates": [ 2660670.420056370086968, 1264146.308428292628378 ] } },
{ "type": "Feature", "properties": { "osm_id": 7426131657, "name": "Apotheke Belp", "postcode": "", "city": "", "lat": 46.8913595, "lon": 7.4987738 }, "geometry": { "type": "Point", "coordinates": [ 2604583.33389037521556, 1193362.255920994328335 ] } },
{ "type": "Feature", "properties": { "osm_id": 7429669628, "name": "Coop Vitality", "postcode": "5630", "city": "Muri", "lat": 47.2729826, "lon": 8.340712 }, "geometry": { "type": "Point", "coordinates": [ 2668258.87065145233646, 1236178.898125199368224 ] } },
{ "type": "Feature", "properties": { "osm_id": 7442531318, "name": "Coop Vitality", "postcode": "8184", "city": "Bachenbülach", "lat": 47.5060901, "lon": 8.5416419 }, "geometry": { "type": "Point", "coordinates": [ 2683097.608337278477848, 1262288.077025513164699 ] } },
{ "type": "Feature", "properties": { "osm_id": 7443294875, "name": "Benu", "postcode": "", "city": "", "lat": 46.7967123, "lon": 7.1417728 }, "geometry": { "type": "Point", "coordinates": [ 2577336.139843394979835, 1182881.911193881649524 ] } },
{ "type": "Feature", "properties": { "osm_id": 7457897586, "name": "Dropa Dreispitz", "postcode": "4053", "city": "Basel", "lat": 47.5390964, "lon": 7.6042674 }, "geometry": { "type": "Point", "coordinates": [ 2612471.799492672085762, 1265387.447902712970972 ] } },
{ "type": "Feature", "properties": { "osm_id": 7465426715, "name": "Benu", "postcode": "", "city": "", "lat": 47.2008101, "lon": 8.7938142 }, "geometry": { "type": "Point", "coordinates": [ 2702679.902168257161975, 1228649.23177947406657 ] } },
{ "type": "Feature", "properties": { "osm_id": 7465661977, "name": "Sun Store", "postcode": "4052", "city": "Basel", "lat": 47.5409422, "lon": 7.6205762 }, "geometry": { "type": "Point", "coordinates": [ 2613699.247121955268085, 1265595.385226501151919 ] } },
{ "type": "Feature", "properties": { "osm_id": 7465665985, "name": "Sun Store", "postcode": "4102", "city": "Binningen", "lat": 47.5325493, "lon": 7.5726012 }, "geometry": { "type": "Point", "coordinates": [ 2610088.822997468989342, 1264654.964175791246817 ] } },
{ "type": "Feature", "properties": { "osm_id": 7465666136, "name": "Zur Rose", "postcode": "8005", "city": "Zürich", "lat": 47.3855599, "lon": 8.5313722 }, "geometry": { "type": "Point", "coordinates": [ 2682510.584706411231309, 1248877.449754025787115 ] } },
{ "type": "Feature", "properties": { "osm_id": 7465675393, "name": "Zur Rose", "postcode": "4058", "city": "Basel", "lat": 47.56163, "lon": 7.5920695 }, "geometry": { "type": "Point", "coordinates": [ 2611548.522553623188287, 1267891.06211193301715 ] } },
{ "type": "Feature", "properties": { "osm_id": 7465776000, "name": "Tauben Apotheke Drogerie", "postcode": "8200", "city": "Schaffhausen", "lat": 47.6966494, "lon": 8.6329609 }, "geometry": { "type": "Point", "coordinates": [ 2689654.247820749413222, 1283574.755822982173413 ] } },
{ "type": "Feature", "properties": { "osm_id": 7473206219, "name": "Coop Vitality", "postcode": "8604", "city": "Volketswil", "lat": 47.3824856, "lon": 8.6678529 }, "geometry": { "type": "Point", "coordinates": [ 2692820.457291495986283, 1248688.156360024353489 ] } },
{ "type": "Feature", "properties": { "osm_id": 7473358094, "name": "Coop Vitality", "postcode": "8245", "city": "Feuerthalen", "lat": 47.6906516, "lon": 8.64741 }, "geometry": { "type": "Point", "coordinates": [ 2690749.071036090143025, 1282924.521665667183697 ] } },
{ "type": "Feature", "properties": { "osm_id": 7473433663, "name": "Medbase Apotheke Telli", "postcode": "5000", "city": "Aarau", "lat": 47.3984813, "lon": 8.0582998 }, "geometry": { "type": "Point", "coordinates": [ 2646779.776449027471244, 1249924.380591945489869 ] } },
{ "type": "Feature", "properties": { "osm_id": 7480267579, "name": "Coop Vitality", "postcode": "5610", "city": "Wohlen", "lat": 47.3502049, "lon": 8.2703125 }, "geometry": { "type": "Point", "coordinates": [ 2662841.130323785822839, 1244705.156964313937351 ] } },
{ "type": "Feature", "properties": { "osm_id": 7480280869, "name": "Coop Vitality", "postcode": "4303", "city": "Kaiseraugst", "lat": 47.5379609, "lon": 7.73186 }, "geometry": { "type": "Point", "coordinates": [ 2622078.947819923516363, 1265289.19078023172915 ] } },
{ "type": "Feature", "properties": { "osm_id": 7480283181, "name": "Coop Vitality", "postcode": "5600", "city": "Lenzburg", "lat": 47.3899403, "lon": 8.1713141 }, "geometry": { "type": "Point", "coordinates": [ 2655319.948600456584245, 1249048.286455446155742 ] } },
{ "type": "Feature", "properties": { "osm_id": 7480365130, "name": "Coop Vitality", "postcode": "4622", "city": "Egerkingen", "lat": 47.3178231, "lon": 7.8030932 }, "geometry": { "type": "Point", "coordinates": [ 2627555.796680844388902, 1240836.097211102256551 ] } },
{ "type": "Feature", "properties": { "osm_id": 7480369959, "name": "Coop Vitality", "postcode": "4416", "city": "Bubendorf", "lat": 47.4536499, "lon": 7.7370317 }, "geometry": { "type": "Point", "coordinates": [ 2622503.906540292780846, 1255916.488584984326735 ] } },
{ "type": "Feature", "properties": { "osm_id": 7480385171, "name": "Coop Vitality", "postcode": "4900", "city": "Langenthal", "lat": 47.212166, "lon": 7.7903505 }, "geometry": { "type": "Point", "coordinates": [ 2626644.936706317123026, 1229085.024036863818765 ] } },
{ "type": "Feature", "properties": { "osm_id": 7480432392, "name": "Coop Vitality", "postcode": "4900", "city": "Langenthal", "lat": 47.2207914, "lon": 7.7815041 }, "geometry": { "type": "Point", "coordinates": [ 2625970.59543976560235, 1230041.001498949481174 ] } },
{ "type": "Feature", "properties": { "osm_id": 7480446354, "name": "Coop Vitality", "postcode": "4665", "city": "Oftringen", "lat": 47.3126542, "lon": 7.9123977 }, "geometry": { "type": "Point", "coordinates": [ 2635823.213463646359742, 1240305.505268189590424 ] } },
{ "type": "Feature", "properties": { "osm_id": 7480501323, "name": "Coop Vitality", "postcode": "8800", "city": "Thalwil", "lat": 47.2965644, "lon": 8.5621283 }, "geometry": { "type": "Point", "coordinates": [ 2684974.404728530906141, 1239016.651924886275083 ] } },
{ "type": "Feature", "properties": { "osm_id": 7481793400, "name": "Amavita Vorstadt", "postcode": "8200", "city": "Schaffhausen", "lat": 47.6983863, "lon": 8.6344801 }, "geometry": { "type": "Point", "coordinates": [ 2689765.335605203639716, 1283769.604652476729825 ] } },
{ "type": "Feature", "properties": { "osm_id": 7481893822, "name": "Amavita Kloster", "postcode": "5630", "city": "Muri", "lat": 47.2739371, "lon": 8.3379713 }, "geometry": { "type": "Point", "coordinates": [ 2668050.280845621600747, 1236282.63140413351357 ] } },
{ "type": "Feature", "properties": { "osm_id": 7481914161, "name": "Amavita", "postcode": "6403", "city": "Küssnacht am Rigi", "lat": 47.0837996, "lon": 8.4414643 }, "geometry": { "type": "Point", "coordinates": [ 2676150.944898213725537, 1215240.504832569975406 ] } },
{ "type": "Feature", "properties": { "osm_id": 7481977776, "name": "Amavita Regensdorf", "postcode": "8105", "city": "Regensdorf", "lat": 47.4308171, "lon": 8.4696191 }, "geometry": { "type": "Point", "coordinates": [ 2677781.935289487242699, 1253845.762224279344082 ] } },
{ "type": "Feature", "properties": { "osm_id": 7483026290, "name": "Amavita", "postcode": "4852", "city": "Rothrist", "lat": 47.3066372, "lon": 7.8872649 }, "geometry": { "type": "Point", "coordinates": [ 2633926.692841544747353, 1239625.390983768971637 ] } },
{ "type": "Feature", "properties": { "osm_id": 7483058427, "name": "Amavita Frohsinn", "postcode": "8730", "city": "Uznach", "lat": 47.2264174, "lon": 8.9811583 }, "geometry": { "type": "Point", "coordinates": [ 2716816.926848945207894, 1231757.75402104575187 ] } },
{ "type": "Feature", "properties": { "osm_id": 7483061622, "name": "Amavita", "postcode": "5033", "city": "", "lat": 47.3848568, "lon": 8.0894239 }, "geometry": { "type": "Point", "coordinates": [ 2649141.861994384322315, 1248428.633298905799165 ] } },
{ "type": "Feature", "properties": { "osm_id": 7483062595, "name": "Amavita Brugg", "postcode": "5200", "city": "Brugg AG", "lat": 47.4823072, "lon": 8.2084796 }, "geometry": { "type": "Point", "coordinates": [ 2658025.237432402558625, 1259344.387094702804461 ] } },
{ "type": "Feature", "properties": { "osm_id": 7483095194, "name": "Amavita", "postcode": "6006", "city": "Luzern", "lat": 47.0543098, "lon": 8.3399159 }, "geometry": { "type": "Point", "coordinates": [ 2668477.798135258257389, 1211868.700634107226506 ] } },
{ "type": "Feature", "properties": { "osm_id": 7483095197, "name": "Amavita", "postcode": "6005", "city": "Luzern", "lat": 47.0371249, "lon": 8.3287713 }, "geometry": { "type": "Point", "coordinates": [ 2667652.757506468798965, 1209948.667869508266449 ] } },
{ "type": "Feature", "properties": { "osm_id": 7483099067, "name": "Amavita", "postcode": "4410", "city": "Liestal", "lat": 47.4836208, "lon": 7.7368361 }, "geometry": { "type": "Point", "coordinates": [ 2622476.521685184445232, 1259248.733597791520879 ] } },
{ "type": "Feature", "properties": { "osm_id": 7483102221, "name": "Amavita Liestal", "postcode": "4410", "city": "Liestal", "lat": 47.4837247, "lon": 7.7353366 }, "geometry": { "type": "Point", "coordinates": [ 2622363.46037968993187, 1259259.858314822427928 ] } },
{ "type": "Feature", "properties": { "osm_id": 7483113605, "name": "Amavita Pratteln Bahnhof", "postcode": "4133", "city": "Pratteln", "lat": 47.521971, "lon": 7.6932648 }, "geometry": { "type": "Point", "coordinates": [ 2619178.740794458892196, 1263501.202293436741456 ] } },
{ "type": "Feature", "properties": { "osm_id": 7483122924, "name": "Amavita", "postcode": "4058", "city": "Basel", "lat": 47.5613869, "lon": 7.59228 }, "geometry": { "type": "Point", "coordinates": [ 2611564.417434073518962, 1267864.062970153521746 ] } },
{ "type": "Feature", "properties": { "osm_id": 7483149588, "name": "Amavita", "postcode": "4144", "city": "Arlesheim", "lat": 47.4939624, "lon": 7.619964 }, "geometry": { "type": "Point", "coordinates": [ 2613665.172740725334734, 1260371.740935775451362 ] } },
{ "type": "Feature", "properties": { "osm_id": 7486356363, "name": "Medbase Apotheke Volketswil", "postcode": "8604", "city": "Volketswil", "lat": 47.388053, "lon": 8.681112 }, "geometry": { "type": "Point", "coordinates": [ 2693811.783198188524693, 1249322.845525782322511 ] } },
{ "type": "Feature", "properties": { "osm_id": 7486368942, "name": "Medbase Apotheke Arlesheim", "postcode": "4144", "city": "Arlesheim", "lat": 47.4946516, "lon": 7.6205719 }, "geometry": { "type": "Point", "coordinates": [ 2613710.804725922178477, 1260448.475900352932513 ] } },
{ "type": "Feature", "properties": { "osm_id": 7486384404, "name": "Medbase Apotheke Volta", "postcode": "4056", "city": "Basel", "lat": 47.5705082, "lon": 7.5735249 }, "geometry": { "type": "Point", "coordinates": [ 2610151.168579605408013, 1268875.670383424963802 ] } },
{ "type": "Feature", "properties": { "osm_id": 7486388780, "name": "Medbase Apotheke Vogesen", "postcode": "4056", "city": "Basel", "lat": 47.568252, "lon": 7.5792322 }, "geometry": { "type": "Point", "coordinates": [ 2610581.07530261343345, 1268625.554933448089287 ] } },
{ "type": "Feature", "properties": { "osm_id": 7486445714, "name": "Medbase", "postcode": "4528", "city": "Zuchwil", "lat": 47.2036341, "lon": 7.5603857 }, "geometry": { "type": "Point", "coordinates": [ 2609225.323987656738609, 1228084.084349568001926 ] } },
{ "type": "Feature", "properties": { "osm_id": 7489015226, "name": "Pill Apotheke Oberdorf", "postcode": "8820", "city": "Wädenswil", "lat": 47.2289896, "lon": 8.6679844 }, "geometry": { "type": "Point", "coordinates": [ 2693097.751226048450917, 1231624.741264342330396 ] } },
{ "type": "Feature", "properties": { "osm_id": 7489059376, "name": "Pill Apotheke Waldegg", "postcode": "8810", "city": "Horgen", "lat": 47.2453634, "lon": 8.6083379 }, "geometry": { "type": "Point", "coordinates": [ 2688553.999077792279422, 1233375.890091646462679 ] } },
{ "type": "Feature", "properties": { "osm_id": 7489203698, "name": "Benu", "postcode": "4051", "city": "Basel", "lat": 47.5545975, "lon": 7.5887506 }, "geometry": { "type": "Point", "coordinates": [ 2611300.229686931241304, 1267108.647911836858839 ] } },
{ "type": "Feature", "properties": { "osm_id": 7489755572, "name": "Dropa", "postcode": "4053", "city": "Basel", "lat": 47.5435268, "lon": 7.5919208 }, "geometry": { "type": "Point", "coordinates": [ 2611541.242374493740499, 1265878.175392629345879 ] } },
{ "type": "Feature", "properties": { "osm_id": 7489785841, "name": "Dropa Laufen", "postcode": "4242", "city": "Laufen", "lat": 47.420478, "lon": 7.50152 }, "geometry": { "type": "Point", "coordinates": [ 2604746.154770577792078, 1252187.593050772324204 ] } },
{ "type": "Feature", "properties": { "osm_id": 7489819656, "name": "Dropa", "postcode": "4800", "city": "Zofingen", "lat": 47.2917833, "lon": 7.9429127 }, "geometry": { "type": "Point", "coordinates": [ 2638145.404195822775364, 1237999.496793391183019 ] } },
{ "type": "Feature", "properties": { "osm_id": 7489827245, "name": "Dropa Ebikon", "postcode": "6030", "city": "Ebikon", "lat": 47.0940235, "lon": 8.3596035 }, "geometry": { "type": "Point", "coordinates": [ 2669921.74644654430449, 1216300.868630978977308 ] } },
{ "type": "Feature", "properties": { "osm_id": 7491764632, "name": "Claudia-Apotheke", "postcode": "8302", "city": "Kloten", "lat": 47.4463476, "lon": 8.5800949 }, "geometry": { "type": "Point", "coordinates": [ 2686090.947044277563691, 1255687.698283279780298 ] } },
{ "type": "Feature", "properties": { "osm_id": 7491989729, "name": "TopPharm Zentrums Apotheke", "postcode": "8105", "city": "Regensdorf", "lat": 47.4312086, "lon": 8.4687064 }, "geometry": { "type": "Point", "coordinates": [ 2677712.510558118112385, 1253888.382794223492965 ] } },
{ "type": "Feature", "properties": { "osm_id": 7492114622, "name": "TopPharm Sonnen Apotheke", "postcode": "8193", "city": "Eglisau", "lat": 47.5764678, "lon": 8.5218957 }, "geometry": { "type": "Point", "coordinates": [ 2681502.072832260280848, 1270091.778273790376261 ] } },
{ "type": "Feature", "properties": { "osm_id": 7492151750, "name": "TopPharm", "postcode": "6300", "city": "Zug", "lat": 47.17255, "lon": 8.5149094 }, "geometry": { "type": "Point", "coordinates": [ 2681592.394740699324757, 1225180.258654972538352 ] } },
{ "type": "Feature", "properties": { "osm_id": 7492154190, "name": "TopPharm Damian Apotheke & Drogerie", "postcode": "5415", "city": "Nussbaumen AG", "lat": 47.4877794, "lon": 8.2915355 }, "geometry": { "type": "Point", "coordinates": [ 2664278.438842704053968, 1260017.492137573892251 ] } },
{ "type": "Feature", "properties": { "osm_id": 7492158644, "name": "TopPharm Hallwilersee Apotheke", "postcode": "5616", "city": "Meisterschwanden", "lat": 47.2963676, "lon": 8.2279497 }, "geometry": { "type": "Point", "coordinates": [ 2659700.552960058674216, 1238686.758579227142036 ] } },
{ "type": "Feature", "properties": { "osm_id": 7492260196, "name": "TopPharm", "postcode": "5033", "city": "Buchs AG", "lat": 47.3897635, "lon": 8.0714402 }, "geometry": { "type": "Point", "coordinates": [ 2647779.545683489181101, 1248963.054913605330512 ] } },
{ "type": "Feature", "properties": { "osm_id": 7492330964, "name": "TopPharm", "postcode": "4802", "city": "Strengelbach", "lat": 47.2799737, "lon": 7.9297637 }, "geometry": { "type": "Point", "coordinates": [ 2637159.004909013397992, 1236680.239147409563884 ] } },
{ "type": "Feature", "properties": { "osm_id": 7492349208, "name": "TopPharm Apotheke Drogerie Hägendorf", "postcode": "4614", "city": "Hägendorf", "lat": 47.3329223, "lon": 7.8433451 }, "geometry": { "type": "Point", "coordinates": [ 2630590.397695303428918, 1242529.701253692852333 ] } },
{ "type": "Feature", "properties": { "osm_id": 7492355922, "name": "TopPharm Apotheke Dr. Voegtli", "postcode": "5314", "city": "Kleindöttingen", "lat": 47.5717776, "lon": 8.2493511 }, "geometry": { "type": "Point", "coordinates": [ 2661002.930170449893922, 1269322.87081869551912 ] } },
{ "type": "Feature", "properties": { "osm_id": 7492359202, "name": "Center Apotheke", "postcode": "4460", "city": "Gelterkinden", "lat": 47.4658364, "lon": 7.8504798 }, "geometry": { "type": "Point", "coordinates": [ 2631052.215123609174043, 1257310.074690606677905 ] } },
{ "type": "Feature", "properties": { "osm_id": 7492370190, "name": "TopPharm", "postcode": "4450", "city": "Sissach", "lat": 47.4621826, "lon": 7.8167617 }, "geometry": { "type": "Point", "coordinates": [ 2628511.990492006298155, 1256891.054193839430809 ] } },
{ "type": "Feature", "properties": { "osm_id": 7492379613, "name": "TopPharm Apotheke & Drogerie Münchwilen", "postcode": "9542", "city": "Münchwilen TG", "lat": 47.4770352, "lon": 8.9987017 }, "geometry": { "type": "Point", "coordinates": [ 2717591.279477356467396, 1259642.569195990916342 ] } },
{ "type": "Feature", "properties": { "osm_id": 7492563787, "name": "TopPharm", "postcode": "4310", "city": "Rheinfelden", "lat": 47.5518326, "lon": 7.7965844 }, "geometry": { "type": "Point", "coordinates": [ 2626945.225456356536597, 1266851.7241779435426 ] } },
{ "type": "Feature", "properties": { "osm_id": 7492607433, "name": "TopPharm", "postcode": "4416", "city": "Bubendorf", "lat": 47.4570052, "lon": 7.7436514 }, "geometry": { "type": "Point", "coordinates": [ 2623001.669574380386621, 1256291.459357514511794 ] } },
{ "type": "Feature", "properties": { "osm_id": 7492620577, "name": "TopPharm", "postcode": "4132", "city": "Muttenz", "lat": 47.52795, "lon": 7.6470153 }, "geometry": { "type": "Point", "coordinates": [ 2615693.650074196513742, 1264155.746453555766493 ] } },
{ "type": "Feature", "properties": { "osm_id": 7492653203, "name": "TopPharm Kunz", "postcode": "4147", "city": "Aesch BL", "lat": 47.4699605, "lon": 7.5967311 }, "geometry": { "type": "Point", "coordinates": [ 2611919.783923041075468, 1257699.306428059469908 ] } },
{ "type": "Feature", "properties": { "osm_id": 7492656017, "name": "TopPharm Apotheke Dorenbach", "postcode": "4102", "city": "Binningen", "lat": 47.5433997, "lon": 7.5749154 }, "geometry": { "type": "Point", "coordinates": [ 2610261.002887087874115, 1265861.694698899285868 ] } },
{ "type": "Feature", "properties": { "osm_id": 7532759552, "name": "Mythen Apotheke Drogerie", "postcode": "6438", "city": "Ibach", "lat": 47.015457, "lon": 8.6466258 }, "geometry": { "type": "Point", "coordinates": [ 2691845.869599225465208, 1207863.019116995157674 ] } },
{ "type": "Feature", "properties": { "osm_id": 7557017650, "name": "Unbekannt", "postcode": "6514", "city": "", "lat": 46.1856093, "lon": 8.9919169 }, "geometry": { "type": "Point", "coordinates": [ 2719922.249170806258917, 1116091.52891058078967 ] } },
{ "type": "Feature", "properties": { "osm_id": 7589246017, "name": "Coop Vitality", "postcode": "8570", "city": "Weinfelden", "lat": 47.5665092, "lon": 9.0965297 }, "geometry": { "type": "Point", "coordinates": [ 2724753.802168490365148, 1269739.975775562692434 ] } },
{ "type": "Feature", "properties": { "osm_id": 7610215707, "name": "Sternen Apotheke", "postcode": "8942", "city": "Oberrieden", "lat": 47.2788414, "lon": 8.5754119 }, "geometry": { "type": "Point", "coordinates": [ 2686007.564691802021116, 1237060.898225637152791 ] } },
{ "type": "Feature", "properties": { "osm_id": 7618041882, "name": "Hetex Apotheke", "postcode": "5702", "city": "Niederlenz", "lat": 47.3989226, "lon": 8.1767403 }, "geometry": { "type": "Point", "coordinates": [ 2655720.239053755998611, 1250050.756705468753353 ] } },
{ "type": "Feature", "properties": { "osm_id": 7623361859, "name": "Amavita", "postcode": "", "city": "", "lat": 46.8009043, "lon": 7.1442639 }, "geometry": { "type": "Point", "coordinates": [ 2577528.076503816992044, 1183347.205536346649751 ] } },
{ "type": "Feature", "properties": { "osm_id": 7656611730, "name": "DROPA Drogerie Schumacher", "postcode": "3860", "city": "Meiringen", "lat": 46.7277367, "lon": 8.186928 }, "geometry": { "type": "Point", "coordinates": [ 2657200.536743017844856, 1175443.153315084520727 ] } },
{ "type": "Feature", "properties": { "osm_id": 7660779256, "name": "Pharmacie Centrale", "postcode": "", "city": "", "lat": 47.1007613, "lon": 6.8269099 }, "geometry": { "type": "Point", "coordinates": [ 2553562.529493875335902, 1216821.838350947247818 ] } },
{ "type": "Feature", "properties": { "osm_id": 7660913855, "name": "Toppharm", "postcode": "", "city": "", "lat": 46.8124937, "lon": 9.3993906 }, "geometry": { "type": "Point", "coordinates": [ 2749634.123298209626228, 1186462.412135308142751 ] } },
{ "type": "Feature", "properties": { "osm_id": 7671152185, "name": "Pharmarennaz", "postcode": "1847", "city": "Rennaz", "lat": 46.3776714, "lon": 6.9192209 }, "geometry": { "type": "Point", "coordinates": [ 2560036.50853273505345, 1136388.428692121291533 ] } },
{ "type": "Feature", "properties": { "osm_id": 7737775191, "name": "Pharmacie", "postcode": "", "city": "", "lat": 46.2513596, "lon": 7.4594117 }, "geometry": { "type": "Point", "coordinates": [ 2601601.521722547709942, 1122214.281295146094635 ] } },
{ "type": "Feature", "properties": { "osm_id": 7761461798, "name": "PharmaGranges", "postcode": "1523", "city": "Granges-près-Marnand", "lat": 46.7632919, "lon": 6.8874536 }, "geometry": { "type": "Point", "coordinates": [ 2557894.305281240027398, 1179271.966908493777737 ] } },
{ "type": "Feature", "properties": { "osm_id": 7784095499, "name": "Hammer Apotheke", "postcode": "4057", "city": "Basel", "lat": 47.567587, "lon": 7.5952345 }, "geometry": { "type": "Point", "coordinates": [ 2611785.405612776521593, 1268553.882005686406046 ] } },
{ "type": "Feature", "properties": { "osm_id": 7787425116, "name": "Saner Apotheke", "postcode": "4051", "city": "Basel", "lat": 47.5489875, "lon": 7.5866633 }, "geometry": { "type": "Point", "coordinates": [ 2611144.288724883459508, 1266484.584536461392418 ] } },
{ "type": "Feature", "properties": { "osm_id": 7816897208, "name": "Amavita", "postcode": "", "city": "", "lat": 46.8210677, "lon": 7.1539769 }, "geometry": { "type": "Point", "coordinates": [ 2578277.716754934750497, 1185585.975813861237839 ] } },
{ "type": "Feature", "properties": { "osm_id": 7836942794, "name": "Sonnen-Apotheke", "postcode": "", "city": "", "lat": 47.5605432, "lon": 7.5722114 }, "geometry": { "type": "Point", "coordinates": [ 2610054.205303377471864, 1267767.50478166854009 ] } },
{ "type": "Feature", "properties": { "osm_id": 7840345182, "name": "Pharmacie Plus City Centre", "postcode": "2000", "city": "Neuchâtel", "lat": 46.9927693, "lon": 6.9253529 }, "geometry": { "type": "Point", "coordinates": [ 2560956.770179495215416, 1204762.617382857715711 ] } },
{ "type": "Feature", "properties": { "osm_id": 7887849955, "name": "Pharmacie des Colombieres", "postcode": "", "city": "", "lat": 46.2798862, "lon": 6.1649424 }, "geometry": { "type": "Point", "coordinates": [ 2501830.391752763651311, 1126183.889986461028457 ] } },
{ "type": "Feature", "properties": { "osm_id": 7911928973, "name": "Volksapotheke im Dorf", "postcode": "8212", "city": "Neuhausen", "lat": 47.6821128, "lon": 8.6202107 }, "geometry": { "type": "Point", "coordinates": [ 2688721.556092960294336, 1281944.058954599546269 ] } },
{ "type": "Feature", "properties": { "osm_id": 7967037966, "name": "Victoria Apotheke", "postcode": "", "city": "", "lat": 47.4491429, "lon": 8.5661071 }, "geometry": { "type": "Point", "coordinates": [ 2685031.579876029863954, 1255983.208254644880071 ] } },
{ "type": "Feature", "properties": { "osm_id": 7999671788, "name": "Drogerie Wenger", "postcode": "", "city": "", "lat": 47.3465173, "lon": 8.1598718 }, "geometry": { "type": "Point", "coordinates": [ 2654500.402965954504907, 1244212.64163537370041 ] } },
{ "type": "Feature", "properties": { "osm_id": 8001068551, "name": "Hirzbrunnen-Apotheke", "postcode": "4058", "city": "Basel", "lat": 47.5659451, "lon": 7.6072 }, "geometry": { "type": "Point", "coordinates": [ 2612686.218562443275005, 1268373.177284041186795 ] } },
{ "type": "Feature", "properties": { "osm_id": 8007282191, "name": "Farmacia Internazionale", "postcode": "", "city": "", "lat": 46.1667881, "lon": 8.7957044 }, "geometry": { "type": "Point", "coordinates": [ 2704811.249943483155221, 1113718.575171638745815 ] } },
{ "type": "Feature", "properties": { "osm_id": 8028020284, "name": "Benu", "postcode": "", "city": "", "lat": 46.8100891, "lon": 7.1480119 }, "geometry": { "type": "Point", "coordinates": [ 2577817.98994577024132, 1184367.186020393623039 ] } },
{ "type": "Feature", "properties": { "osm_id": 8059153556, "name": "Pharmacie de Gimel", "postcode": "1188", "city": "Gimel", "lat": 46.5101695, "lon": 6.3081454 }, "geometry": { "type": "Point", "coordinates": [ 2513236.252607244998217, 1151611.332599697634578 ] } },
{ "type": "Feature", "properties": { "osm_id": 8078091318, "name": "Albis Drogerie", "postcode": "8135", "city": "Langnau am Albis", "lat": 47.2890316, "lon": 8.5399059 }, "geometry": { "type": "Point", "coordinates": [ 2683305.510599514003843, 1238155.416138644330204 ] } },
{ "type": "Feature", "properties": { "osm_id": 8130747235, "name": "Pharmacie Dubois", "postcode": "1018", "city": "Lausanne", "lat": 46.5381097, "lon": 6.6336421 }, "geometry": { "type": "Point", "coordinates": [ 2538248.492435378953815, 1154408.499852650798857 ] } },
{ "type": "Feature", "properties": { "osm_id": 8209717346, "name": "Dorfapotheke Brügg", "postcode": "2555", "city": "Brügg BE", "lat": 47.1256426, "lon": 7.2761451 }, "geometry": { "type": "Point", "coordinates": [ 2587670.957898875232786, 1219419.2012099258136 ] } },
{ "type": "Feature", "properties": { "osm_id": 8221471752, "name": "Benu", "postcode": "1066", "city": "Epalinges", "lat": 46.5428662, "lon": 6.6612756 }, "geometry": { "type": "Point", "coordinates": [ 2540373.440963191911578, 1154915.81618916708976 ] } },
{ "type": "Feature", "properties": { "osm_id": 8274468411, "name": "Schüpfheim Apotheke \"Swidro\"", "postcode": "6170", "city": "Schüpfheim", "lat": 46.9523683, "lon": 8.0179019 }, "geometry": { "type": "Point", "coordinates": [ 2644096.000645017251372, 1200305.278374267509207 ] } },
{ "type": "Feature", "properties": { "osm_id": 8286494176, "name": "Bahnhof Apotheke Stettbach", "postcode": "", "city": "", "lat": 47.3970803, "lon": 8.5972908 }, "geometry": { "type": "Point", "coordinates": [ 2687468.668053347151726, 1250229.581920951139182 ] } },
{ "type": "Feature", "properties": { "osm_id": 8303014760, "name": "Bahnhofapotheke Brig", "postcode": "3900", "city": "Brig", "lat": 46.3192993, "lon": 7.9883595 }, "geometry": { "type": "Point", "coordinates": [ 2642339.770429722033441, 1129914.561727308901027 ] } },
{ "type": "Feature", "properties": { "osm_id": 8305268174, "name": "Dropa Arbon", "postcode": "9320", "city": "Arbon", "lat": 47.511025, "lon": 9.4295472 }, "geometry": { "type": "Point", "coordinates": [ 2749964.27750276774168, 1264155.548616729211062 ] } },
{ "type": "Feature", "properties": { "osm_id": 8305983050, "name": "Loë Apotheke", "postcode": "7000", "city": "Chur", "lat": 46.8639467, "lon": 9.5385312 }, "geometry": { "type": "Point", "coordinates": [ 2760097.014014298096299, 1192455.14393615256995 ] } },
{ "type": "Feature", "properties": { "osm_id": 8321098318, "name": "Surbtal-Apotheke", "postcode": "", "city": "", "lat": 47.5380348, "lon": 8.2905506 }, "geometry": { "type": "Point", "coordinates": [ 2664143.568077625706792, 1265604.107082018861547 ] } },
{ "type": "Feature", "properties": { "osm_id": 8324538713, "name": "Pharmacie de la Gare de Vevey", "postcode": "", "city": "", "lat": 46.4630544, "lon": 6.8430687 }, "geometry": { "type": "Point", "coordinates": [ 2554249.798273302149028, 1145921.502284251851961 ] } },
{ "type": "Feature", "properties": { "osm_id": 8393568468, "name": "Volksapotheke - Zum Rüden", "postcode": "", "city": "", "lat": 47.6973096, "lon": 8.6324253 }, "geometry": { "type": "Point", "coordinates": [ 2689612.928749317768961, 1283647.546269412152469 ] } },
{ "type": "Feature", "properties": { "osm_id": 8393572202, "name": "Volksapotheke zum Zitronenbaum", "postcode": "8200", "city": "Schaffhausen", "lat": 47.695815, "lon": 8.6388949 }, "geometry": { "type": "Point", "coordinates": [ 2690101.073297334369272, 1283488.783002711134031 ] } },
{ "type": "Feature", "properties": { "osm_id": 8402157979, "name": "Pharmacie des Dailles", "postcode": "1752", "city": "Villars-sur-Glâne", "lat": 46.7945334, "lon": 7.1155125 }, "geometry": { "type": "Point", "coordinates": [ 2575330.3153579919599, 1182647.640002853004262 ] } },
{ "type": "Feature", "properties": { "osm_id": 8411322893, "name": "Sun Store", "postcode": "", "city": "", "lat": 46.2805359, "lon": 6.165876 }, "geometry": { "type": "Point", "coordinates": [ 2501903.515183609910309, 1126254.935011886293069 ] } },
{ "type": "Feature", "properties": { "osm_id": 8411322904, "name": "Pharmacie de Versoix", "postcode": "1290", "city": "Versoix", "lat": 46.2748444, "lon": 6.1670711 }, "geometry": { "type": "Point", "coordinates": [ 2501985.348641345277429, 1125620.826181027106941 ] } },
{ "type": "Feature", "properties": { "osm_id": 8463665586, "name": "Pharmacie de La Sarraz", "postcode": "", "city": "", "lat": 46.6588385, "lon": 6.5137599 }, "geometry": { "type": "Point", "coordinates": [ 2529211.18587568262592, 1167930.06164653156884 ] } },
{ "type": "Feature", "properties": { "osm_id": 8479049183, "name": "Gotthard Rotpunk Apotheke", "postcode": "4054", "city": "Basel", "lat": 47.5512599, "lon": 7.5616119 }, "geometry": { "type": "Point", "coordinates": [ 2609258.076271133031696, 1266734.012518547009677 ] } },
{ "type": "Feature", "properties": { "osm_id": 8497551220, "name": "Pharmacie de Provence", "postcode": "1007", "city": "Lausanne", "lat": 46.5243647, "lon": 6.6024786 }, "geometry": { "type": "Point", "coordinates": [ 2535841.710460640024394, 1152905.665695421630517 ] } },
{ "type": "Feature", "properties": { "osm_id": 8497598414, "name": "ZüriPharm AG", "postcode": "8091", "city": "Zürich", "lat": 47.3783858, "lon": 8.5504388 }, "geometry": { "type": "Point", "coordinates": [ 2683961.460943329613656, 1248100.119513832265511 ] } },
{ "type": "Feature", "properties": { "osm_id": 8510658746, "name": "Pharmacie de la Gare", "postcode": "", "city": "", "lat": 46.5114132, "lon": 6.4948348 }, "geometry": { "type": "Point", "coordinates": [ 2527565.27916655736044, 1151559.866866271710023 ] } },
{ "type": "Feature", "properties": { "osm_id": 8527546498, "name": "Amavita", "postcode": "1740", "city": "Neyruz (FR)", "lat": 46.7663164, "lon": 7.0646849 }, "geometry": { "type": "Point", "coordinates": [ 2571434.771490891464055, 1179528.148233122890815 ] } },
{ "type": "Feature", "properties": { "osm_id": 8568822659, "name": "Benu", "postcode": "", "city": "", "lat": 47.45252, "lon": 8.581108 }, "geometry": { "type": "Point", "coordinates": [ 2686157.359081066679209, 1256375.014095800695941 ] } },
{ "type": "Feature", "properties": { "osm_id": 8628422197, "name": "Amavita", "postcode": "", "city": "", "lat": 47.4509495, "lon": 8.56089 }, "geometry": { "type": "Point", "coordinates": [ 2684635.275213970802724, 1256178.413769851205871 ] } },
{ "type": "Feature", "properties": { "osm_id": 8792403072, "name": "Farmacia Internazionale", "postcode": "", "city": "", "lat": 45.9678686, "lon": 8.8596479 }, "geometry": { "type": "Point", "coordinates": [ 2710149.869697565212846, 1091696.461663245689124 ] } },
{ "type": "Feature", "properties": { "osm_id": 8792403074, "name": "Farmacia Malcantonese", "postcode": "", "city": "", "lat": 45.9683204, "lon": 8.8599852 }, "geometry": { "type": "Point", "coordinates": [ 2710175.102902580052614, 1091747.152614114340395 ] } },
{ "type": "Feature", "properties": { "osm_id": 8806220782, "name": "Dreirosen Apotheke", "postcode": "4057", "city": "Basel", "lat": 47.5689793, "lon": 7.5906307 }, "geometry": { "type": "Point", "coordinates": [ 2611438.664118834305555, 1268708.01281706453301 ] } },
{ "type": "Feature", "properties": { "osm_id": 8856473346, "name": "Von Grünigen", "postcode": "", "city": "", "lat": 46.4730781, "lon": 7.2865606 }, "geometry": { "type": "Point", "coordinates": [ 2588319.680137688759714, 1146872.939393511041999 ] } },
{ "type": "Feature", "properties": { "osm_id": 8862668024, "name": "Simmental", "postcode": "", "city": "", "lat": 46.5545645, "lon": 7.3741167 }, "geometry": { "type": "Point", "coordinates": [ 2595051.873265214730054, 1155922.04109609965235 ] } },
{ "type": "Feature", "properties": { "osm_id": 8868809417, "name": "Wegmühle-Apotheke Ostermundigen", "postcode": "3072", "city": "", "lat": 46.9576675, "lon": 7.4935442 }, "geometry": { "type": "Point", "coordinates": [ 2604179.709254264831543, 1200733.443745929514989 ] } },
{ "type": "Feature", "properties": { "osm_id": 8879269712, "name": "Farmacia Centrale", "postcode": "", "city": "", "lat": 46.005103, "lon": 8.9526747 }, "geometry": { "type": "Point", "coordinates": [ 2717280.149725668597966, 1095969.839955943636596 ] } },
{ "type": "Feature", "properties": { "osm_id": 8887723898, "name": "Kurz", "postcode": "4632", "city": "Trimbach", "lat": 47.3613106, "lon": 7.8992476 }, "geometry": { "type": "Point", "coordinates": [ 2634797.193035117350519, 1245709.156040252186358 ] } },
{ "type": "Feature", "properties": { "osm_id": 8899016369, "name": "Amavita", "postcode": "", "city": "", "lat": 46.5167692, "lon": 6.6116247 }, "geometry": { "type": "Point", "coordinates": [ 2536534.543795572593808, 1152053.903529969742522 ] } },
{ "type": "Feature", "properties": { "osm_id": 8901659239, "name": "Amavita", "postcode": "", "city": "", "lat": 46.5218395, "lon": 6.630654 }, "geometry": { "type": "Point", "coordinates": [ 2538000.621864337008446, 1152602.271521663526073 ] } },
{ "type": "Feature", "properties": { "osm_id": 8907058780, "name": "Coop Vitality Bern Freudenberg", "postcode": "", "city": "", "lat": 46.9454132, "lon": 7.4721955 }, "geometry": { "type": "Point", "coordinates": [ 2602555.284858687315136, 1199370.226832879241556 ] } },
{ "type": "Feature", "properties": { "osm_id": 8909637611, "name": "Farmacia del Parco", "postcode": "", "city": "", "lat": 46.005792, "lon": 8.9579679 }, "geometry": { "type": "Point", "coordinates": [ 2717688.638491210993379, 1096054.347273773746565 ] } },
{ "type": "Feature", "properties": { "osm_id": 8915044173, "name": "Pharmacie des Dranses", "postcode": "1933", "city": "Sembrancher", "lat": 46.0780726, "lon": 7.1458928 }, "geometry": { "type": "Point", "coordinates": [ 2577351.418870341964066, 1102993.035940559813753 ] } },
{ "type": "Feature", "properties": { "osm_id": 8919699602, "name": "APODRO Apotheke", "postcode": "8340", "city": "Hinwil", "lat": 47.3008387, "lon": 8.8429643 }, "geometry": { "type": "Point", "coordinates": [ 2706204.47905387589708, 1239833.936613632366061 ] } },
{ "type": "Feature", "properties": { "osm_id": 8926874890, "name": "Unbekannt", "postcode": "", "city": "", "lat": 46.3169599, "lon": 7.6347844 }, "geometry": { "type": "Point", "coordinates": [ 2615107.762767399661243, 1129525.283325560390949 ] } },
{ "type": "Feature", "properties": { "osm_id": 8926874892, "name": "Schlosspark", "postcode": "", "city": "", "lat": 46.3163687, "lon": 7.6357443 }, "geometry": { "type": "Point", "coordinates": [ 2615181.863389488309622, 1129459.747227616608143 ] } },
{ "type": "Feature", "properties": { "osm_id": 8936095695, "name": "Zur Rose", "postcode": "", "city": "", "lat": 46.5552134, "lon": 6.5683658 }, "geometry": { "type": "Point", "coordinates": [ 2533262.462413175497204, 1156363.283260349882767 ] } },
{ "type": "Feature", "properties": { "osm_id": 8948694488, "name": "Faden Apotheke/ Drogerie", "postcode": "6204", "city": "Sempach", "lat": 47.1351633, "lon": 8.1916472 }, "geometry": { "type": "Point", "coordinates": [ 2657126.807364342268556, 1220738.377613905351609 ] } },
{ "type": "Feature", "properties": { "osm_id": 8963538012, "name": "Pharmacie de Cugy", "postcode": "", "city": "", "lat": 46.5843423, "lon": 6.6398455 }, "geometry": { "type": "Point", "coordinates": [ 2538776.763446814846247, 1159542.839255219791085 ] } },
{ "type": "Feature", "properties": { "osm_id": 8969406080, "name": "Sun Store", "postcode": "1510", "city": "Moudon", "lat": 46.6679493, "lon": 6.8009123 }, "geometry": { "type": "Point", "coordinates": [ 2551197.073818681761622, 1168723.561443368205801 ] } },
{ "type": "Feature", "properties": { "osm_id": 8988143345, "name": "Pharmacieplus des Forges", "postcode": "2300", "city": "La Chaux-de-Fonds", "lat": 47.0940213, "lon": 6.8100334 }, "geometry": { "type": "Point", "coordinates": [ 2552275.394630084279925, 1216082.699162195203826 ] } },
{ "type": "Feature", "properties": { "osm_id": 9007353856, "name": "Benu", "postcode": "1964", "city": "Conthey", "lat": 46.2232852, "lon": 7.3069798 }, "geometry": { "type": "Point", "coordinates": [ 2589840.98451469046995, 1119101.835806457092986 ] } },
{ "type": "Feature", "properties": { "osm_id": 9037108998, "name": "Pharmacie Gindre", "postcode": "1950", "city": "Sion", "lat": 46.2308508, "lon": 7.3540017 }, "geometry": { "type": "Point", "coordinates": [ 2593470.012037081643939, 1119937.820842836983502 ] } },
{ "type": "Feature", "properties": { "osm_id": 9037955721, "name": "Sun Store", "postcode": "1964", "city": "Conthey", "lat": 46.2237147, "lon": 7.301745 }, "geometry": { "type": "Point", "coordinates": [ 2589437.162655354011804, 1119150.277936350321397 ] } },
{ "type": "Feature", "properties": { "osm_id": 9054610326, "name": "Müller", "postcode": "1964", "city": "Conthey", "lat": 46.2256154, "lon": 7.295764 }, "geometry": { "type": "Point", "coordinates": [ 2588976.072972998954356, 1119362.398787819780409 ] } },
{ "type": "Feature", "properties": { "osm_id": 9054610328, "name": "Sun Store", "postcode": "", "city": "", "lat": 46.2245202, "lon": 7.2963681 }, "geometry": { "type": "Point", "coordinates": [ 2589022.459618889726698, 1119240.56520511675626 ] } },
{ "type": "Feature", "properties": { "osm_id": 9081463594, "name": "Pharmacie des Montagnes", "postcode": "", "city": "", "lat": 46.1822258, "lon": 7.2903098 }, "geometry": { "type": "Point", "coordinates": [ 2588546.07332945568487, 1114539.762024044524878 ] } },
{ "type": "Feature", "properties": { "osm_id": 9098930118, "name": "Pharmacie de Collombey", "postcode": "1868", "city": "Collombey", "lat": 46.2654867, "lon": 6.9561273 }, "geometry": { "type": "Point", "coordinates": [ 2562799.090027991682291, 1123899.454588670982048 ] } },
{ "type": "Feature", "properties": { "osm_id": 9098996629, "name": "Sun Store", "postcode": "", "city": "", "lat": 46.2645578, "lon": 6.9537128 }, "geometry": { "type": "Point", "coordinates": [ 2562612.300299321766943, 1123797.345895991194993 ] } },
{ "type": "Feature", "properties": { "osm_id": 9103140668, "name": "Coop Vitality", "postcode": "1964", "city": "Conthey", "lat": 46.2238522, "lon": 7.2953163 }, "geometry": { "type": "Point", "coordinates": [ 2588941.170231141615659, 1119166.455550178419799 ] } },
{ "type": "Feature", "properties": { "osm_id": 9105793491, "name": "Farmacia di Agno", "postcode": "", "city": "", "lat": 45.9978405, "lon": 8.9030476 }, "geometry": { "type": "Point", "coordinates": [ 2713451.445643190760165, 1095089.649449102114886 ] } },
{ "type": "Feature", "properties": { "osm_id": 9146328702, "name": "Hasli-Apotheke", "postcode": "", "city": "", "lat": 46.7266785, "lon": 8.1886259 }, "geometry": { "type": "Point", "coordinates": [ 2657331.446658070664853, 1175326.760118420701474 ] } },
{ "type": "Feature", "properties": { "osm_id": 9146328708, "name": "Medbase Apotheke", "postcode": "", "city": "", "lat": 46.7273064, "lon": 8.1877189 }, "geometry": { "type": "Point", "coordinates": [ 2657261.448926731012762, 1175395.896833237493411 ] } },
{ "type": "Feature", "properties": { "osm_id": 9190859911, "name": "Wyss", "postcode": "", "city": "", "lat": 46.9745091, "lon": 7.4974672 }, "geometry": { "type": "Point", "coordinates": [ 2604476.932467151433229, 1202605.954556738957763 ] } },
{ "type": "Feature", "properties": { "osm_id": 9212479094, "name": "Benu", "postcode": "2035", "city": "Corcelles", "lat": 46.983238, "lon": 6.8750064 }, "geometry": { "type": "Point", "coordinates": [ 2557119.529880204703659, 1203729.383490171283484 ] } },
{ "type": "Feature", "properties": { "osm_id": 9239739532, "name": "Anavita", "postcode": "1530", "city": "Payerne", "lat": 46.8210596, "lon": 6.9369767 }, "geometry": { "type": "Point", "coordinates": [ 2561718.568314917851239, 1185668.313166613923386 ] } },
{ "type": "Feature", "properties": { "osm_id": 9248568216, "name": "Pharmacie de la Chapelle", "postcode": "1212", "city": "Grand-Lancy", "lat": 46.17115, "lon": 6.1337546 }, "geometry": { "type": "Point", "coordinates": [ 2499225.514989772345871, 1114137.426383746089414 ] } },
{ "type": "Feature", "properties": { "osm_id": 9271228251, "name": "Pharmacieplus", "postcode": "", "city": "", "lat": 46.2305314, "lon": 7.4034691 }, "geometry": { "type": "Point", "coordinates": [ 2597286.266639563720673, 1119899.353113388875499 ] } },
{ "type": "Feature", "properties": { "osm_id": 9277750498, "name": "Pharmacie 2000", "postcode": "", "city": "", "lat": 46.2314755, "lon": 7.3578597 }, "geometry": { "type": "Point", "coordinates": [ 2593767.71820728154853, 1120006.948334854096174 ] } },
{ "type": "Feature", "properties": { "osm_id": 9315728327, "name": "Pharmacieplus des Cadolles", "postcode": "", "city": "", "lat": 46.998367, "lon": 6.9247972 }, "geometry": { "type": "Point", "coordinates": [ 2560918.586682058405131, 1205385.186970558017492 ] } },
{ "type": "Feature", "properties": { "osm_id": 9344273456, "name": "Pharmacie Magnin", "postcode": "", "city": "", "lat": 46.2300004, "lon": 7.3585736 }, "geometry": { "type": "Point", "coordinates": [ 2593822.623519653454423, 1119842.911064669489861 ] } },
{ "type": "Feature", "properties": { "osm_id": 9365246452, "name": "Sun Store", "postcode": "2300", "city": "La Chaux-de-Fonds", "lat": 47.100348, "lon": 6.8272758 }, "geometry": { "type": "Point", "coordinates": [ 2553589.946647076867521, 1216775.674522025743499 ] } },
{ "type": "Feature", "properties": { "osm_id": 9384882194, "name": "Städtli Drogerie", "postcode": "6130", "city": "Willisau", "lat": 47.1205661, "lon": 7.9898455 }, "geometry": { "type": "Point", "coordinates": [ 2641829.051742277573794, 1218988.428503490053117 ] } },
{ "type": "Feature", "properties": { "osm_id": 9387163160, "name": "Benu", "postcode": "6003", "city": "Luzern", "lat": 47.0503083, "lon": 8.3098961 }, "geometry": { "type": "Point", "coordinates": [ 2666201.988999533466995, 1211398.114973007002845 ] } },
{ "type": "Feature", "properties": { "osm_id": 9407512991, "name": "Faust pharmacie", "postcode": "", "city": "", "lat": 46.2165033, "lon": 6.135613 }, "geometry": { "type": "Point", "coordinates": [ 2499452.874174232594669, 1119176.063114130869508 ] } },
{ "type": "Feature", "properties": { "osm_id": 9472582922, "name": "Westside", "postcode": "", "city": "", "lat": 46.9444154, "lon": 7.373826 }, "geometry": { "type": "Point", "coordinates": [ 2595065.92733731912449, 1199260.883864416275173 ] } },
{ "type": "Feature", "properties": { "osm_id": 9483113245, "name": "Amavita", "postcode": "", "city": "", "lat": 46.5217094, "lon": 6.6333945 }, "geometry": { "type": "Point", "coordinates": [ 2538210.753134619444609, 1152585.643660597270355 ] } },
{ "type": "Feature", "properties": { "osm_id": 9503467495, "name": "Sun Store", "postcode": "3960", "city": "Sierre", "lat": 46.2815599, "lon": 7.5134416 }, "geometry": { "type": "Point", "coordinates": [ 2605765.042612315155566, 1125573.99639017181471 ] } },
{ "type": "Feature", "properties": { "osm_id": 9530343184, "name": "Sunstore", "postcode": "", "city": "", "lat": 46.2609902, "lon": 6.9466706 }, "geometry": { "type": "Point", "coordinates": [ 2562066.86798245459795, 1123404.149542408529669 ] } },
{ "type": "Feature", "properties": { "osm_id": 9544317889, "name": "Bahnhofapotheke Langenthal", "postcode": "", "city": "", "lat": 47.2173248, "lon": 7.7850448 }, "geometry": { "type": "Point", "coordinates": [ 2626240.476173215545714, 1229656.774052641820163 ] } },
{ "type": "Feature", "properties": { "osm_id": 9544655446, "name": "PharmaciePlus du Mandement", "postcode": "1242", "city": "Satigny", "lat": 46.214083, "lon": 6.0326386 }, "geometry": { "type": "Point", "coordinates": [ 2491502.964119062758982, 1119044.428231210680678 ] } },
{ "type": "Feature", "properties": { "osm_id": 9583821718, "name": "Pharma24", "postcode": "1205", "city": "", "lat": 46.1920315, "lon": 6.1470111 }, "geometry": { "type": "Point", "coordinates": [ 2500287.466611795593053, 1116441.449571832548827 ] } },
{ "type": "Feature", "properties": { "osm_id": 9612597559, "name": "Brünnen-Apotheke", "postcode": "", "city": "", "lat": 46.9414674, "lon": 7.3915967 }, "geometry": { "type": "Point", "coordinates": [ 2596418.706309024710208, 1198932.171581695787609 ] } },
{ "type": "Feature", "properties": { "osm_id": 9655661530, "name": "Bahnhof Apotheke", "postcode": "", "city": "", "lat": 47.4995171, "lon": 8.7235146 }, "geometry": { "type": "Point", "coordinates": [ 2696810.096168452873826, 1261765.83187200454995 ] } },
{ "type": "Feature", "properties": { "osm_id": 9670246826, "name": "Breite-Apotheke", "postcode": "", "city": "", "lat": 47.5548232, "lon": 7.6113761 }, "geometry": { "type": "Point", "coordinates": [ 2613003.195945186074823, 1267137.228969806572422 ] } },
{ "type": "Feature", "properties": { "osm_id": 9671390272, "name": "Pharmacie de Vieusseux", "postcode": "", "city": "", "lat": 46.2130071, "lon": 6.124111 }, "geometry": { "type": "Point", "coordinates": [ 2498558.89717373251915, 1118802.288214481901377 ] } },
{ "type": "Feature", "properties": { "osm_id": 9795125791, "name": "Pharmacie Populaire Mail", "postcode": "1205", "city": "Genève", "lat": 46.2006534, "lon": 6.1398058 }, "geometry": { "type": "Point", "coordinates": [ 2499747.167413220275193, 1117408.971891717519611 ] } },
{ "type": "Feature", "properties": { "osm_id": 9813332963, "name": "Pharmacie Grognuz", "postcode": "1040", "city": "Echallens", "lat": 46.6409501, "lon": 6.6357243 }, "geometry": { "type": "Point", "coordinates": [ 2538525.425553824752569, 1165838.606054561911151 ] } },
{ "type": "Feature", "properties": { "osm_id": 9839280752, "name": "Bünz Apotheke", "postcode": "5610", "city": "Wohlen", "lat": 47.3482936, "lon": 8.2768542 }, "geometry": { "type": "Point", "coordinates": [ 2663337.662708237301558, 1244497.926301214378327 ] } },
{ "type": "Feature", "properties": { "osm_id": 9861379438, "name": "Coop Vitality", "postcode": "", "city": "", "lat": 47.0943801, "lon": 6.8165282 }, "geometry": { "type": "Point", "coordinates": [ 2552768.802583327051252, 1216118.648086314555258 ] } },
{ "type": "Feature", "properties": { "osm_id": 9890092430, "name": "Apotheke im KSW", "postcode": "", "city": "", "lat": 47.5067829, "lon": 8.7285954 }, "geometry": { "type": "Point", "coordinates": [ 2697179.593157986178994, 1262579.86475967685692 ] } },
{ "type": "Feature", "properties": { "osm_id": 9893463703, "name": "Apotheke Region Stalden", "postcode": "", "city": "", "lat": 46.2318835, "lon": 7.8699026 }, "geometry": { "type": "Point", "coordinates": [ 2633269.528607900254428, 1120140.133019803324714 ] } },
{ "type": "Feature", "properties": { "osm_id": 9904619463, "name": "Busse", "postcode": "", "city": "", "lat": 46.6857013, "lon": 7.8491978 }, "geometry": { "type": "Point", "coordinates": [ 2631408.681745460256934, 1170579.783438803162426 ] } },
{ "type": "Feature", "properties": { "osm_id": 9942260716, "name": "La boutique de l'apothicaire SA", "postcode": "", "city": "", "lat": 46.2770976, "lon": 6.9383978 }, "geometry": { "type": "Point", "coordinates": [ 2561440.457620633766055, 1125198.741032819729298 ] } },
{ "type": "Feature", "properties": { "osm_id": 9974641630, "name": "Spalen", "postcode": "", "city": "", "lat": 47.5573967, "lon": 7.5824406 }, "geometry": { "type": "Point", "coordinates": [ 2610824.708753693383187, 1267419.002281570807099 ] } },
{ "type": "Feature", "properties": { "osm_id": 9986164013, "name": "Benu", "postcode": "", "city": "", "lat": 46.9022257, "lon": 6.5813927 }, "geometry": { "type": "Point", "coordinates": [ 2534683.639955564402044, 1194926.415500426897779 ] } },
{ "type": "Feature", "properties": { "osm_id": 9986164028, "name": "Pharmacieplus Centrale", "postcode": "2114", "city": "Fleurier", "lat": 46.9024494, "lon": 6.5806849 }, "geometry": { "type": "Point", "coordinates": [ 2534629.984609808307141, 1194951.873249081429094 ] } },
{ "type": "Feature", "properties": { "osm_id": 9995336783, "name": "Métro Ouchy", "postcode": "", "city": "", "lat": 46.5070455, "lon": 6.6266794 }, "geometry": { "type": "Point", "coordinates": [ 2537678.597587936557829, 1150960.93286655168049 ] } },
{ "type": "Feature", "properties": { "osm_id": 9999220375, "name": "Pharmacie de Belmont", "postcode": "1092", "city": "Belmont-sur-Lausanne", "lat": 46.5233901, "lon": 6.6785909 }, "geometry": { "type": "Point", "coordinates": [ 2541680.528841896448284, 1152737.809082394465804 ] } },
{ "type": "Feature", "properties": { "osm_id": 10069310363, "name": "Unbekannt", "postcode": "5001", "city": "Aarau", "lat": 47.3887738, "lon": 8.0602044 }, "geometry": { "type": "Point", "coordinates": [ 2646932.096744065638632, 1248846.244892978807911 ] } },
{ "type": "Feature", "properties": { "osm_id": 10091723715, "name": "Unbekannt", "postcode": "", "city": "", "lat": 46.0055648, "lon": 8.8581117 }, "geometry": { "type": "Point", "coordinates": [ 2709954.979879175778478, 1095884.206554960692301 ] } },
{ "type": "Feature", "properties": { "osm_id": 10092018210, "name": "BENU", "postcode": "7000", "city": "Chur", "lat": 46.8520825, "lon": 9.5277271 }, "geometry": { "type": "Point", "coordinates": [ 2759308.620771896094084, 1191114.6876137831714 ] } },
{ "type": "Feature", "properties": { "osm_id": 10103120318, "name": "Pharmacie du Banneret", "postcode": "", "city": "", "lat": 46.8197896, "lon": 6.9367673 }, "geometry": { "type": "Point", "coordinates": [ 2561701.68382397852838, 1185527.234530985588208 ] } },
{ "type": "Feature", "properties": { "osm_id": 10114237294, "name": "Sun Store", "postcode": "1580", "city": "Avenches", "lat": 46.8776264, "lon": 7.0315489 }, "geometry": { "type": "Point", "coordinates": [ 2568968.010126287583262, 1191914.789190704701468 ] } },
{ "type": "Feature", "properties": { "osm_id": 10118676417, "name": "Pharmacie Dubas-Centre", "postcode": "", "city": "", "lat": 46.6175234, "lon": 7.0565758 }, "geometry": { "type": "Point", "coordinates": [ 2570734.537561188917607, 1162990.48705851752311 ] } },
{ "type": "Feature", "properties": { "osm_id": 10131650918, "name": "Pharmacie Dubas Centre", "postcode": "", "city": "", "lat": 46.6175635, "lon": 7.0567219 }, "geometry": { "type": "Point", "coordinates": [ 2570745.750300583429635, 1162994.890108101535589 ] } },
{ "type": "Feature", "properties": { "osm_id": 10147302664, "name": "pharmacieplus avenchoise", "postcode": "1580", "city": "Avenches", "lat": 46.8857124, "lon": 7.0451101 }, "geometry": { "type": "Point", "coordinates": [ 2570006.2914441046305, 1192808.403657121583819 ] } },
{ "type": "Feature", "properties": { "osm_id": 10195123979, "name": "Medbase", "postcode": "", "city": "", "lat": 47.3864251, "lon": 9.2838214 }, "geometry": { "type": "Point", "coordinates": [ 2739315.553192378021777, 1250037.367926475824788 ] } },
{ "type": "Feature", "properties": { "osm_id": 10198294736, "name": "Amavita Croset", "postcode": "1024", "city": "Ecublens (VD)", "lat": 46.5340726, "lon": 6.5656482 }, "geometry": { "type": "Point", "coordinates": [ 2533027.874289692379534, 1154015.619022011989728 ] } },
{ "type": "Feature", "properties": { "osm_id": 10219890099, "name": "Farmacia Contrada dei Patrizi", "postcode": "", "city": "", "lat": 46.0212865, "lon": 8.9663781 }, "geometry": { "type": "Point", "coordinates": [ 2718306.477290083654225, 1097789.149953637737781 ] } },
{ "type": "Feature", "properties": { "osm_id": 10219890100, "name": "Farmacia Contrada dei Patrizi", "postcode": "6962", "city": "Viganello", "lat": 46.0152804, "lon": 8.9706312 }, "geometry": { "type": "Point", "coordinates": [ 2718648.831031901296228, 1097128.020929671125486 ] } },
{ "type": "Feature", "properties": { "osm_id": 10267684029, "name": "Pharmacie Conthey Centre", "postcode": "", "city": "", "lat": 46.2240678, "lon": 7.30492 }, "geometry": { "type": "Point", "coordinates": [ 2589682.20424035564065, 1119189.104698913637549 ] } },
{ "type": "Feature", "properties": { "osm_id": 10280279400, "name": "Pharmacie du Levant", "postcode": "", "city": "", "lat": 46.6214892, "lon": 7.0583989 }, "geometry": { "type": "Point", "coordinates": [ 2570876.326832637190819, 1163430.664004571037367 ] } },
{ "type": "Feature", "properties": { "osm_id": 10287156566, "name": "Benu Pharmacie", "postcode": "", "city": "", "lat": 46.6004611, "lon": 7.075363 }, "geometry": { "type": "Point", "coordinates": [ 2572164.789431463461369, 1161086.901094121392816 ] } },
{ "type": "Feature", "properties": { "osm_id": 10292079654, "name": "Pharmacie d'Herborence", "postcode": "", "city": "", "lat": 46.9499929, "lon": 6.837049 }, "geometry": { "type": "Point", "coordinates": [ 2554203.393287430517375, 1200055.093026552349329 ] } },
{ "type": "Feature", "properties": { "osm_id": 10296785406, "name": "Benu", "postcode": "", "city": "", "lat": 46.9306317, "lon": 7.1239441 }, "geometry": { "type": "Point", "coordinates": [ 2576034.956013056449592, 1197774.829299814300612 ] } },
{ "type": "Feature", "properties": { "osm_id": 10544083266, "name": "La Pharmacie Rive-Gauche", "postcode": "1207", "city": "Genève", "lat": 46.2027678, "lon": 6.1554796 }, "geometry": { "type": "Point", "coordinates": [ 2500960.71213513193652, 1117624.052450568182394 ] } },
{ "type": "Feature", "properties": { "osm_id": 10554170339, "name": "Sun Store", "postcode": "", "city": "", "lat": 46.5493172, "lon": 6.5524913 }, "geometry": { "type": "Point", "coordinates": [ 2532037.750966450665146, 1155721.52083400869742 ] } },
{ "type": "Feature", "properties": { "osm_id": 10554200277, "name": "Pharmacie Plus", "postcode": "", "city": "", "lat": 46.533988, "lon": 6.5413143 }, "geometry": { "type": "Point", "coordinates": [ 2531161.056176530197263, 1154027.31335257133469 ] } },
{ "type": "Feature", "properties": { "osm_id": 10565291922, "name": "Pharmacie Medbase", "postcode": "1212", "city": "Grand-Lancy", "lat": 46.1866778, "lon": 6.1246774 }, "geometry": { "type": "Point", "coordinates": [ 2498553.514373185113072, 1115875.057533334940672 ] } },
{ "type": "Feature", "properties": { "osm_id": 10588777897, "name": "Apotheke Dr. Stoffel", "postcode": "", "city": "", "lat": 47.2283297, "lon": 8.8201461 }, "geometry": { "type": "Point", "coordinates": [ 2704620.947343982756138, 1231743.101790264016017 ] } },
{ "type": "Feature", "properties": { "osm_id": 10705417323, "name": "Medbase", "postcode": "9326", "city": "Horn", "lat": 47.4971804, "lon": 9.4551388 }, "geometry": { "type": "Point", "coordinates": [ 2751931.085243238136172, 1262665.956630906555802 ] } },
{ "type": "Feature", "properties": { "osm_id": 10708745990, "name": "Murifeld-Apotheke", "postcode": "3006", "city": "Bern", "lat": 46.9411912, "lon": 7.4646953 }, "geometry": { "type": "Point", "coordinates": [ 2601984.414884640369564, 1198900.65436501475051 ] } },
{ "type": "Feature", "properties": { "osm_id": 10721637131, "name": "Stern", "postcode": "", "city": "", "lat": 47.5402801, "lon": 7.5982091 }, "geometry": { "type": "Point", "coordinates": [ 2612015.391834618523717, 1265518.12043892708607 ] } },
{ "type": "Feature", "properties": { "osm_id": 10721665166, "name": "Tell", "postcode": "", "city": "", "lat": 47.5425077, "lon": 7.5958632 }, "geometry": { "type": "Point", "coordinates": [ 2611838.274607042782009, 1265765.447896793717518 ] } },
{ "type": "Feature", "properties": { "osm_id": 10727661989, "name": "zur Waage", "postcode": "", "city": "", "lat": 47.5775031, "lon": 7.5895486 }, "geometry": { "type": "Point", "coordinates": [ 2611355.423700890503824, 1269655.610890361480415 ] } },
{ "type": "Feature", "properties": { "osm_id": 10729477351, "name": "Bären Apotheke Ostermundigen", "postcode": "3072", "city": "Ostermundigen", "lat": 46.9556895, "lon": 7.4806373 }, "geometry": { "type": "Point", "coordinates": [ 2603197.394718017429113, 1200512.952518490375951 ] } },
{ "type": "Feature", "properties": { "osm_id": 10781555064, "name": "Farmacia Collina d'Oro", "postcode": "", "city": "", "lat": 45.9823317, "lon": 8.9175929 }, "geometry": { "type": "Point", "coordinates": [ 2714610.68192242924124, 1093387.025275537278503 ] } },
{ "type": "Feature", "properties": { "osm_id": 10864166722, "name": "Central Apotheke", "postcode": "", "city": "", "lat": 47.5469488, "lon": 9.3013565 }, "geometry": { "type": "Point", "coordinates": [ 2740215.475431325379759, 1267911.53948027594015 ] } },
{ "type": "Feature", "properties": { "osm_id": 10864172314, "name": "Unbekannt", "postcode": "", "city": "", "lat": 47.5468881, "lon": 9.2983957 }, "geometry": { "type": "Point", "coordinates": [ 2739992.805628784466535, 1267899.50424270122312 ] } },
{ "type": "Feature", "properties": { "osm_id": 10887032582, "name": "Unbekannt", "postcode": "", "city": "", "lat": 47.263121, "lon": 8.5892499 }, "geometry": { "type": "Point", "coordinates": [ 2687080.081002783030272, 1235328.571248047053814 ] } },
{ "type": "Feature", "properties": { "osm_id": 10895857004, "name": "TopPharm", "postcode": "3427", "city": "Utzenstorf", "lat": 47.128812, "lon": 7.5577035 }, "geometry": { "type": "Point", "coordinates": [ 2609034.631719944532961, 1219765.382733087288216 ] } },
{ "type": "Feature", "properties": { "osm_id": 10911607768, "name": "Coop Vitality", "postcode": "", "city": "", "lat": 46.8471958, "lon": 9.5084065 }, "geometry": { "type": "Point", "coordinates": [ 2757849.959636711981148, 1190532.57313358434476 ] } },
{ "type": "Feature", "properties": { "osm_id": 10920271907, "name": "Pharmacie de l'ancien Palais", "postcode": "", "city": "", "lat": 46.1963875, "lon": 6.138452 }, "geometry": { "type": "Point", "coordinates": [ 2499634.812237357255071, 1116936.549661590484902 ] } },
{ "type": "Feature", "properties": { "osm_id": 10982365536, "name": "Lachen Drogerie", "postcode": "", "city": "", "lat": 47.4202248, "lon": 9.3535781 }, "geometry": { "type": "Point", "coordinates": [ 2744489.558110321871936, 1253920.430778339738026 ] } },
{ "type": "Feature", "properties": { "osm_id": 10982817249, "name": "Farmacia Migliore", "postcode": "6900", "city": "Lugano", "lat": 46.0041687, "lon": 8.9542035 }, "geometry": { "type": "Point", "coordinates": [ 2717400.565868893172592, 1095868.282755161635578 ] } },
{ "type": "Feature", "properties": { "osm_id": 11035670279, "name": "Amavita", "postcode": "", "city": "", "lat": 46.3159356, "lon": 6.9649454 }, "geometry": { "type": "Point", "coordinates": [ 2563512.888086259365082, 1129503.361842187587172 ] } },
{ "type": "Feature", "properties": { "osm_id": 11045248791, "name": "Pharmacie de la Clef d'Arve", "postcode": "", "city": "", "lat": 46.1895685, "lon": 6.1431033 }, "geometry": { "type": "Point", "coordinates": [ 2499981.289633268956095, 1116172.667551731225103 ] } },
{ "type": "Feature", "properties": { "osm_id": 11096932869, "name": "Simplon Center", "postcode": "3902", "city": "Brig-Glis", "lat": 46.3091706, "lon": 7.9702095 }, "geometry": { "type": "Point", "coordinates": [ 2640949.479325674939901, 1128779.005289860069752 ] } },
{ "type": "Feature", "properties": { "osm_id": 11135591880, "name": "Ärztehaus und Apotheke Hofwis", "postcode": "8352", "city": "Elsau", "lat": 47.5034771, "lon": 8.8015298 }, "geometry": { "type": "Point", "coordinates": [ 2702679.927573494147509, 1262305.248222006717697 ] } },
{ "type": "Feature", "properties": { "osm_id": 11145780531, "name": "Apotheke Dobler", "postcode": "8132", "city": "Egg", "lat": 47.3000196, "lon": 8.6901599 }, "geometry": { "type": "Point", "coordinates": [ 2694650.981094747316092, 1239547.298568699974567 ] } },
{ "type": "Feature", "properties": { "osm_id": 11153138778, "name": "Dropa Apotheke Bern", "postcode": "3011", "city": "Bern", "lat": 46.9489753, "lon": 7.441516 }, "geometry": { "type": "Point", "coordinates": [ 2600219.521616851910949, 1199765.713327620411292 ] } },
{ "type": "Feature", "properties": { "osm_id": 11219794317, "name": "Zuger Kantonspital Apotheke", "postcode": "", "city": "", "lat": 47.1941601, "lon": 8.5180428 }, "geometry": { "type": "Point", "coordinates": [ 2681796.875668989960104, 1227585.82297750050202 ] } },
{ "type": "Feature", "properties": { "osm_id": 11224525637, "name": "Pharmacie", "postcode": "", "city": "", "lat": 46.3940934, "lon": 6.2489102 }, "geometry": { "type": "Point", "coordinates": [ 2508494.429816044867039, 1138776.524550984147936 ] } },
{ "type": "Feature", "properties": { "osm_id": 11281382187, "name": "Farmacia San Giorgio", "postcode": "6834", "city": "Morbio Inferiore", "lat": 45.8504632, "lon": 9.0204312 }, "geometry": { "type": "Point", "coordinates": [ 2722874.665123140905052, 1078885.88810736592859 ] } },
{ "type": "Feature", "properties": { "osm_id": 11281792359, "name": "Farmacia Alchemilla", "postcode": "6850", "city": "Mendrisio", "lat": 45.8648228, "lon": 8.982075 }, "geometry": { "type": "Point", "coordinates": [ 2719864.095153741538525, 1080422.568134002853185 ] } },
{ "type": "Feature", "properties": { "osm_id": 11281841427, "name": "Farmacia Contrada dei Patrizi", "postcode": "", "city": "", "lat": 45.8772569, "lon": 8.9843118 }, "geometry": { "type": "Point", "coordinates": [ 2720010.548522530589253, 1081808.006653458578512 ] } },
{ "type": "Feature", "properties": { "osm_id": 11288459154, "name": "Pharmacie BENU", "postcode": "", "city": "", "lat": 46.5279924, "lon": 6.8953972 }, "geometry": { "type": "Point", "coordinates": [ 2558319.565527404658496, 1153110.943355646217242 ] } },
{ "type": "Feature", "properties": { "osm_id": 11323267713, "name": "Farmacia Fuoriporta", "postcode": "6850", "city": "Mendrisio", "lat": 45.8714765, "lon": 8.9826471 }, "geometry": { "type": "Point", "coordinates": [ 2719893.960370491724461, 1081162.984666290925816 ] } },
{ "type": "Feature", "properties": { "osm_id": 11341423912, "name": "Pharmacie du Bourg", "postcode": "", "city": "", "lat": 46.3961118, "lon": 6.9240799 }, "geometry": { "type": "Point", "coordinates": [ 2560423.82572827860713, 1138435.844056227710098 ] } },
{ "type": "Feature", "properties": { "osm_id": 11351089417, "name": "Pharmacie du Valentin", "postcode": "", "city": "", "lat": 46.7768476, "lon": 6.6416005 }, "geometry": { "type": "Point", "coordinates": [ 2539129.075326837133616, 1180940.550853219348937 ] } },
{ "type": "Feature", "properties": { "osm_id": 11381924676, "name": "PharmaSilo", "postcode": "", "city": "", "lat": 46.533908, "lon": 6.5851836 }, "geometry": { "type": "Point", "coordinates": [ 2534526.285812591202557, 1153980.803657701937482 ] } },
{ "type": "Feature", "properties": { "osm_id": 11395003444, "name": "Pharmacie de Bernex", "postcode": "1233", "city": "Bernex", "lat": 46.1760944, "lon": 6.0740874 }, "geometry": { "type": "Point", "coordinates": [ 2494627.554950885009021, 1114765.494534728582948 ] } },
{ "type": "Feature", "properties": { "osm_id": 11395003445, "name": "Pharmacie de Saule", "postcode": "1233", "city": "Bernex", "lat": 46.176671, "lon": 6.0740658 }, "geometry": { "type": "Point", "coordinates": [ 2494627.00351196853444, 1114829.611948034726083 ] } },
{ "type": "Feature", "properties": { "osm_id": 11422726924, "name": "Farmacia Stella d'Oro", "postcode": "6598", "city": "Tenero", "lat": 46.1799205, "lon": 8.8489716 }, "geometry": { "type": "Point", "coordinates": [ 2708898.612846814561635, 1115250.77129242522642 ] } },
{ "type": "Feature", "properties": { "osm_id": 11457410254, "name": "Farmacia Montalbano", "postcode": "", "city": "", "lat": 45.8578554, "lon": 8.9423742 }, "geometry": { "type": "Point", "coordinates": [ 2716796.12243582168594, 1079588.26412203698419 ] } },
{ "type": "Feature", "properties": { "osm_id": 11462418235, "name": "Pharmacie de Belfaux", "postcode": "", "city": "", "lat": 46.8227335, "lon": 7.1087287 }, "geometry": { "type": "Point", "coordinates": [ 2574825.619811287149787, 1185784.733219439629465 ] } },
{ "type": "Feature", "properties": { "osm_id": 11491883301, "name": "SiRu", "postcode": "9053", "city": "Teufen AR", "lat": 47.3906033, "lon": 9.3883201 }, "geometry": { "type": "Point", "coordinates": [ 2747192.270256800111383, 1250692.603177233831957 ] } },
{ "type": "Feature", "properties": { "osm_id": 11503421946, "name": "pharmacieplus des 3 chevrons", "postcode": "2088", "city": "Cressier NE", "lat": 47.0507259, "lon": 7.0370607 }, "geometry": { "type": "Point", "coordinates": [ 2569486.966559938620776, 1211156.018489166162908 ] } },
{ "type": "Feature", "properties": { "osm_id": 11524582040, "name": "Pharmacie de la Vallombreuse", "postcode": "", "city": "", "lat": 46.5379559, "lon": 6.6105318 }, "geometry": { "type": "Point", "coordinates": [ 2536475.581818823702633, 1154409.888293430674821 ] } },
{ "type": "Feature", "properties": { "osm_id": 11528060633, "name": "Farmaempatia | La Farmacia del Quartiere Maghetti", "postcode": "", "city": "", "lat": 46.0051475, "lon": 8.9537333 }, "geometry": { "type": "Point", "coordinates": [ 2717362.045563421677798, 1095976.369208081858233 ] } },
{ "type": "Feature", "properties": { "osm_id": 11528060644, "name": "Farmacia Chimica Internazionale", "postcode": "6900", "city": "Lugano", "lat": 46.0076156, "lon": 8.9585636 }, "geometry": { "type": "Point", "coordinates": [ 2717730.848701061680913, 1096257.927367133321241 ] } },
{ "type": "Feature", "properties": { "osm_id": 11542521460, "name": "Pharmacie de Cully", "postcode": "1096", "city": "Cully", "lat": 46.4888721, "lon": 6.7266631 }, "geometry": { "type": "Point", "coordinates": [ 2545334.169068617746234, 1148866.088087514042854 ] } },
{ "type": "Feature", "properties": { "osm_id": 11599168458, "name": "Pharmacie des Alpes", "postcode": "1201", "city": "", "lat": 46.2095338, "lon": 6.1456915 }, "geometry": { "type": "Point", "coordinates": [ 2500217.713580143172294, 1118388.516480312915519 ] } },
{ "type": "Feature", "properties": { "osm_id": 11639139548, "name": "Apotheke Zur Rose", "postcode": "", "city": "", "lat": 47.0171055, "lon": 7.4919514 }, "geometry": { "type": "Point", "coordinates": [ 2604054.057150667067617, 1207341.170869689667597 ] } },
{ "type": "Feature", "properties": { "osm_id": 11639139552, "name": "Moossee Naturgesund", "postcode": "", "city": "", "lat": 47.0169348, "lon": 7.4925239 }, "geometry": { "type": "Point", "coordinates": [ 2604097.598480612970889, 1207322.223027583444491 ] } },
{ "type": "Feature", "properties": { "osm_id": 11645698097, "name": "Pharmacie Populaire Carouge", "postcode": "1227", "city": "Carouge GE", "lat": 46.185642, "lon": 6.1437344 }, "geometry": { "type": "Point", "coordinates": [ 2500022.793122391682118, 1115735.430132161360234 ] } },
{ "type": "Feature", "properties": { "osm_id": 11645766634, "name": "Pharmacie Populaire Grandes-Communes", "postcode": "1213", "city": "Onex", "lat": 46.1914568, "lon": 6.1019487 }, "geometry": { "type": "Point", "coordinates": [ 2496807.952525655273348, 1116435.92565583367832 ] } },
{ "type": "Feature", "properties": { "osm_id": 11645769411, "name": "Pharmacie Populaire", "postcode": "1204", "city": "Genève", "lat": 46.2039645, "lon": 6.1438889 }, "geometry": { "type": "Point", "coordinates": [ 2500068.381261867936701, 1117771.784829906420782 ] } },
{ "type": "Feature", "properties": { "osm_id": 11645810470, "name": "Unbekannt", "postcode": "1219", "city": "Châtelaine", "lat": 46.2189919, "lon": 6.1027708 }, "geometry": { "type": "Point", "coordinates": [ 2496923.601996931713074, 1119495.34965065587312 ] } },
{ "type": "Feature", "properties": { "osm_id": 11698749883, "name": "Pharmacie Saint-Germain", "postcode": "1030", "city": "Bussigny", "lat": 46.5503163, "lon": 6.5500352 }, "geometry": { "type": "Point", "coordinates": [ 2531850.651043032761663, 1155834.713507389649749 ] } },
{ "type": "Feature", "properties": { "osm_id": 11745251046, "name": "Benu", "postcode": "", "city": "", "lat": 46.808617, "lon": 7.1732858 }, "geometry": { "type": "Point", "coordinates": [ 2579746.475000589620322, 1184196.673106323927641 ] } },
{ "type": "Feature", "properties": { "osm_id": 11764321113, "name": "Lindenapotheke", "postcode": "5036", "city": "Oberentfelden", "lat": 47.3542691, "lon": 8.0476597 }, "geometry": { "type": "Point", "coordinates": [ 2646014.687540580518544, 1245002.6390788895078 ] } },
{ "type": "Feature", "properties": { "osm_id": 11780342948, "name": "Pharmacie de Saillon", "postcode": "", "city": "", "lat": 46.1649566, "lon": 7.183465 }, "geometry": { "type": "Point", "coordinates": [ 2580289.684439208358526, 1112641.357518612872809 ] } },
{ "type": "Feature", "properties": { "osm_id": 11793816313, "name": "Pharmacie Principale", "postcode": "", "city": "", "lat": 46.2192684, "lon": 6.1127636 }, "geometry": { "type": "Point", "coordinates": [ 2497695.094418721739203, 1119512.984431155025959 ] } },
{ "type": "Feature", "properties": { "osm_id": 11795886791, "name": "Unbekannt", "postcode": "", "city": "", "lat": 47.4834148, "lon": 7.7355109 }, "geometry": { "type": "Point", "coordinates": [ 2622376.727448950987309, 1259225.451620842562988 ] } },
{ "type": "Feature", "properties": { "osm_id": 11882333376, "name": "PharmaciePlus du Marché", "postcode": "", "city": "Aubonne", "lat": 46.4952476, "lon": 6.3912291 }, "geometry": { "type": "Point", "coordinates": [ 2519590.222870191559196, 1149864.040889824973419 ] } },
{ "type": "Feature", "properties": { "osm_id": 11987064069, "name": "Pharmacie EAUXVIVES-Favon", "postcode": "", "city": "", "lat": 46.2021113, "lon": 6.1404251 }, "geometry": { "type": "Point", "coordinates": [ 2499797.65005396027118, 1117570.22547404258512 ] } },
{ "type": "Feature", "properties": { "osm_id": 11997996661, "name": "Pharmacie Meyrin-Vergers", "postcode": "1217", "city": "Meyrin", "lat": 46.2304499, "lon": 6.0686468 }, "geometry": { "type": "Point", "coordinates": [ 2494313.125219700392336, 1120814.355892240302637 ] } },
{ "type": "Feature", "properties": { "osm_id": 12047593069, "name": "St. Wendelins Apotheke", "postcode": "5073", "city": "Gipf-Oberfrick", "lat": 47.4984669, "lon": 8.0036578 }, "geometry": { "type": "Point", "coordinates": [ 2642574.902315987739712, 1261009.840144835878164 ] } },
{ "type": "Feature", "properties": { "osm_id": 12057157023, "name": "Sun Store", "postcode": "", "city": "", "lat": 46.8041962, "lon": 7.1541451 }, "geometry": { "type": "Point", "coordinates": [ 2578283.723783207125962, 1183710.364095840137452 ] } },
{ "type": "Feature", "properties": { "osm_id": 12077225223, "name": "Bahnhof Apotheke", "postcode": "4051", "city": "Basel", "lat": 47.547184, "lon": 7.5903187 }, "geometry": { "type": "Point", "coordinates": [ 2611419.845351495314389, 1266284.579276811564341 ] } },
{ "type": "Feature", "properties": { "osm_id": 12087686361, "name": "BENU", "postcode": "6512", "city": "Giubiasco", "lat": 46.1766812, "lon": 9.0146085 }, "geometry": { "type": "Point", "coordinates": [ 2721693.882909454870969, 1115134.174976450158283 ] } },
{ "type": "Feature", "properties": { "osm_id": 12088631888, "name": "Farmacia Martinoli", "postcode": "", "city": "", "lat": 46.5299701, "lon": 8.9369047 }, "geometry": { "type": "Point", "coordinates": [ 2714944.454856338910758, 1154282.838519003940746 ] } },
{ "type": "Feature", "properties": { "osm_id": 12106890746, "name": "Rex Apotheke", "postcode": "", "city": "", "lat": 47.4509987, "lon": 8.5810015 }, "geometry": { "type": "Point", "coordinates": [ 2686151.790633373893797, 1256205.769650828558952 ] } },
{ "type": "Feature", "properties": { "osm_id": 12162310668, "name": "Farmacia Ticinese", "postcode": "", "city": "", "lat": 46.0084576, "lon": 8.9631053 }, "geometry": { "type": "Point", "coordinates": [ 2718080.77963119931519, 1096358.33881243201904 ] } },
{ "type": "Feature", "properties": { "osm_id": 12178283111, "name": "Apotheke Gelterkinden", "postcode": "", "city": "", "lat": 47.4655201, "lon": 7.8516024 }, "geometry": { "type": "Point", "coordinates": [ 2631137.038365583401173, 1257275.351477647200227 ] } },
{ "type": "Feature", "properties": { "osm_id": 12192792581, "name": "Amavita Perraudetaz", "postcode": "", "city": "", "lat": 46.5133765, "lon": 6.6545155 }, "geometry": { "type": "Point", "coordinates": [ 2539822.109329717699438, 1151642.912726217880845 ] } },
{ "type": "Feature", "properties": { "osm_id": 12193218418, "name": "Farmacia Verbano", "postcode": "", "city": "", "lat": 46.1772543, "lon": 8.814511 }, "geometry": { "type": "Point", "coordinates": [ 2706243.20796311693266, 1114907.176939365454018 ] } },
{ "type": "Feature", "properties": { "osm_id": 12206587279, "name": "Sun Store", "postcode": "", "city": "", "lat": 46.2825577, "lon": 7.5117749 }, "geometry": { "type": "Point", "coordinates": [ 2605636.479094733484089, 1125684.797381951240823 ] } },
{ "type": "Feature", "properties": { "osm_id": 12229083260, "name": "snortec", "postcode": "", "city": "", "lat": 46.2115171, "lon": 6.1386022 }, "geometry": { "type": "Point", "coordinates": [ 2499674.313692612107843, 1118618.014545896556228 ] } },
{ "type": "Feature", "properties": { "osm_id": 12246339068, "name": "Farmacia Moesa", "postcode": "", "city": "", "lat": 46.232602, "lon": 9.040243 }, "geometry": { "type": "Point", "coordinates": [ 2723546.161491059232503, 1121389.422881526406854 ] } },
{ "type": "Feature", "properties": { "osm_id": 12265790296, "name": "Pharmacie du Levant", "postcode": "", "city": "", "lat": 46.6190593, "lon": 7.0555702 }, "geometry": { "type": "Point", "coordinates": [ 2570658.346866010222584, 1163161.601871331920847 ] } },
{ "type": "Feature", "properties": { "osm_id": 12265790297, "name": "Benu", "postcode": "", "city": "", "lat": 46.6194371, "lon": 7.0541097 }, "geometry": { "type": "Point", "coordinates": [ 2570546.685136140324175, 1163204.148906607180834 ] } },
{ "type": "Feature", "properties": { "osm_id": 12278199584, "name": "Lindenapotheke Bachgraben", "postcode": "4123", "city": "Allschwil", "lat": 47.5621421, "lon": 7.5548486 }, "geometry": { "type": "Point", "coordinates": [ 2608747.191404204349965, 1267943.218742959899828 ] } },
{ "type": "Feature", "properties": { "osm_id": 12293383145, "name": "Apotheke zum Schwefelbad", "postcode": "", "city": "", "lat": 47.0480659, "lon": 9.4404363 }, "geometry": { "type": "Point", "coordinates": [ 2752097.627995350863785, 1212721.651519706007093 ] } },
{ "type": "Feature", "properties": { "osm_id": 12300367195, "name": "TopPharm Fortuna Apotheke Chur", "postcode": "", "city": "", "lat": 46.8579443, "lon": 9.5269156 }, "geometry": { "type": "Point", "coordinates": [ 2759229.407438604626805, 1191764.459195706062019 ] } },
{ "type": "Feature", "properties": { "osm_id": 12323356141, "name": "medbase", "postcode": "", "city": "", "lat": 46.5394034, "lon": 6.6181456 }, "geometry": { "type": "Point", "coordinates": [ 2537061.303153368644416, 1154564.64399314019829 ] } },
{ "type": "Feature", "properties": { "osm_id": 12343307592, "name": "Genoase", "postcode": "2502", "city": "Bienne", "lat": 47.1365095, "lon": 7.2462582 }, "geometry": { "type": "Point", "coordinates": [ 2585406.170893150847405, 1220632.482758647296578 ] } },
{ "type": "Feature", "properties": { "osm_id": 12351617790, "name": "Unbekannt", "postcode": "", "city": "", "lat": 46.2067561, "lon": 6.1420885 }, "geometry": { "type": "Point", "coordinates": [ 2499934.57160715945065, 1118084.369908053893596 ] } },
{ "type": "Feature", "properties": { "osm_id": 12371677766, "name": "Feld-Apotheke", "postcode": "5034", "city": "Suhr", "lat": 47.3856628, "lon": 8.0679722 }, "geometry": { "type": "Point", "coordinates": [ 2647521.360696273855865, 1248505.039094125386328 ] } },
{ "type": "Feature", "properties": { "osm_id": 12404787285, "name": "Rhein Apotheke", "postcode": "", "city": "", "lat": 47.5462093, "lon": 7.9518264 }, "geometry": { "type": "Point", "coordinates": [ 2638634.8278319966048, 1266291.272081228205934 ] } },
{ "type": "Feature", "properties": { "osm_id": 12529408159, "name": "Schlossapotheke", "postcode": "", "city": "", "lat": 46.7588747, "lon": 7.6298843 }, "geometry": { "type": "Point", "coordinates": [ 2614611.086638286244124, 1178650.049129266291857 ] } },
{ "type": "Feature", "properties": { "osm_id": 12546426233, "name": "Pharmacie de Meyrin", "postcode": "1217", "city": "Meyrin", "lat": 46.2324519, "lon": 6.0824616 }, "geometry": { "type": "Point", "coordinates": [ 2495382.595599033869803, 1121018.333815484773368 ] } },
{ "type": "Feature", "properties": { "osm_id": 12546601315, "name": "Post Apotheke", "postcode": "8405", "city": "Winterthur", "lat": 47.4854996, "lon": 8.764709 }, "geometry": { "type": "Point", "coordinates": [ 2699939.936979769729078, 1260259.142952158115804 ] } },
{ "type": "Feature", "properties": { "osm_id": 12629869248, "name": "Unbekannt", "postcode": "", "city": "", "lat": 47.4548136, "lon": 8.2771769 }, "geometry": { "type": "Point", "coordinates": [ 2663235.523722528479993, 1256340.723177801119164 ] } },
{ "type": "Feature", "properties": { "osm_id": 12645581326, "name": "eulenapotheke", "postcode": "8404", "city": "Winterthur", "lat": 47.5026302, "lon": 8.7678264 }, "geometry": { "type": "Point", "coordinates": [ 2700142.590067197568715, 1262167.535105190705508 ] } },
{ "type": "Feature", "properties": { "osm_id": 12691499721, "name": "Sun Store", "postcode": "1212", "city": "Grand-Lancy", "lat": 46.1866449, "lon": 6.1258547 }, "geometry": { "type": "Point", "coordinates": [ 2498644.339330919552594, 1115869.876913791289553 ] } },
{ "type": "Feature", "properties": { "osm_id": 12745914060, "name": "Amavita", "postcode": "", "city": "", "lat": 47.1967623, "lon": 7.5842959 }, "geometry": { "type": "Point", "coordinates": [ 2611038.356241512577981, 1227323.169478460447863 ] } },
{ "type": "Feature", "properties": { "osm_id": 12749871542, "name": "pharmacieplus de chardonne", "postcode": "1803", "city": "Chardonne", "lat": 46.4767535, "lon": 6.8298443 }, "geometry": { "type": "Point", "coordinates": [ 2553245.80042527988553, 1147452.135247851256281 ] } },
{ "type": "Feature", "properties": { "osm_id": 12754836538, "name": "Bahnhofapotheke", "postcode": "", "city": "", "lat": 46.8730379, "lon": 7.5600456 }, "geometry": { "type": "Point", "coordinates": [ 2609256.024509564042091, 1191330.80536457314156 ] } },
{ "type": "Feature", "properties": { "osm_id": 12762685789, "name": "Lindenapotheke", "postcode": "5035", "city": "Unterentfelden", "lat": 47.3602406, "lon": 8.0522046 }, "geometry": { "type": "Point", "coordinates": [ 2646352.876010944601148, 1245669.212033842457458 ] } },
{ "type": "Feature", "properties": { "osm_id": 12811154230, "name": "Ruopigen Rotpunkt Apotheke", "postcode": "", "city": "", "lat": 47.0614137, "lon": 8.2741169 }, "geometry": { "type": "Point", "coordinates": [ 2663470.316205351147801, 1212603.107933176448569 ] } },
{ "type": "Feature", "properties": { "osm_id": 12883379716, "name": "Farmacia San Provino", "postcode": "", "city": "", "lat": 45.9966104, "lon": 8.8994153 }, "geometry": { "type": "Point", "coordinates": [ 2713172.619655903428793, 1094947.679701236309484 ] } },
{ "type": "Feature", "properties": { "osm_id": 13042781772, "name": "DROPA Langnau", "postcode": "3550", "city": "Langnau i. E.", "lat": 46.9396839, "lon": 7.7878848 }, "geometry": { "type": "Point", "coordinates": [ 2626592.720938719809055, 1198791.688605893170461 ] } },
{ "type": "Feature", "properties": { "osm_id": 13043099001, "name": "BENU Pharmacie", "postcode": "", "city": "", "lat": 46.6182837, "lon": 7.0576903 }, "geometry": { "type": "Point", "coordinates": [ 2570820.3177454858087, 1163074.589238791493699 ] } },
{ "type": "Feature", "properties": { "osm_id": 13045900699, "name": "Sun Store", "postcode": "1222", "city": "Vésenaz", "lat": 46.2403265, "lon": 6.1986564 }, "geometry": { "type": "Point", "coordinates": [ 2504359.047727930825204, 1121745.09091463801451 ] } },
{ "type": "Feature", "properties": { "osm_id": 13045900700, "name": "Pharmacie Bleue", "postcode": "1222", "city": "Vésenaz", "lat": 46.2400162, "lon": 6.1988104 }, "geometry": { "type": "Point", "coordinates": [ 2504370.378934091888368, 1121710.412648377008736 ] } },
{ "type": "Feature", "properties": { "osm_id": 13065172301, "name": "Farmacia San Cosimo SA", "postcode": "", "city": "", "lat": 46.144027, "lon": 8.8436121 }, "geometry": { "type": "Point", "coordinates": [ 2708556.277700744569302, 1111253.861786422785372 ] } },
{ "type": "Feature", "properties": { "osm_id": 13070499027, "name": "Amavita", "postcode": "", "city": "Meyrin", "lat": 46.228656, "lon": 6.0808124 }, "geometry": { "type": "Point", "coordinates": [ 2495248.074565806891769, 1120598.628346929792315 ] } },
{ "type": "Feature", "properties": { "osm_id": 13077497242, "name": "Pharmacie Fasmeyer", "postcode": "", "city": "", "lat": 46.2325612, "lon": 7.359172 }, "geometry": { "type": "Point", "coordinates": [ 2593869.081058471463621, 1120127.535955925704911 ] } },
{ "type": "Feature", "properties": { "osm_id": 13083871443, "name": "Pharmacie de la Promenade", "postcode": "", "city": "", "lat": 46.8215772, "lon": 6.9410978 }, "geometry": { "type": "Point", "coordinates": [ 2562033.410298616159707, 1185723.845108460867777 ] } },
{ "type": "Feature", "properties": { "osm_id": 13107719177, "name": "Pharmacie de Chénens", "postcode": "1744", "city": "Chénens", "lat": 46.7474186, "lon": 6.9980277 }, "geometry": { "type": "Point", "coordinates": [ 2566331.2014653775841, 1177453.869977327995002 ] } },
{ "type": "Feature", "properties": { "osm_id": 13110234583, "name": "Sunstore", "postcode": "", "city": "", "lat": 46.8199972, "lon": 6.5025378 }, "geometry": { "type": "Point", "coordinates": [ 2528566.415837061591446, 1185854.581639216514304 ] } },
{ "type": "Feature", "properties": { "osm_id": 13110710301, "name": "Schifflände Apotheke", "postcode": "4051", "city": "Basel", "lat": 47.5595324, "lon": 7.5875775 }, "geometry": { "type": "Point", "coordinates": [ 2611210.894698361866176, 1267657.184911294607446 ] } },
{ "type": "Feature", "properties": { "osm_id": 13115730671, "name": "Unbekannt", "postcode": "", "city": "", "lat": 46.0682905, "lon": 8.9678916 }, "geometry": { "type": "Point", "coordinates": [ 2718321.808866086415946, 1103015.716871590120718 ] } },
{ "type": "Feature", "properties": { "osm_id": 13131324127, "name": "Pharmacie de l'École de Médecine", "postcode": "", "city": "", "lat": 46.1974447, "lon": 6.1388154 }, "geometry": { "type": "Point", "coordinates": [ 2499664.811194898560643, 1117053.592161876382306 ] } },
{ "type": "Feature", "properties": { "osm_id": 13148031422, "name": "Hardhof-Apotheke", "postcode": "", "city": "", "lat": 47.549371, "lon": 7.6070614 }, "geometry": { "type": "Point", "coordinates": [ 2612679.724922213703394, 1266530.305508427787572 ] } },
{ "type": "Feature", "properties": { "osm_id": 13163231745, "name": "Sun Store", "postcode": "", "city": "", "lat": 46.2101701, "lon": 6.1484525 }, "geometry": { "type": "Point", "coordinates": [ 2500431.936061032582074, 1118455.728641492314637 ] } },
{ "type": "Feature", "properties": { "osm_id": 13232326698, "name": "Pharmacie Sécheron", "postcode": "", "city": "", "lat": 46.2158006, "lon": 6.1470729 }, "geometry": { "type": "Point", "coordinates": [ 2500335.796360893640667, 1119083.314714086707681 ] } },
{ "type": "Feature", "properties": { "osm_id": 13245140858, "name": "Drogerie Apotheke Domat", "postcode": "7013", "city": "Domat/Ems", "lat": 46.836823, "lon": 9.4521884 }, "geometry": { "type": "Point", "coordinates": [ 2753593.071412842255086, 1189268.236494614509866 ] } },
{ "type": "Feature", "properties": { "osm_id": 13251438148, "name": "Farmacia Luganese S.A.", "postcode": "", "city": "", "lat": 46.0042384, "lon": 8.9504152 }, "geometry": { "type": "Point", "coordinates": [ 2717106.997586931567639, 1095870.367139748530462 ] } },
{ "type": "Feature", "properties": { "osm_id": 13265064647, "name": "Smartpharm", "postcode": "8600", "city": "Dübendorf", "lat": 47.3984796, "lon": 8.604491 }, "geometry": { "type": "Point", "coordinates": [ 2688009.865889776963741, 1250393.193970442982391 ] } },
{ "type": "Feature", "properties": { "osm_id": 13275987001, "name": "Luzern", "postcode": "", "city": "", "lat": 47.0425929, "lon": 8.3058981 }, "geometry": { "type": "Point", "coordinates": [ 2665907.69577218638733, 1210537.060678923968226 ] } },
{ "type": "Feature", "properties": { "osm_id": 13299171738, "name": "Dropa", "postcode": "3210", "city": "Kerzers", "lat": 46.9739802, "lon": 7.1935824 }, "geometry": { "type": "Point", "coordinates": [ 2581353.34562551509589, 1202574.897232397692278 ] } },
{ "type": "Feature", "properties": { "osm_id": 13314534647, "name": "Unbekannt", "postcode": "", "city": "", "lat": 47.3470575, "lon": 8.15918 }, "geometry": { "type": "Point", "coordinates": [ 2654447.57788784429431, 1244272.219118804205209 ] } },
{ "type": "Feature", "properties": { "osm_id": 13325667601, "name": "Pharmacie principale", "postcode": "1215", "city": "", "lat": 46.2299924, "lon": 6.1071367 }, "geometry": { "type": "Point", "coordinates": [ 2497281.22530771791935, 1120712.312687742058188 ] } },
{ "type": "Feature", "properties": { "osm_id": 13340084950, "name": "Unbekannt", "postcode": "", "city": "", "lat": 45.8485326, "lon": 8.9368389 }, "geometry": { "type": "Point", "coordinates": [ 2716386.03570358036086, 1078543.817122489679605 ] } },
{ "type": "Feature", "properties": { "osm_id": 13352611855, "name": "Farmacia Fiordaliso", "postcode": "", "city": "", "lat": 46.0173142, "lon": 8.9139481 }, "geometry": { "type": "Point", "coordinates": [ 2714255.128741850610822, 1097269.924283234169707 ] } },
{ "type": "Feature", "properties": { "osm_id": 13361390333, "name": "Pharmacie Thonex | Belle-Terre", "postcode": "", "city": "", "lat": 46.2040634, "lon": 6.2144375 }, "geometry": { "type": "Point", "coordinates": [ 2505513.159035398624837, 1117695.238278961973265 ] } },
{ "type": "Feature", "properties": { "osm_id": 13377850601, "name": "Benu Pharmacie", "postcode": "1003", "city": "", "lat": 46.5191867, "lon": 6.6389221 }, "geometry": { "type": "Point", "coordinates": [ 2538632.026162486057729, 1152300.874681991524994 ] } },
{ "type": "Feature", "properties": { "osm_id": 13417975495, "name": "Sun Store", "postcode": "", "city": "", "lat": 46.5176683, "lon": 6.6289706 }, "geometry": { "type": "Point", "coordinates": [ 2537866.659650889690965, 1152139.937064210185781 ] } },
{ "type": "Feature", "properties": { "osm_id": 13432224569, "name": "Apotheke & Drogerie, Riburg", "postcode": "", "city": "", "lat": 47.5671187, "lon": 7.8402602 }, "geometry": { "type": "Point", "coordinates": [ 2630224.156388105358928, 1268567.231919745448977 ] } },
{ "type": "Feature", "properties": { "osm_id": 13465007203, "name": "Marti", "postcode": "", "city": "", "lat": 47.0173402, "lon": 6.8529092 }, "geometry": { "type": "Point", "coordinates": [ 2555466.780023865401745, 1207532.821831688750535 ] } },
{ "type": "Feature", "properties": { "osm_id": 13524173358, "name": "Rhein-Apotheke", "postcode": "", "city": "", "lat": 47.5819496, "lon": 7.5937199 }, "geometry": { "type": "Point", "coordinates": [ 2611668.290013417135924, 1270150.623365660198033 ] } },
{ "type": "Feature", "properties": { "osm_id": 13524968741, "name": "Medbase", "postcode": "", "city": "", "lat": 46.9482088, "lon": 7.4449322 }, "geometry": { "type": "Point", "coordinates": [ 2600479.599202108103782, 1199680.513059447752312 ] } },
{ "type": "Feature", "properties": { "osm_id": 13539948760, "name": "Unbekannt", "postcode": "", "city": "", "lat": 46.2483196, "lon": 9.1471356 }, "geometry": { "type": "Point", "coordinates": [ 2731752.451710036490113, 1123310.221419261069968 ] } },
{ "type": "Feature", "properties": { "osm_id": 43310191, "name": "Central-Apotheke", "postcode": "5000", "city": "Aarau", "lat": 47.3915569, "lon": 8.0565312 }, "geometry": { "type": "Point", "coordinates": [ 2646652.324299141764641, 1249153.47859528218396 ] } },
{ "type": "Feature", "properties": { "osm_id": 44699341, "name": "TopPharm Homberg Apotheke", "postcode": "5712", "city": "Beinwil am See", "lat": 47.2669844, "lon": 8.2028765 }, "geometry": { "type": "Point", "coordinates": [ 2657836.003194827586412, 1235401.351417993661016 ] } },
{ "type": "Feature", "properties": { "osm_id": 45875190, "name": "Swidro Apotheke Drogerie", "postcode": "8880", "city": "Walenstadt", "lat": 47.1240133, "lon": 9.3144228 }, "geometry": { "type": "Point", "coordinates": [ 2742323.109968801960349, 1220925.964327186113223 ] } },
{ "type": "Feature", "properties": { "osm_id": 48577762, "name": "Oberland-Apotheke", "postcode": "1716", "city": "Plaffeien", "lat": 46.7401136, "lon": 7.2880416 }, "geometry": { "type": "Point", "coordinates": [ 2588490.802857622504234, 1176557.971677659312263 ] } },
{ "type": "Feature", "properties": { "osm_id": 53630133, "name": "Weissensteinapotheke", "postcode": "", "city": "", "lat": 47.2194256, "lon": 7.5143943 }, "geometry": { "type": "Point", "coordinates": [ 2605738.981504726223648, 1229835.387655395781621 ] } },
{ "type": "Feature", "properties": { "osm_id": 64387385, "name": "Apotheke Zollikon", "postcode": "8702", "city": "Zollikon", "lat": 47.3409868, "lon": 8.5775823 }, "geometry": { "type": "Point", "coordinates": [ 2686071.48055521119386, 1243971.874914448009804 ] } },
{ "type": "Feature", "properties": { "osm_id": 97462471, "name": "Central Apotheke", "postcode": "3186", "city": "Düdingen", "lat": 46.848023, "lon": 7.1905486 }, "geometry": { "type": "Point", "coordinates": [ 2581078.017171425744891, 1188573.031472966074944 ] } },
{ "type": "Feature", "properties": { "osm_id": 113984123, "name": "Langenstein Apotheke", "postcode": "5430", "city": "Wettingen", "lat": 47.4699536, "lon": 8.3169409 }, "geometry": { "type": "Point", "coordinates": [ 2666215.177875660825521, 1258056.756600781111047 ] } },
{ "type": "Feature", "properties": { "osm_id": 150540552, "name": "Dorfplatz Apotheke", "postcode": "3110", "city": "Münsingen", "lat": 46.875315, "lon": 7.563071 }, "geometry": { "type": "Point", "coordinates": [ 2609486.271840542089194, 1191584.307618019171059 ] } },
{ "type": "Feature", "properties": { "osm_id": 150968425, "name": "TopPharm", "postcode": "4153", "city": "Reinach BL", "lat": 47.4929948, "lon": 7.5896764 }, "geometry": { "type": "Point", "coordinates": [ 2611383.026974323671311, 1260259.347190571483225 ] } },
{ "type": "Feature", "properties": { "osm_id": 158546637, "name": "Seetal Apotheke", "postcode": "5703", "city": "Seon", "lat": 47.3480801, "lon": 8.1591589 }, "geometry": { "type": "Point", "coordinates": [ 2654444.940082879271358, 1244385.893530418397859 ] } },
{ "type": "Feature", "properties": { "osm_id": 160034854, "name": "Linden Apotheke", "postcode": "5102", "city": "Rupperswil", "lat": 47.4021915, "lon": 8.1289195 }, "geometry": { "type": "Point", "coordinates": [ 2652107.155684921890497, 1250381.347493467386812 ] } },
{ "type": "Feature", "properties": { "osm_id": 170349655, "name": "DROPA Drogerie Günther", "postcode": "3800", "city": "Unterseen", "lat": 46.6848958, "lon": 7.8493066 }, "geometry": { "type": "Point", "coordinates": [ 2631417.473033330403268, 1170490.283329665428028 ] } },
{ "type": "Feature", "properties": { "osm_id": 171452059, "name": "Coop Vitality", "postcode": "5507", "city": "Mellingen", "lat": 47.4185133, "lon": 8.2696999 }, "geometry": { "type": "Point", "coordinates": [ 2662714.434725607745349, 1252298.932108948007226 ] } },
{ "type": "Feature", "properties": { "osm_id": 195084822, "name": "Haus A", "postcode": "", "city": "", "lat": 47.3990202, "lon": 9.3574763 }, "geometry": { "type": "Point", "coordinates": [ 2744841.294447884894907, 1251570.722987791523337 ] } },
{ "type": "Feature", "properties": { "osm_id": 196527456, "name": "Schwanen Apotheke", "postcode": "8862", "city": "Schübelbach", "lat": 47.1752219, "lon": 8.9425814 }, "geometry": { "type": "Point", "coordinates": [ 2714004.932866038754582, 1226010.330441782483831 ] } },
{ "type": "Feature", "properties": { "osm_id": 208232627, "name": "Amavita", "postcode": "1712", "city": "Tafers", "lat": 46.8146382, "lon": 7.2164073 }, "geometry": { "type": "Point", "coordinates": [ 2583039.741491076536477, 1184855.763339533703402 ] } },
{ "type": "Feature", "properties": { "osm_id": 231518056, "name": "Sternapotheke", "postcode": "5600", "city": "Lenzburg", "lat": 47.3878531, "lon": 8.1789613 }, "geometry": { "type": "Point", "coordinates": [ 2655899.503375249914825, 1248821.653485782444477 ] } },
{ "type": "Feature", "properties": { "osm_id": 235119430, "name": "Frey AG", "postcode": "9410", "city": "Heiden", "lat": 47.4444553, "lon": 9.5341528 }, "geometry": { "type": "Point", "coordinates": [ 2758039.471111355815083, 1256961.802329986123368 ] } },
{ "type": "Feature", "properties": { "osm_id": 240765981, "name": "Löwen Drogerie", "postcode": "9050", "city": "Appenzell", "lat": 47.330884, "lon": 9.4089562 }, "geometry": { "type": "Point", "coordinates": [ 2748916.619949747342616, 1244093.925634384155273 ] } },
{ "type": "Feature", "properties": { "osm_id": 240787991, "name": "Rot Tor Apotheke", "postcode": "9050", "city": "Appenzell", "lat": 47.3313161, "lon": 9.4089986 }, "geometry": { "type": "Point", "coordinates": [ 2748918.617308927699924, 1244142.032181886024773 ] } },
{ "type": "Feature", "properties": { "osm_id": 244212811, "name": "Geno-Apotheke", "postcode": "2543", "city": "Lengnau BE", "lat": 47.1821989, "lon": 7.3667483 }, "geometry": { "type": "Point", "coordinates": [ 2594551.622285638935864, 1225696.508614765480161 ] } },
{ "type": "Feature", "properties": { "osm_id": 245897689, "name": "Apotheke Altorfer", "postcode": "8630", "city": "Rüti (ZH)", "lat": 47.2600182, "lon": 8.8547456 }, "geometry": { "type": "Point", "coordinates": [ 2707177.265775945037603, 1235312.305138297379017 ] } },
{ "type": "Feature", "properties": { "osm_id": 251638359, "name": "Tösstal-Apotheke", "postcode": "8494", "city": "Bauma", "lat": 47.3670968, "lon": 8.8793257 }, "geometry": { "type": "Point", "coordinates": [ 2708818.77806835109368, 1247249.179243428865448 ] } },
{ "type": "Feature", "properties": { "osm_id": 257517553, "name": "swidro drogerie bisang", "postcode": "8353", "city": "Elgg", "lat": 47.4905779, "lon": 8.8663108 }, "geometry": { "type": "Point", "coordinates": [ 2707586.031241472344846, 1260958.064139346359298 ] } },
{ "type": "Feature", "properties": { "osm_id": 257639066, "name": "Pharmacie de Cortot", "postcode": "1260", "city": "Nyon", "lat": 46.3847239, "lon": 6.2319654 }, "geometry": { "type": "Point", "coordinates": [ 2507175.219223294872791, 1137755.020497974008322 ] } },
{ "type": "Feature", "properties": { "osm_id": 258779260, "name": "BENU Pharamacie", "postcode": "", "city": "", "lat": 46.2809816, "lon": 7.4480362 }, "geometry": { "type": "Point", "coordinates": [ 2600723.908911684062332, 1125507.062438543885946 ] } },
{ "type": "Feature", "properties": { "osm_id": 262890965, "name": "Coop Vitality", "postcode": "4055", "city": "Basel", "lat": 47.56088, "lon": 7.5752928 }, "geometry": { "type": "Point", "coordinates": [ 2610286.051605683285743, 1267805.349999623373151 ] } },
{ "type": "Feature", "properties": { "osm_id": 266683533, "name": "TopPharm", "postcode": "5742", "city": "Kölliken", "lat": 47.3356354, "lon": 8.0245711 }, "geometry": { "type": "Point", "coordinates": [ 2644285.753550759982318, 1242917.70987156406045 ] } },
{ "type": "Feature", "properties": { "osm_id": 309692459, "name": "Farmacia della montagna", "postcode": "6864", "city": "Arzo", "lat": 45.8740378, "lon": 8.9464251 }, "geometry": { "type": "Point", "coordinates": [ 2717076.144066700711846, 1081392.954354661516845 ] } },
{ "type": "Feature", "properties": { "osm_id": 316500275, "name": "Wiesen Apotheke", "postcode": "4125", "city": "Riehen", "lat": 47.5758234, "lon": 7.6355291 }, "geometry": { "type": "Point", "coordinates": [ 2614815.347503595985472, 1269476.477953637484461 ] } },
{ "type": "Feature", "properties": { "osm_id": 332920232, "name": "Unbekannt", "postcode": "", "city": "", "lat": 46.2149788, "lon": 7.5856927 }, "geometry": { "type": "Point", "coordinates": [ 2611347.608091924805194, 1118180.307483841432258 ] } },
{ "type": "Feature", "properties": { "osm_id": 332925456, "name": "Pharmacie Anniviers", "postcode": "", "city": "", "lat": 46.2148571, "lon": 7.5861604 }, "geometry": { "type": "Point", "coordinates": [ 2611383.725603039842099, 1118166.84603806049563 ] } },
{ "type": "Feature", "properties": { "osm_id": 379342428, "name": "Benu", "postcode": "6003", "city": "Luzern", "lat": 47.0506201, "lon": 8.3093679 }, "geometry": { "type": "Point", "coordinates": [ 2666161.471510169561952, 1211432.331163441995159 ] } },
{ "type": "Feature", "properties": { "osm_id": 379582578, "name": "Amavita", "postcode": "", "city": "", "lat": 46.9481674, "lon": 7.4399407 }, "geometry": { "type": "Point", "coordinates": [ 2600099.596066869329661, 1199675.896763875382021 ] } },
{ "type": "Feature", "properties": { "osm_id": 379738585, "name": "Zug Apotheke", "postcode": "", "city": "", "lat": 47.1734334, "lon": 8.5150089 }, "geometry": { "type": "Point", "coordinates": [ 2681598.590242515783757, 1225278.565685345092788 ] } },
{ "type": "Feature", "properties": { "osm_id": 379904542, "name": "Bahnhof", "postcode": "3011", "city": "Bern", "lat": 46.9490511, "lon": 7.4396413 }, "geometry": { "type": "Point", "coordinates": [ 2600076.802638890221715, 1199774.138255816185847 ] } },
{ "type": "Feature", "properties": { "osm_id": 380090575, "name": "Bahnhof Apotheke Winterthur", "postcode": "8400", "city": "Winterthur", "lat": 47.4993794, "lon": 8.7234547 }, "geometry": { "type": "Point", "coordinates": [ 2696805.834109049290419, 1261750.449622530257329 ] } },
{ "type": "Feature", "properties": { "osm_id": 382674786, "name": "Bahnhof Apotheke Aarau", "postcode": "5000", "city": "Aarau", "lat": 47.3914418, "lon": 8.050864 }, "geometry": { "type": "Point", "coordinates": [ 2646224.555755220353603, 1249137.330359683604911 ] } },
{ "type": "Feature", "properties": { "osm_id": 382674799, "name": "Bahnhof Apotheke Aarau", "postcode": "5000", "city": "Aarau", "lat": 47.3914911, "lon": 8.0510483 }, "geometry": { "type": "Point", "coordinates": [ 2646238.427518642507493, 1249142.920001868857071 ] } },
{ "type": "Feature", "properties": { "osm_id": 386705108, "name": "TopPharm Egg Apotheke Vitalis", "postcode": "5630", "city": "Muri (AG)", "lat": 47.2763099, "lon": 8.3448789 }, "geometry": { "type": "Point", "coordinates": [ 2668569.885851270053536, 1236552.431093754246831 ] } },
{ "type": "Feature", "properties": { "osm_id": 387208620, "name": "Ma Pharmacie de Chalais SA", "postcode": "3966", "city": "Chalais", "lat": 46.2653653, "lon": 7.5083955 }, "geometry": { "type": "Point", "coordinates": [ 2605377.693465845659375, 1123773.365475389407948 ] } },
{ "type": "Feature", "properties": { "osm_id": 483524514, "name": "Sun Store", "postcode": "", "city": "", "lat": 46.382781, "lon": 6.2345584 }, "geometry": { "type": "Point", "coordinates": [ 2507371.352921676356345, 1137535.994376270333305 ] } },
{ "type": "Feature", "properties": { "osm_id": 575990107, "name": "Dropa", "postcode": "", "city": "", "lat": 46.7442409, "lon": 7.6140211 }, "geometry": { "type": "Point", "coordinates": [ 2613402.784597583580762, 1177020.430576113518327 ] } },
{ "type": "Feature", "properties": { "osm_id": 780266084, "name": "Sun Store", "postcode": "1032", "city": "Romanel-sur-Lausanne", "lat": 46.5592774, "lon": 6.6117168 }, "geometry": { "type": "Point", "coordinates": [ 2536591.507179719395936, 1156779.013453372986987 ] } },
{ "type": "Feature", "properties": { "osm_id": 896457649, "name": "Sun Store", "postcode": "", "city": "", "lat": 46.5389404, "lon": 6.5803415 }, "geometry": { "type": "Point", "coordinates": [ 2534160.965171606745571, 1154544.25912541965954 ] } },
{ "type": "Feature", "properties": { "osm_id": 966657436, "name": "Pharmacie La Fée du Lac", "postcode": "1897", "city": "Bouveret", "lat": 46.3815911, "lon": 6.8636603 }, "geometry": { "type": "Point", "coordinates": [ 2555765.036015654914081, 1136854.037953862454742 ] } },
{ "type": "Feature", "properties": { "osm_id": 1351546628, "name": "Amavita", "postcode": "", "city": "", "lat": 46.2097321, "lon": 6.1427723 }, "geometry": { "type": "Point", "coordinates": [ 2499992.812893509864807, 1118414.279812048655003 ] } },
{ "type": "Feature", "properties": { "osm_id": 1366724759, "name": "Sun Store", "postcode": "", "city": "", "lat": 46.5099708, "lon": 6.4945666 }, "geometry": { "type": "Point", "coordinates": [ 2527542.763832721393555, 1151399.781598021276295 ] } }
]
}
